"dish_code","dish_name","version","as_of_date","source_recipe_version","source_recipe_blob_sha","control_id","stage","control_class","hazard","control_parameter","critical_limit","monitoring","corrective_action","evidence_ids","status","blocker","owner"
"VKM-001","Маргарита","0.2.0-REMEDIATION","2026-08-03","0.1.0-DRAFT","c6b22ad5f2812cc989a0d3593f40e21207da8f53","CCP-VKM-001-01","RECEIVING","OPRP_CANDIDATE","unacceptable/undocumented raw material; temperature abuse; lot mismatch","documents, lot, integrity, manufacturer storage/transport conditions and receipt measurement where applicable","null","receiving record and document match; calibrated measurement method to be approved","quarantine/reject; document deviation; prevent use until disposition","EVD-FS-001;EVD-FS-003;EVD-FS-007","BLOCKED_PENDING_VALIDATION","SBL-VKM-001-01","Procurement; Food Safety/PPK owner"
"VKM-001","Маргарита","0.2.0-REMEDIATION","2026-08-03","0.1.0-DRAFT","c6b22ad5f2812cc989a0d3593f40e21207da8f53","CCP-VKM-001-02","PREPARATION_AND_CROSS_CONTACT","PRP_OR_OPRP_TO_BE_DETERMINED","microbiological/allergen/physical cross-contamination","zoning, separation, cleaning verification, utensil/equipment changeover, hand hygiene","null","site HACCP/PPK checklist; recipe/allergen changeover record","stop; isolate affected food; re-clean; assess disposition; record and retrain","EVD-FS-001;EVD-FS-002","BLOCKED_PENDING_VALIDATION","SBL-VKM-001-02","Food Safety/PPK owner; Operations"
"VKM-001","Маргарита","0.2.0-REMEDIATION","2026-08-03","0.1.0-DRAFT","c6b22ad5f2812cc989a0d3593f40e21207da8f53","CCP-VKM-001-03","PROCESS","CCP_CANDIDATE_NOT_CONFIRMED","raw-material and process-dependent microbiological hazards; survival/growth if the validated process is absent","validated heat-treatment, holding and/or immediate-service limits by final process","null","method/frequency/equipment cannot be fixed before recipe and validation","do not release batch when validated limit is absent or deviation occurs; isolate and document disposition","EVD-0013;EVD-0014;EVD-FS-001","BLOCKED_PENDING_VALIDATION","SBL-VKM-001-03","Food Safety/PPK owner; Chef; Operations"
"VKM-001","Маргарита","0.2.0-REMEDIATION","2026-08-03","0.1.0-DRAFT","c6b22ad5f2812cc989a0d3593f40e21207da8f53","CCP-VKM-001-04","COOLING_REHEATING_STORAGE_HOLDING_SERVICE","OPRP_OR_CCP_CANDIDATE_NOT_CONFIRMED","microbial growth/toxin formation or safety loss during cooling, reheating, storage, holding, delivery or service","CONDITIONAL: applies if any component is prepared in advance; cooling route and limit require validation; CONDITIONAL: applies only to an approved make-ahead route; reheating route and limit require validation; manufacturer/validated storage, holding, delivery and shelf-life conditions by channel","null","batch label and time/temperature/process record; exact method/frequency/instrument pending approved route and validation","block release; isolate unvalidated, expired, untraceable or deviating product; documented disposal or justified disposition","EVD-0014;EVD-FS-001;EVD-FS-003;EVD-FS-007","BLOCKED_PENDING_VALIDATION","SBL-VKM-001-04","Food Safety/PPK owner; Operations; Chef"
"VKM-001","Маргарита","0.2.0-REMEDIATION","2026-08-03","0.1.0-DRAFT","c6b22ad5f2812cc989a0d3593f40e21207da8f53","CCP-VKM-001-05","TRACEABILITY_AND_CONSUMER_INFORMATION","PRP","untraceable ingredient/finished batch or incomplete allergen information","recipe version, SKU and lot links, production time, responsible person, channel label/allergen statement, recall/disposition record","100% required traceability fields completed; allergen absence claims prohibited until evidence complete","record review before release and periodic traceability exercise","block release; restore traceability if evidence permits; otherwise dispose/recall per approved procedure","EVD-0012;EVD-0015;EVD-FS-001;EVD-FS-002","DRAFT","SBL-VKM-001-05","Food Safety/PPK owner; Operations"
"VKM-002","Четыре сыра","0.2.0-REMEDIATION","2026-08-03","0.1.0-DRAFT","c6b22ad5f2812cc989a0d3593f40e21207da8f53","CCP-VKM-002-01","RECEIVING","OPRP_CANDIDATE","unacceptable/undocumented raw material; temperature abuse; lot mismatch","documents, lot, integrity, manufacturer storage/transport conditions and receipt measurement where applicable","null","receiving record and document match; calibrated measurement method to be approved","quarantine/reject; document deviation; prevent use until disposition","EVD-FS-001;EVD-FS-003;EVD-FS-007","BLOCKED_PENDING_VALIDATION","SBL-VKM-002-01","Procurement; Food Safety/PPK owner"
"VKM-002","Четыре сыра","0.2.0-REMEDIATION","2026-08-03","0.1.0-DRAFT","c6b22ad5f2812cc989a0d3593f40e21207da8f53","CCP-VKM-002-02","PREPARATION_AND_CROSS_CONTACT","PRP_OR_OPRP_TO_BE_DETERMINED","microbiological/allergen/physical cross-contamination","zoning, separation, cleaning verification, utensil/equipment changeover, hand hygiene","null","site HACCP/PPK checklist; recipe/allergen changeover record","stop; isolate affected food; re-clean; assess disposition; record and retrain","EVD-FS-001;EVD-FS-002","BLOCKED_PENDING_VALIDATION","SBL-VKM-002-02","Food Safety/PPK owner; Operations"
"VKM-002","Четыре сыра","0.2.0-REMEDIATION","2026-08-03","0.1.0-DRAFT","c6b22ad5f2812cc989a0d3593f40e21207da8f53","CCP-VKM-002-03","PROCESS","CCP_CANDIDATE_NOT_CONFIRMED","raw-material and process-dependent microbiological hazards; survival/growth if the validated process is absent","validated heat-treatment, holding and/or immediate-service limits by final process","null","method/frequency/equipment cannot be fixed before recipe and validation","do not release batch when validated limit is absent or deviation occurs; isolate and document disposition","EVD-0013;EVD-0014;EVD-FS-001","BLOCKED_PENDING_VALIDATION","SBL-VKM-002-03","Food Safety/PPK owner; Chef; Operations"
"VKM-002","Четыре сыра","0.2.0-REMEDIATION","2026-08-03","0.1.0-DRAFT","c6b22ad5f2812cc989a0d3593f40e21207da8f53","CCP-VKM-002-04","COOLING_REHEATING_STORAGE_HOLDING_SERVICE","OPRP_OR_CCP_CANDIDATE_NOT_CONFIRMED","microbial growth/toxin formation or safety loss during cooling, reheating, storage, holding, delivery or service","CONDITIONAL: applies if any component is prepared in advance; cooling route and limit require validation; CONDITIONAL: applies only to an approved make-ahead route; reheating route and limit require validation; manufacturer/validated storage, holding, delivery and shelf-life conditions by channel","null","batch label and time/temperature/process record; exact method/frequency/instrument pending approved route and validation","block release; isolate unvalidated, expired, untraceable or deviating product; documented disposal or justified disposition","EVD-0014;EVD-FS-001;EVD-FS-003;EVD-FS-007","BLOCKED_PENDING_VALIDATION","SBL-VKM-002-04","Food Safety/PPK owner; Operations; Chef"
"VKM-002","Четыре сыра","0.2.0-REMEDIATION","2026-08-03","0.1.0-DRAFT","c6b22ad5f2812cc989a0d3593f40e21207da8f53","CCP-VKM-002-05","TRACEABILITY_AND_CONSUMER_INFORMATION","PRP","untraceable ingredient/finished batch or incomplete allergen information","recipe version, SKU and lot links, production time, responsible person, channel label/allergen statement, recall/disposition record","100% required traceability fields completed; allergen absence claims prohibited until evidence complete","record review before release and periodic traceability exercise","block release; restore traceability if evidence permits; otherwise dispose/recall per approved procedure","EVD-0012;EVD-0015;EVD-FS-001;EVD-FS-002","DRAFT","SBL-VKM-002-05","Food Safety/PPK owner; Operations"
"VKM-003","Грибная с ветчиной","0.2.0-REMEDIATION","2026-08-03","0.1.0-DRAFT","c6b22ad5f2812cc989a0d3593f40e21207da8f53","CCP-VKM-003-01","RECEIVING","OPRP_CANDIDATE","unacceptable/undocumented raw material; temperature abuse; lot mismatch","documents, lot, integrity, manufacturer storage/transport conditions and receipt measurement where applicable","null","receiving record and document match; calibrated measurement method to be approved","quarantine/reject; document deviation; prevent use until disposition","EVD-FS-001;EVD-FS-003;EVD-FS-007;EVD-FS-008","BLOCKED_PENDING_VALIDATION","SBL-VKM-003-01","Procurement; Food Safety/PPK owner"
"VKM-003","Грибная с ветчиной","0.2.0-REMEDIATION","2026-08-03","0.1.0-DRAFT","c6b22ad5f2812cc989a0d3593f40e21207da8f53","CCP-VKM-003-02","PREPARATION_AND_CROSS_CONTACT","PRP_OR_OPRP_TO_BE_DETERMINED","microbiological/allergen/physical cross-contamination","zoning, separation, cleaning verification, utensil/equipment changeover, hand hygiene","null","site HACCP/PPK checklist; recipe/allergen changeover record","stop; isolate affected food; re-clean; assess disposition; record and retrain","EVD-FS-001;EVD-FS-002","BLOCKED_PENDING_VALIDATION","SBL-VKM-003-02","Food Safety/PPK owner; Operations"
"VKM-003","Грибная с ветчиной","0.2.0-REMEDIATION","2026-08-03","0.1.0-DRAFT","c6b22ad5f2812cc989a0d3593f40e21207da8f53","CCP-VKM-003-03","PROCESS","CCP_CANDIDATE_NOT_CONFIRMED","raw-material and process-dependent microbiological hazards; survival/growth if the validated process is absent","validated heat-treatment, holding and/or immediate-service limits by final process","null","method/frequency/equipment cannot be fixed before recipe and validation","do not release batch when validated limit is absent or deviation occurs; isolate and document disposition","EVD-0013;EVD-0014;EVD-FS-001","BLOCKED_PENDING_VALIDATION","SBL-VKM-003-03","Food Safety/PPK owner; Chef; Operations"
"VKM-003","Грибная с ветчиной","0.2.0-REMEDIATION","2026-08-03","0.1.0-DRAFT","c6b22ad5f2812cc989a0d3593f40e21207da8f53","CCP-VKM-003-04","COOLING_REHEATING_STORAGE_HOLDING_SERVICE","OPRP_OR_CCP_CANDIDATE_NOT_CONFIRMED","microbial growth/toxin formation or safety loss during cooling, reheating, storage, holding, delivery or service","CONDITIONAL: applies if any component is prepared in advance; cooling route and limit require validation; CONDITIONAL: applies only to an approved make-ahead route; reheating route and limit require validation; manufacturer/validated storage, holding, delivery and shelf-life conditions by channel","null","batch label and time/temperature/process record; exact method/frequency/instrument pending approved route and validation","block release; isolate unvalidated, expired, untraceable or deviating product; documented disposal or justified disposition","EVD-0014;EVD-FS-001;EVD-FS-003;EVD-FS-007;EVD-FS-008","BLOCKED_PENDING_VALIDATION","SBL-VKM-003-04","Food Safety/PPK owner; Operations; Chef"
"VKM-003","Грибная с ветчиной","0.2.0-REMEDIATION","2026-08-03","0.1.0-DRAFT","c6b22ad5f2812cc989a0d3593f40e21207da8f53","CCP-VKM-003-05","TRACEABILITY_AND_CONSUMER_INFORMATION","PRP","untraceable ingredient/finished batch or incomplete allergen information","recipe version, SKU and lot links, production time, responsible person, channel label/allergen statement, recall/disposition record","100% required traceability fields completed; allergen absence claims prohibited until evidence complete","record review before release and periodic traceability exercise","block release; restore traceability if evidence permits; otherwise dispose/recall per approved procedure","EVD-0012;EVD-0015;EVD-FS-001;EVD-FS-002","DRAFT","SBL-VKM-003-05","Food Safety/PPK owner; Operations"
"VKM-004","Пепперони","0.2.0-REMEDIATION","2026-08-03","0.1.0-DRAFT","c6b22ad5f2812cc989a0d3593f40e21207da8f53","CCP-VKM-004-01","RECEIVING","OPRP_CANDIDATE","unacceptable/undocumented raw material; temperature abuse; lot mismatch","documents, lot, integrity, manufacturer storage/transport conditions and receipt measurement where applicable","null","receiving record and document match; calibrated measurement method to be approved","quarantine/reject; document deviation; prevent use until disposition","EVD-FS-001;EVD-FS-003;EVD-FS-007","BLOCKED_PENDING_VALIDATION","SBL-VKM-004-01","Procurement; Food Safety/PPK owner"
"VKM-004","Пепперони","0.2.0-REMEDIATION","2026-08-03","0.1.0-DRAFT","c6b22ad5f2812cc989a0d3593f40e21207da8f53","CCP-VKM-004-02","PREPARATION_AND_CROSS_CONTACT","PRP_OR_OPRP_TO_BE_DETERMINED","microbiological/allergen/physical cross-contamination","zoning, separation, cleaning verification, utensil/equipment changeover, hand hygiene","null","site HACCP/PPK checklist; recipe/allergen changeover record","stop; isolate affected food; re-clean; assess disposition; record and retrain","EVD-FS-001;EVD-FS-002","BLOCKED_PENDING_VALIDATION","SBL-VKM-004-02","Food Safety/PPK owner; Operations"
"VKM-004","Пепперони","0.2.0-REMEDIATION","2026-08-03","0.1.0-DRAFT","c6b22ad5f2812cc989a0d3593f40e21207da8f53","CCP-VKM-004-03","PROCESS","CCP_CANDIDATE_NOT_CONFIRMED","raw-material and process-dependent microbiological hazards; survival/growth if the validated process is absent","validated heat-treatment, holding and/or immediate-service limits by final process","null","method/frequency/equipment cannot be fixed before recipe and validation","do not release batch when validated limit is absent or deviation occurs; isolate and document disposition","EVD-0013;EVD-0014;EVD-FS-001","BLOCKED_PENDING_VALIDATION","SBL-VKM-004-03","Food Safety/PPK owner; Chef; Operations"
"VKM-004","Пепперони","0.2.0-REMEDIATION","2026-08-03","0.1.0-DRAFT","c6b22ad5f2812cc989a0d3593f40e21207da8f53","CCP-VKM-004-04","COOLING_REHEATING_STORAGE_HOLDING_SERVICE","OPRP_OR_CCP_CANDIDATE_NOT_CONFIRMED","microbial growth/toxin formation or safety loss during cooling, reheating, storage, holding, delivery or service","CONDITIONAL: applies if any component is prepared in advance; cooling route and limit require validation; CONDITIONAL: applies only to an approved make-ahead route; reheating route and limit require validation; manufacturer/validated storage, holding, delivery and shelf-life conditions by channel","null","batch label and time/temperature/process record; exact method/frequency/instrument pending approved route and validation","block release; isolate unvalidated, expired, untraceable or deviating product; documented disposal or justified disposition","EVD-0014;EVD-FS-001;EVD-FS-003;EVD-FS-007","BLOCKED_PENDING_VALIDATION","SBL-VKM-004-04","Food Safety/PPK owner; Operations; Chef"
"VKM-004","Пепперони","0.2.0-REMEDIATION","2026-08-03","0.1.0-DRAFT","c6b22ad5f2812cc989a0d3593f40e21207da8f53","CCP-VKM-004-05","TRACEABILITY_AND_CONSUMER_INFORMATION","PRP","untraceable ingredient/finished batch or incomplete allergen information","recipe version, SKU and lot links, production time, responsible person, channel label/allergen statement, recall/disposition record","100% required traceability fields completed; allergen absence claims prohibited until evidence complete","record review before release and periodic traceability exercise","block release; restore traceability if evidence permits; otherwise dispose/recall per approved procedure","EVD-0012;EVD-0015;EVD-FS-001;EVD-FS-002","DRAFT","SBL-VKM-004-05","Food Safety/PPK owner; Operations"
"VKM-005","Белая чиабатта","0.2.0-REMEDIATION","2026-08-03","0.1.0-DRAFT","c6b22ad5f2812cc989a0d3593f40e21207da8f53","CCP-VKM-005-01","RECEIVING","OPRP_CANDIDATE","unacceptable/undocumented raw material; temperature abuse; lot mismatch","documents, lot, integrity, manufacturer storage/transport conditions and receipt measurement where applicable","null","receiving record and document match; calibrated measurement method to be approved","quarantine/reject; document deviation; prevent use until disposition","EVD-FS-001;EVD-FS-003","BLOCKED_PENDING_VALIDATION","SBL-VKM-005-01","Procurement; Food Safety/PPK owner"
"VKM-005","Белая чиабатта","0.2.0-REMEDIATION","2026-08-03","0.1.0-DRAFT","c6b22ad5f2812cc989a0d3593f40e21207da8f53","CCP-VKM-005-02","PREPARATION_AND_CROSS_CONTACT","PRP_OR_OPRP_TO_BE_DETERMINED","microbiological/allergen/physical cross-contamination","zoning, separation, cleaning verification, utensil/equipment changeover, hand hygiene","null","site HACCP/PPK checklist; recipe/allergen changeover record","stop; isolate affected food; re-clean; assess disposition; record and retrain","EVD-FS-001;EVD-FS-002","BLOCKED_PENDING_VALIDATION","SBL-VKM-005-02","Food Safety/PPK owner; Operations"
"VKM-005","Белая чиабатта","0.2.0-REMEDIATION","2026-08-03","0.1.0-DRAFT","c6b22ad5f2812cc989a0d3593f40e21207da8f53","CCP-VKM-005-03","PROCESS","CCP_CANDIDATE_NOT_CONFIRMED","raw flour/egg/dairy hazards where applicable; survival if baking process is not validated; post-bake contamination","validated baking endpoint and post-bake handling/storage","null","method/frequency/equipment cannot be fixed before recipe and validation","do not release batch when validated limit is absent or deviation occurs; isolate and document disposition","EVD-0013;EVD-0014;EVD-FS-001","BLOCKED_PENDING_VALIDATION","SBL-VKM-005-03","Food Safety/PPK owner; Chef; Operations"
"VKM-005","Белая чиабатта","0.2.0-REMEDIATION","2026-08-03","0.1.0-DRAFT","c6b22ad5f2812cc989a0d3593f40e21207da8f53","CCP-VKM-005-04","COOLING_REHEATING_STORAGE_HOLDING_SERVICE","OPRP_OR_CCP_CANDIDATE_NOT_CONFIRMED","microbial growth/toxin formation or safety loss during cooling, reheating, storage, holding, delivery or service","APPLICABLE: post-bake cooling and contamination protection require a validated site procedure; no numeric limit is evidenced; CONDITIONAL: only if a reheat/service route is approved; no route or limit is evidenced; manufacturer/validated storage, holding, delivery and shelf-life conditions by channel","null","batch label and time/temperature/process record; exact method/frequency/instrument pending approved route and validation","block release; isolate unvalidated, expired, untraceable or deviating product; documented disposal or justified disposition","EVD-0014;EVD-FS-001;EVD-FS-003","BLOCKED_PENDING_VALIDATION","SBL-VKM-005-04","Food Safety/PPK owner; Operations; Chef"
"VKM-005","Белая чиабатта","0.2.0-REMEDIATION","2026-08-03","0.1.0-DRAFT","c6b22ad5f2812cc989a0d3593f40e21207da8f53","CCP-VKM-005-05","TRACEABILITY_AND_CONSUMER_INFORMATION","PRP","untraceable ingredient/finished batch or incomplete allergen information","recipe version, SKU and lot links, production time, responsible person, channel label/allergen statement, recall/disposition record","100% required traceability fields completed; allergen absence claims prohibited until evidence complete","record review before release and periodic traceability exercise","block release; restore traceability if evidence permits; otherwise dispose/recall per approved procedure","EVD-0012;EVD-0015;EVD-FS-001;EVD-FS-002","DRAFT","SBL-VKM-005-05","Food Safety/PPK owner; Operations"
"VKM-006","Томатная чиабатта","0.2.0-REMEDIATION","2026-08-03","0.1.0-DRAFT","c6b22ad5f2812cc989a0d3593f40e21207da8f53","CCP-VKM-006-01","RECEIVING","OPRP_CANDIDATE","unacceptable/undocumented raw material; temperature abuse; lot mismatch","documents, lot, integrity, manufacturer storage/transport conditions and receipt measurement where applicable","null","receiving record and document match; calibrated measurement method to be approved","quarantine/reject; document deviation; prevent use until disposition","EVD-FS-001;EVD-FS-003","BLOCKED_PENDING_VALIDATION","SBL-VKM-006-01","Procurement; Food Safety/PPK owner"
"VKM-006","Томатная чиабатта","0.2.0-REMEDIATION","2026-08-03","0.1.0-DRAFT","c6b22ad5f2812cc989a0d3593f40e21207da8f53","CCP-VKM-006-02","PREPARATION_AND_CROSS_CONTACT","PRP_OR_OPRP_TO_BE_DETERMINED","microbiological/allergen/physical cross-contamination","zoning, separation, cleaning verification, utensil/equipment changeover, hand hygiene","null","site HACCP/PPK checklist; recipe/allergen changeover record","stop; isolate affected food; re-clean; assess disposition; record and retrain","EVD-FS-001;EVD-FS-002","BLOCKED_PENDING_VALIDATION","SBL-VKM-006-02","Food Safety/PPK owner; Operations"
"VKM-006","Томатная чиабатта","0.2.0-REMEDIATION","2026-08-03","0.1.0-DRAFT","c6b22ad5f2812cc989a0d3593f40e21207da8f53","CCP-VKM-006-03","PROCESS","CCP_CANDIDATE_NOT_CONFIRMED","raw flour/egg/dairy hazards where applicable; survival if baking process is not validated; post-bake contamination","validated baking endpoint and post-bake handling/storage","null","method/frequency/equipment cannot be fixed before recipe and validation","do not release batch when validated limit is absent or deviation occurs; isolate and document disposition","EVD-0013;EVD-0014;EVD-FS-001","BLOCKED_PENDING_VALIDATION","SBL-VKM-006-03","Food Safety/PPK owner; Chef; Operations"
"VKM-006","Томатная чиабатта","0.2.0-REMEDIATION","2026-08-03","0.1.0-DRAFT","c6b22ad5f2812cc989a0d3593f40e21207da8f53","CCP-VKM-006-04","COOLING_REHEATING_STORAGE_HOLDING_SERVICE","OPRP_OR_CCP_CANDIDATE_NOT_CONFIRMED","microbial growth/toxin formation or safety loss during cooling, reheating, storage, holding, delivery or service","APPLICABLE: post-bake cooling and contamination protection require a validated site procedure; no numeric limit is evidenced; CONDITIONAL: only if a reheat/service route is approved; no route or limit is evidenced; manufacturer/validated storage, holding, delivery and shelf-life conditions by channel","null","batch label and time/temperature/process record; exact method/frequency/instrument pending approved route and validation","block release; isolate unvalidated, expired, untraceable or deviating product; documented disposal or justified disposition","EVD-0014;EVD-FS-001;EVD-FS-003","BLOCKED_PENDING_VALIDATION","SBL-VKM-006-04","Food Safety/PPK owner; Operations; Chef"
"VKM-006","Томатная чиабатта","0.2.0-REMEDIATION","2026-08-03","0.1.0-DRAFT","c6b22ad5f2812cc989a0d3593f40e21207da8f53","CCP-VKM-006-05","TRACEABILITY_AND_CONSUMER_INFORMATION","PRP","untraceable ingredient/finished batch or incomplete allergen information","recipe version, SKU and lot links, production time, responsible person, channel label/allergen statement, recall/disposition record","100% required traceability fields completed; allergen absence claims prohibited until evidence complete","record review before release and periodic traceability exercise","block release; restore traceability if evidence permits; otherwise dispose/recall per approved procedure","EVD-0012;EVD-0015;EVD-FS-001;EVD-FS-002","DRAFT","SBL-VKM-006-05","Food Safety/PPK owner; Operations"
"VKM-007","Бородинский хлеб","0.2.0-REMEDIATION","2026-08-03","0.1.0-DRAFT","c6b22ad5f2812cc989a0d3593f40e21207da8f53","CCP-VKM-007-01","RECEIVING","OPRP_CANDIDATE","unacceptable/undocumented raw material; temperature abuse; lot mismatch","documents, lot, integrity, manufacturer storage/transport conditions and receipt measurement where applicable","null","receiving record and document match; calibrated measurement method to be approved","quarantine/reject; document deviation; prevent use until disposition","EVD-FS-001;EVD-FS-003","BLOCKED_PENDING_VALIDATION","SBL-VKM-007-01","Procurement; Food Safety/PPK owner"
"VKM-007","Бородинский хлеб","0.2.0-REMEDIATION","2026-08-03","0.1.0-DRAFT","c6b22ad5f2812cc989a0d3593f40e21207da8f53","CCP-VKM-007-02","PREPARATION_AND_CROSS_CONTACT","PRP_OR_OPRP_TO_BE_DETERMINED","microbiological/allergen/physical cross-contamination","zoning, separation, cleaning verification, utensil/equipment changeover, hand hygiene","null","site HACCP/PPK checklist; recipe/allergen changeover record","stop; isolate affected food; re-clean; assess disposition; record and retrain","EVD-FS-001;EVD-FS-002","BLOCKED_PENDING_VALIDATION","SBL-VKM-007-02","Food Safety/PPK owner; Operations"
"VKM-007","Бородинский хлеб","0.2.0-REMEDIATION","2026-08-03","0.1.0-DRAFT","c6b22ad5f2812cc989a0d3593f40e21207da8f53","CCP-VKM-007-03","PROCESS","CCP_CANDIDATE_NOT_CONFIRMED","raw flour/egg/dairy hazards where applicable; survival if baking process is not validated; post-bake contamination","validated baking endpoint and post-bake handling/storage","null","method/frequency/equipment cannot be fixed before recipe and validation","do not release batch when validated limit is absent or deviation occurs; isolate and document disposition","EVD-0013;EVD-0014;EVD-FS-001","BLOCKED_PENDING_VALIDATION","SBL-VKM-007-03","Food Safety/PPK owner; Chef; Operations"
"VKM-007","Бородинский хлеб","0.2.0-REMEDIATION","2026-08-03","0.1.0-DRAFT","c6b22ad5f2812cc989a0d3593f40e21207da8f53","CCP-VKM-007-04","COOLING_REHEATING_STORAGE_HOLDING_SERVICE","OPRP_OR_CCP_CANDIDATE_NOT_CONFIRMED","microbial growth/toxin formation or safety loss during cooling, reheating, storage, holding, delivery or service","APPLICABLE: post-bake cooling and contamination protection require a validated site procedure; no numeric limit is evidenced; CONDITIONAL: only if a reheat/service route is approved; no route or limit is evidenced; manufacturer/validated storage, holding, delivery and shelf-life conditions by channel","null","batch label and time/temperature/process record; exact method/frequency/instrument pending approved route and validation","block release; isolate unvalidated, expired, untraceable or deviating product; documented disposal or justified disposition","EVD-0014;EVD-FS-001;EVD-FS-003","BLOCKED_PENDING_VALIDATION","SBL-VKM-007-04","Food Safety/PPK owner; Operations; Chef"
"VKM-007","Бородинский хлеб","0.2.0-REMEDIATION","2026-08-03","0.1.0-DRAFT","c6b22ad5f2812cc989a0d3593f40e21207da8f53","CCP-VKM-007-05","TRACEABILITY_AND_CONSUMER_INFORMATION","PRP","untraceable ingredient/finished batch or incomplete allergen information","recipe version, SKU and lot links, production time, responsible person, channel label/allergen statement, recall/disposition record","100% required traceability fields completed; allergen absence claims prohibited until evidence complete","record review before release and periodic traceability exercise","block release; restore traceability if evidence permits; otherwise dispose/recall per approved procedure","EVD-0012;EVD-0015;EVD-FS-001;EVD-FS-002","DRAFT","SBL-VKM-007-05","Food Safety/PPK owner; Operations"
"VKM-008","Бриошь","0.2.0-REMEDIATION","2026-08-03","0.1.0-DRAFT","c6b22ad5f2812cc989a0d3593f40e21207da8f53","CCP-VKM-008-01","RECEIVING","OPRP_CANDIDATE","unacceptable/undocumented raw material; temperature abuse; lot mismatch","documents, lot, integrity, manufacturer storage/transport conditions and receipt measurement where applicable","null","receiving record and document match; calibrated measurement method to be approved","quarantine/reject; document deviation; prevent use until disposition","EVD-FS-001;EVD-FS-003;EVD-FS-007","BLOCKED_PENDING_VALIDATION","SBL-VKM-008-01","Procurement; Food Safety/PPK owner"
"VKM-008","Бриошь","0.2.0-REMEDIATION","2026-08-03","0.1.0-DRAFT","c6b22ad5f2812cc989a0d3593f40e21207da8f53","CCP-VKM-008-02","PREPARATION_AND_CROSS_CONTACT","PRP_OR_OPRP_TO_BE_DETERMINED","microbiological/allergen/physical cross-contamination","zoning, separation, cleaning verification, utensil/equipment changeover, hand hygiene","null","site HACCP/PPK checklist; recipe/allergen changeover record","stop; isolate affected food; re-clean; assess disposition; record and retrain","EVD-FS-001;EVD-FS-002","BLOCKED_PENDING_VALIDATION","SBL-VKM-008-02","Food Safety/PPK owner; Operations"
"VKM-008","Бриошь","0.2.0-REMEDIATION","2026-08-03","0.1.0-DRAFT","c6b22ad5f2812cc989a0d3593f40e21207da8f53","CCP-VKM-008-03","PROCESS","CCP_CANDIDATE_NOT_CONFIRMED","raw flour/egg/dairy hazards where applicable; survival if baking process is not validated; post-bake contamination","validated baking endpoint and post-bake handling/storage","null","method/frequency/equipment cannot be fixed before recipe and validation","do not release batch when validated limit is absent or deviation occurs; isolate and document disposition","EVD-0013;EVD-0014;EVD-FS-001","BLOCKED_PENDING_VALIDATION","SBL-VKM-008-03","Food Safety/PPK owner; Chef; Operations"
"VKM-008","Бриошь","0.2.0-REMEDIATION","2026-08-03","0.1.0-DRAFT","c6b22ad5f2812cc989a0d3593f40e21207da8f53","CCP-VKM-008-04","COOLING_REHEATING_STORAGE_HOLDING_SERVICE","OPRP_OR_CCP_CANDIDATE_NOT_CONFIRMED","microbial growth/toxin formation or safety loss during cooling, reheating, storage, holding, delivery or service","APPLICABLE: post-bake cooling and contamination protection require a validated site procedure; no numeric limit is evidenced; CONDITIONAL: only if a reheat/service route is approved; no route or limit is evidenced; manufacturer/validated storage, holding, delivery and shelf-life conditions by channel","null","batch label and time/temperature/process record; exact method/frequency/instrument pending approved route and validation","block release; isolate unvalidated, expired, untraceable or deviating product; documented disposal or justified disposition","EVD-0014;EVD-FS-001;EVD-FS-003;EVD-FS-007","BLOCKED_PENDING_VALIDATION","SBL-VKM-008-04","Food Safety/PPK owner; Operations; Chef"
"VKM-008","Бриошь","0.2.0-REMEDIATION","2026-08-03","0.1.0-DRAFT","c6b22ad5f2812cc989a0d3593f40e21207da8f53","CCP-VKM-008-05","TRACEABILITY_AND_CONSUMER_INFORMATION","PRP","untraceable ingredient/finished batch or incomplete allergen information","recipe version, SKU and lot links, production time, responsible person, channel label/allergen statement, recall/disposition record","100% required traceability fields completed; allergen absence claims prohibited until evidence complete","record review before release and periodic traceability exercise","block release; restore traceability if evidence permits; otherwise dispose/recall per approved procedure","EVD-0012;EVD-0015;EVD-FS-001;EVD-FS-002","DRAFT","SBL-VKM-008-05","Food Safety/PPK owner; Operations"
"VKM-009","Буррата с томатами","0.2.0-REMEDIATION","2026-08-03","0.1.0-DRAFT","c6b22ad5f2812cc989a0d3593f40e21207da8f53","CCP-VKM-009-01","RECEIVING","OPRP_CANDIDATE","unacceptable/undocumented raw material; temperature abuse; lot mismatch","documents, lot, integrity, manufacturer storage/transport conditions and receipt measurement where applicable","null","receiving record and document match; calibrated measurement method to be approved","quarantine/reject; document deviation; prevent use until disposition","EVD-FS-001;EVD-FS-003;EVD-FS-007","BLOCKED_PENDING_VALIDATION","SBL-VKM-009-01","Procurement; Food Safety/PPK owner"
"VKM-009","Буррата с томатами","0.2.0-REMEDIATION","2026-08-03","0.1.0-DRAFT","c6b22ad5f2812cc989a0d3593f40e21207da8f53","CCP-VKM-009-02","PREPARATION_AND_CROSS_CONTACT","PRP_OR_OPRP_TO_BE_DETERMINED","microbiological/allergen/physical cross-contamination","zoning, separation, cleaning verification, utensil/equipment changeover, hand hygiene","null","site HACCP/PPK checklist; recipe/allergen changeover record","stop; isolate affected food; re-clean; assess disposition; record and retrain","EVD-FS-001;EVD-FS-002","BLOCKED_PENDING_VALIDATION","SBL-VKM-009-02","Food Safety/PPK owner; Operations"
"VKM-009","Буррата с томатами","0.2.0-REMEDIATION","2026-08-03","0.1.0-DRAFT","c6b22ad5f2812cc989a0d3593f40e21207da8f53","CCP-VKM-009-03","PROCESS","CCP_CANDIDATE_NOT_CONFIRMED","growth or transfer of microorganisms during receipt/preparation/service; contamination from raw produce or ready-to-eat components","cold-chain and time-out-of-control limit","null","method/frequency/equipment cannot be fixed before recipe and validation","do not release batch when validated limit is absent or deviation occurs; isolate and document disposition","EVD-0013;EVD-0014;EVD-FS-001","BLOCKED_PENDING_VALIDATION","SBL-VKM-009-03","Food Safety/PPK owner; Chef; Operations"
"VKM-009","Буррата с томатами","0.2.0-REMEDIATION","2026-08-03","0.1.0-DRAFT","c6b22ad5f2812cc989a0d3593f40e21207da8f53","CCP-VKM-009-04","COOLING_REHEATING_STORAGE_HOLDING_SERVICE","OPRP_OR_CCP_CANDIDATE_NOT_CONFIRMED","microbial growth/toxin formation or safety loss during cooling, reheating, storage, holding, delivery or service","APPLICABILITY_PENDING: cooked components must have a validated cooling route if prepared in advance; otherwise use immediate assembly/service route documented by PPK; NOT_PLANNED_IN_DRAFT: any reheating is a process change requiring hazard review and validation; manufacturer/validated storage, holding, delivery and shelf-life conditions by channel","null","batch label and time/temperature/process record; exact method/frequency/instrument pending approved route and validation","block release; isolate unvalidated, expired, untraceable or deviating product; documented disposal or justified disposition","EVD-0014;EVD-FS-001;EVD-FS-003;EVD-FS-007","BLOCKED_PENDING_VALIDATION","SBL-VKM-009-04","Food Safety/PPK owner; Operations; Chef"
"VKM-009","Буррата с томатами","0.2.0-REMEDIATION","2026-08-03","0.1.0-DRAFT","c6b22ad5f2812cc989a0d3593f40e21207da8f53","CCP-VKM-009-05","TRACEABILITY_AND_CONSUMER_INFORMATION","PRP","untraceable ingredient/finished batch or incomplete allergen information","recipe version, SKU and lot links, production time, responsible person, channel label/allergen statement, recall/disposition record","100% required traceability fields completed; allergen absence claims prohibited until evidence complete","record review before release and periodic traceability exercise","block release; restore traceability if evidence permits; otherwise dispose/recall per approved procedure","EVD-0012;EVD-0015;EVD-FS-001;EVD-FS-002","DRAFT","SBL-VKM-009-05","Food Safety/PPK owner; Operations"
"VKM-010","Микс-салат с креветками и яблоком","0.2.0-REMEDIATION","2026-08-03","0.1.0-DRAFT","c6b22ad5f2812cc989a0d3593f40e21207da8f53","CCP-VKM-010-01","RECEIVING","OPRP_CANDIDATE","unacceptable/undocumented raw material; temperature abuse; lot mismatch","documents, lot, integrity, manufacturer storage/transport conditions and receipt measurement where applicable","null","receiving record and document match; calibrated measurement method to be approved","quarantine/reject; document deviation; prevent use until disposition","EVD-FS-001;EVD-FS-003;EVD-FS-006","BLOCKED_PENDING_VALIDATION","SBL-VKM-010-01","Procurement; Food Safety/PPK owner"
"VKM-010","Микс-салат с креветками и яблоком","0.2.0-REMEDIATION","2026-08-03","0.1.0-DRAFT","c6b22ad5f2812cc989a0d3593f40e21207da8f53","CCP-VKM-010-02","PREPARATION_AND_CROSS_CONTACT","PRP_OR_OPRP_TO_BE_DETERMINED","microbiological/allergen/physical cross-contamination","zoning, separation, cleaning verification, utensil/equipment changeover, hand hygiene","null","site HACCP/PPK checklist; recipe/allergen changeover record","stop; isolate affected food; re-clean; assess disposition; record and retrain","EVD-FS-001;EVD-FS-002","BLOCKED_PENDING_VALIDATION","SBL-VKM-010-02","Food Safety/PPK owner; Operations"
"VKM-010","Микс-салат с креветками и яблоком","0.2.0-REMEDIATION","2026-08-03","0.1.0-DRAFT","c6b22ad5f2812cc989a0d3593f40e21207da8f53","CCP-VKM-010-03","PROCESS","CCP_CANDIDATE_NOT_CONFIRMED","growth or transfer of microorganisms during receipt/preparation/service; contamination from raw produce or ready-to-eat components","cold-chain and time-out-of-control limit","null","method/frequency/equipment cannot be fixed before recipe and validation","do not release batch when validated limit is absent or deviation occurs; isolate and document disposition","EVD-0013;EVD-0014;EVD-FS-001","BLOCKED_PENDING_VALIDATION","SBL-VKM-010-03","Food Safety/PPK owner; Chef; Operations"
"VKM-010","Микс-салат с креветками и яблоком","0.2.0-REMEDIATION","2026-08-03","0.1.0-DRAFT","c6b22ad5f2812cc989a0d3593f40e21207da8f53","CCP-VKM-010-04","COOLING_REHEATING_STORAGE_HOLDING_SERVICE","OPRP_OR_CCP_CANDIDATE_NOT_CONFIRMED","microbial growth/toxin formation or safety loss during cooling, reheating, storage, holding, delivery or service","APPLICABILITY_PENDING: cooked components must have a validated cooling route if prepared in advance; otherwise use immediate assembly/service route documented by PPK; NOT_PLANNED_IN_DRAFT: any reheating is a process change requiring hazard review and validation; manufacturer/validated storage, holding, delivery and shelf-life conditions by channel","null","batch label and time/temperature/process record; exact method/frequency/instrument pending approved route and validation","block release; isolate unvalidated, expired, untraceable or deviating product; documented disposal or justified disposition","EVD-0014;EVD-FS-001;EVD-FS-003;EVD-FS-006","BLOCKED_PENDING_VALIDATION","SBL-VKM-010-04","Food Safety/PPK owner; Operations; Chef"
"VKM-010","Микс-салат с креветками и яблоком","0.2.0-REMEDIATION","2026-08-03","0.1.0-DRAFT","c6b22ad5f2812cc989a0d3593f40e21207da8f53","CCP-VKM-010-05","TRACEABILITY_AND_CONSUMER_INFORMATION","PRP","untraceable ingredient/finished batch or incomplete allergen information","recipe version, SKU and lot links, production time, responsible person, channel label/allergen statement, recall/disposition record","100% required traceability fields completed; allergen absence claims prohibited until evidence complete","record review before release and periodic traceability exercise","block release; restore traceability if evidence permits; otherwise dispose/recall per approved procedure","EVD-0012;EVD-0015;EVD-FS-001;EVD-FS-002","DRAFT","SBL-VKM-010-05","Food Safety/PPK owner; Operations"
"VKM-011","Греческий","0.2.0-REMEDIATION","2026-08-03","0.1.0-DRAFT","c6b22ad5f2812cc989a0d3593f40e21207da8f53","CCP-VKM-011-01","RECEIVING","OPRP_CANDIDATE","unacceptable/undocumented raw material; temperature abuse; lot mismatch","documents, lot, integrity, manufacturer storage/transport conditions and receipt measurement where applicable","null","receiving record and document match; calibrated measurement method to be approved","quarantine/reject; document deviation; prevent use until disposition","EVD-FS-001;EVD-FS-003;EVD-FS-007","BLOCKED_PENDING_VALIDATION","SBL-VKM-011-01","Procurement; Food Safety/PPK owner"
"VKM-011","Греческий","0.2.0-REMEDIATION","2026-08-03","0.1.0-DRAFT","c6b22ad5f2812cc989a0d3593f40e21207da8f53","CCP-VKM-011-02","PREPARATION_AND_CROSS_CONTACT","PRP_OR_OPRP_TO_BE_DETERMINED","microbiological/allergen/physical cross-contamination","zoning, separation, cleaning verification, utensil/equipment changeover, hand hygiene","null","site HACCP/PPK checklist; recipe/allergen changeover record","stop; isolate affected food; re-clean; assess disposition; record and retrain","EVD-FS-001;EVD-FS-002","BLOCKED_PENDING_VALIDATION","SBL-VKM-011-02","Food Safety/PPK owner; Operations"
"VKM-011","Греческий","0.2.0-REMEDIATION","2026-08-03","0.1.0-DRAFT","c6b22ad5f2812cc989a0d3593f40e21207da8f53","CCP-VKM-011-03","PROCESS","CCP_CANDIDATE_NOT_CONFIRMED","growth or transfer of microorganisms during receipt/preparation/service; contamination from raw produce or ready-to-eat components","cold-chain and time-out-of-control limit","null","method/frequency/equipment cannot be fixed before recipe and validation","do not release batch when validated limit is absent or deviation occurs; isolate and document disposition","EVD-0013;EVD-0014;EVD-FS-001","BLOCKED_PENDING_VALIDATION","SBL-VKM-011-03","Food Safety/PPK owner; Chef; Operations"
"VKM-011","Греческий","0.2.0-REMEDIATION","2026-08-03","0.1.0-DRAFT","c6b22ad5f2812cc989a0d3593f40e21207da8f53","CCP-VKM-011-04","COOLING_REHEATING_STORAGE_HOLDING_SERVICE","OPRP_OR_CCP_CANDIDATE_NOT_CONFIRMED","microbial growth/toxin formation or safety loss during cooling, reheating, storage, holding, delivery or service","APPLICABILITY_PENDING: cooked components must have a validated cooling route if prepared in advance; otherwise use immediate assembly/service route documented by PPK; NOT_PLANNED_IN_DRAFT: any reheating is a process change requiring hazard review and validation; manufacturer/validated storage, holding, delivery and shelf-life conditions by channel","null","batch label and time/temperature/process record; exact method/frequency/instrument pending approved route and validation","block release; isolate unvalidated, expired, untraceable or deviating product; documented disposal or justified disposition","EVD-0014;EVD-FS-001;EVD-FS-003;EVD-FS-007","BLOCKED_PENDING_VALIDATION","SBL-VKM-011-04","Food Safety/PPK owner; Operations; Chef"
"VKM-011","Греческий","0.2.0-REMEDIATION","2026-08-03","0.1.0-DRAFT","c6b22ad5f2812cc989a0d3593f40e21207da8f53","CCP-VKM-011-05","TRACEABILITY_AND_CONSUMER_INFORMATION","PRP","untraceable ingredient/finished batch or incomplete allergen information","recipe version, SKU and lot links, production time, responsible person, channel label/allergen statement, recall/disposition record","100% required traceability fields completed; allergen absence claims prohibited until evidence complete","record review before release and periodic traceability exercise","block release; restore traceability if evidence permits; otherwise dispose/recall per approved procedure","EVD-0012;EVD-0015;EVD-FS-001;EVD-FS-002","DRAFT","SBL-VKM-011-05","Food Safety/PPK owner; Operations"
"VKM-012","Винегрет","0.2.0-REMEDIATION","2026-08-03","0.1.0-DRAFT","c6b22ad5f2812cc989a0d3593f40e21207da8f53","CCP-VKM-012-01","RECEIVING","OPRP_CANDIDATE","unacceptable/undocumented raw material; temperature abuse; lot mismatch","documents, lot, integrity, manufacturer storage/transport conditions and receipt measurement where applicable","null","receiving record and document match; calibrated measurement method to be approved","quarantine/reject; document deviation; prevent use until disposition","EVD-FS-001;EVD-FS-003","BLOCKED_PENDING_VALIDATION","SBL-VKM-012-01","Procurement; Food Safety/PPK owner"
"VKM-012","Винегрет","0.2.0-REMEDIATION","2026-08-03","0.1.0-DRAFT","c6b22ad5f2812cc989a0d3593f40e21207da8f53","CCP-VKM-012-02","PREPARATION_AND_CROSS_CONTACT","PRP_OR_OPRP_TO_BE_DETERMINED","microbiological/allergen/physical cross-contamination","zoning, separation, cleaning verification, utensil/equipment changeover, hand hygiene","null","site HACCP/PPK checklist; recipe/allergen changeover record","stop; isolate affected food; re-clean; assess disposition; record and retrain","EVD-FS-001;EVD-FS-002","BLOCKED_PENDING_VALIDATION","SBL-VKM-012-02","Food Safety/PPK owner; Operations"
"VKM-012","Винегрет","0.2.0-REMEDIATION","2026-08-03","0.1.0-DRAFT","c6b22ad5f2812cc989a0d3593f40e21207da8f53","CCP-VKM-012-03","PROCESS","CCP_CANDIDATE_NOT_CONFIRMED","growth or transfer of microorganisms during receipt/preparation/service; contamination from raw produce or ready-to-eat components","cold-chain and time-out-of-control limit","null","method/frequency/equipment cannot be fixed before recipe and validation","do not release batch when validated limit is absent or deviation occurs; isolate and document disposition","EVD-0013;EVD-0014;EVD-FS-001","BLOCKED_PENDING_VALIDATION","SBL-VKM-012-03","Food Safety/PPK owner; Chef; Operations"
"VKM-012","Винегрет","0.2.0-REMEDIATION","2026-08-03","0.1.0-DRAFT","c6b22ad5f2812cc989a0d3593f40e21207da8f53","CCP-VKM-012-04","COOLING_REHEATING_STORAGE_HOLDING_SERVICE","OPRP_OR_CCP_CANDIDATE_NOT_CONFIRMED","microbial growth/toxin formation or safety loss during cooling, reheating, storage, holding, delivery or service","APPLICABILITY_PENDING: cooked components must have a validated cooling route if prepared in advance; otherwise use immediate assembly/service route documented by PPK; NOT_PLANNED_IN_DRAFT: any reheating is a process change requiring hazard review and validation; manufacturer/validated storage, holding, delivery and shelf-life conditions by channel","null","batch label and time/temperature/process record; exact method/frequency/instrument pending approved route and validation","block release; isolate unvalidated, expired, untraceable or deviating product; documented disposal or justified disposition","EVD-0014;EVD-FS-001;EVD-FS-003","BLOCKED_PENDING_VALIDATION","SBL-VKM-012-04","Food Safety/PPK owner; Operations; Chef"
"VKM-012","Винегрет","0.2.0-REMEDIATION","2026-08-03","0.1.0-DRAFT","c6b22ad5f2812cc989a0d3593f40e21207da8f53","CCP-VKM-012-05","TRACEABILITY_AND_CONSUMER_INFORMATION","PRP","untraceable ingredient/finished batch or incomplete allergen information","recipe version, SKU and lot links, production time, responsible person, channel label/allergen statement, recall/disposition record","100% required traceability fields completed; allergen absence claims prohibited until evidence complete","record review before release and periodic traceability exercise","block release; restore traceability if evidence permits; otherwise dispose/recall per approved procedure","EVD-0012;EVD-0015;EVD-FS-001;EVD-FS-002","DRAFT","SBL-VKM-012-05","Food Safety/PPK owner; Operations"
"VKM-013","Слабосолёный лосось","0.2.0-REMEDIATION","2026-08-03","0.1.0-DRAFT","c6b22ad5f2812cc989a0d3593f40e21207da8f53","CCP-VKM-013-01","RECEIVING","OPRP_CANDIDATE","unacceptable/undocumented raw material; temperature abuse; lot mismatch","documents, lot, integrity, manufacturer storage/transport conditions and receipt measurement where applicable","null","receiving record and document match; calibrated measurement method to be approved","quarantine/reject; document deviation; prevent use until disposition","EVD-FS-001;EVD-FS-003;EVD-FS-006","BLOCKED_PENDING_VALIDATION","SBL-VKM-013-01","Procurement; Food Safety/PPK owner"
"VKM-013","Слабосолёный лосось","0.2.0-REMEDIATION","2026-08-03","0.1.0-DRAFT","c6b22ad5f2812cc989a0d3593f40e21207da8f53","CCP-VKM-013-02","PREPARATION_AND_CROSS_CONTACT","PRP_OR_OPRP_TO_BE_DETERMINED","microbiological/allergen/physical cross-contamination","zoning, separation, cleaning verification, utensil/equipment changeover, hand hygiene","null","site HACCP/PPK checklist; recipe/allergen changeover record","stop; isolate affected food; re-clean; assess disposition; record and retrain","EVD-FS-001;EVD-FS-002","BLOCKED_PENDING_VALIDATION","SBL-VKM-013-02","Food Safety/PPK owner; Operations"
"VKM-013","Слабосолёный лосось","0.2.0-REMEDIATION","2026-08-03","0.1.0-DRAFT","c6b22ad5f2812cc989a0d3593f40e21207da8f53","CCP-VKM-013-03","PROCESS","CCP_CANDIDATE_NOT_CONFIRMED","temperature abuse; microbiological hazards; raw-material species/lot/document mismatch; applicable fish/seafood hazards require supplier evidence","cold-chain and time-out-of-control limit","null","method/frequency/equipment cannot be fixed before recipe and validation","do not release batch when validated limit is absent or deviation occurs; isolate and document disposition","EVD-0013;EVD-0014;EVD-FS-001","BLOCKED_PENDING_VALIDATION","SBL-VKM-013-03","Food Safety/PPK owner; Chef; Operations"
"VKM-013","Слабосолёный лосось","0.2.0-REMEDIATION","2026-08-03","0.1.0-DRAFT","c6b22ad5f2812cc989a0d3593f40e21207da8f53","CCP-VKM-013-04","COOLING_REHEATING_STORAGE_HOLDING_SERVICE","OPRP_OR_CCP_CANDIDATE_NOT_CONFIRMED","microbial growth/toxin formation or safety loss during cooling, reheating, storage, holding, delivery or service","APPLICABILITY_PENDING: cooked components must have a validated cooling route if prepared in advance; otherwise use immediate assembly/service route documented by PPK; NOT_PLANNED_IN_DRAFT: any reheating is a process change requiring hazard review and validation; manufacturer/validated storage, holding, delivery and shelf-life conditions by channel","null","batch label and time/temperature/process record; exact method/frequency/instrument pending approved route and validation","block release; isolate unvalidated, expired, untraceable or deviating product; documented disposal or justified disposition","EVD-0014;EVD-FS-001;EVD-FS-003;EVD-FS-006","BLOCKED_PENDING_VALIDATION","SBL-VKM-013-04","Food Safety/PPK owner; Operations; Chef"
"VKM-013","Слабосолёный лосось","0.2.0-REMEDIATION","2026-08-03","0.1.0-DRAFT","c6b22ad5f2812cc989a0d3593f40e21207da8f53","CCP-VKM-013-05","TRACEABILITY_AND_CONSUMER_INFORMATION","PRP","untraceable ingredient/finished batch or incomplete allergen information","recipe version, SKU and lot links, production time, responsible person, channel label/allergen statement, recall/disposition record","100% required traceability fields completed; allergen absence claims prohibited until evidence complete","record review before release and periodic traceability exercise","block release; restore traceability if evidence permits; otherwise dispose/recall per approved procedure","EVD-0012;EVD-0015;EVD-FS-001;EVD-FS-002","DRAFT","SBL-VKM-013-05","Food Safety/PPK owner; Operations"
"VKM-014","Сельдь с запечённым картофелем","0.2.0-REMEDIATION","2026-08-03","0.1.0-DRAFT","c6b22ad5f2812cc989a0d3593f40e21207da8f53","CCP-VKM-014-01","RECEIVING","OPRP_CANDIDATE","unacceptable/undocumented raw material; temperature abuse; lot mismatch","documents, lot, integrity, manufacturer storage/transport conditions and receipt measurement where applicable","null","receiving record and document match; calibrated measurement method to be approved","quarantine/reject; document deviation; prevent use until disposition","EVD-FS-001;EVD-FS-003;EVD-FS-006","BLOCKED_PENDING_VALIDATION","SBL-VKM-014-01","Procurement; Food Safety/PPK owner"
"VKM-014","Сельдь с запечённым картофелем","0.2.0-REMEDIATION","2026-08-03","0.1.0-DRAFT","c6b22ad5f2812cc989a0d3593f40e21207da8f53","CCP-VKM-014-02","PREPARATION_AND_CROSS_CONTACT","PRP_OR_OPRP_TO_BE_DETERMINED","microbiological/allergen/physical cross-contamination","zoning, separation, cleaning verification, utensil/equipment changeover, hand hygiene","null","site HACCP/PPK checklist; recipe/allergen changeover record","stop; isolate affected food; re-clean; assess disposition; record and retrain","EVD-FS-001;EVD-FS-002","BLOCKED_PENDING_VALIDATION","SBL-VKM-014-02","Food Safety/PPK owner; Operations"
"VKM-014","Сельдь с запечённым картофелем","0.2.0-REMEDIATION","2026-08-03","0.1.0-DRAFT","c6b22ad5f2812cc989a0d3593f40e21207da8f53","CCP-VKM-014-03","PROCESS","CCP_CANDIDATE_NOT_CONFIRMED","temperature abuse; microbiological hazards; raw-material species/lot/document mismatch; applicable fish/seafood hazards require supplier evidence","separate controls for ready-to-eat fish and cooked potato; assembly time/cold-chain","null","method/frequency/equipment cannot be fixed before recipe and validation","do not release batch when validated limit is absent or deviation occurs; isolate and document disposition","EVD-0013;EVD-0014;EVD-FS-001","BLOCKED_PENDING_VALIDATION","SBL-VKM-014-03","Food Safety/PPK owner; Chef; Operations"
"VKM-014","Сельдь с запечённым картофелем","0.2.0-REMEDIATION","2026-08-03","0.1.0-DRAFT","c6b22ad5f2812cc989a0d3593f40e21207da8f53","CCP-VKM-014-04","COOLING_REHEATING_STORAGE_HOLDING_SERVICE","OPRP_OR_CCP_CANDIDATE_NOT_CONFIRMED","microbial growth/toxin formation or safety loss during cooling, reheating, storage, holding, delivery or service","APPLICABILITY_PENDING: cooked components must have a validated cooling route if prepared in advance; otherwise use immediate assembly/service route documented by PPK; NOT_PLANNED_IN_DRAFT: any reheating is a process change requiring hazard review and validation; manufacturer/validated storage, holding, delivery and shelf-life conditions by channel","null","batch label and time/temperature/process record; exact method/frequency/instrument pending approved route and validation","block release; isolate unvalidated, expired, untraceable or deviating product; documented disposal or justified disposition","EVD-0014;EVD-FS-001;EVD-FS-003;EVD-FS-006","BLOCKED_PENDING_VALIDATION","SBL-VKM-014-04","Food Safety/PPK owner; Operations; Chef"
"VKM-014","Сельдь с запечённым картофелем","0.2.0-REMEDIATION","2026-08-03","0.1.0-DRAFT","c6b22ad5f2812cc989a0d3593f40e21207da8f53","CCP-VKM-014-05","TRACEABILITY_AND_CONSUMER_INFORMATION","PRP","untraceable ingredient/finished batch or incomplete allergen information","recipe version, SKU and lot links, production time, responsible person, channel label/allergen statement, recall/disposition record","100% required traceability fields completed; allergen absence claims prohibited until evidence complete","record review before release and periodic traceability exercise","block release; restore traceability if evidence permits; otherwise dispose/recall per approved procedure","EVD-0012;EVD-0015;EVD-FS-001;EVD-FS-002","DRAFT","SBL-VKM-014-05","Food Safety/PPK owner; Operations"
"VKM-015","Оливки и маслины","0.2.0-REMEDIATION","2026-08-03","0.1.0-DRAFT","c6b22ad5f2812cc989a0d3593f40e21207da8f53","CCP-VKM-015-01","RECEIVING","OPRP_CANDIDATE","unacceptable/undocumented raw material; temperature abuse; lot mismatch","documents, lot, integrity, manufacturer storage/transport conditions and receipt measurement where applicable","null","receiving record and document match; calibrated measurement method to be approved","quarantine/reject; document deviation; prevent use until disposition","EVD-FS-001;EVD-FS-003","BLOCKED_PENDING_VALIDATION","SBL-VKM-015-01","Procurement; Food Safety/PPK owner"
"VKM-015","Оливки и маслины","0.2.0-REMEDIATION","2026-08-03","0.1.0-DRAFT","c6b22ad5f2812cc989a0d3593f40e21207da8f53","CCP-VKM-015-02","PREPARATION_AND_CROSS_CONTACT","PRP_OR_OPRP_TO_BE_DETERMINED","microbiological/allergen/physical cross-contamination","zoning, separation, cleaning verification, utensil/equipment changeover, hand hygiene","null","site HACCP/PPK checklist; recipe/allergen changeover record","stop; isolate affected food; re-clean; assess disposition; record and retrain","EVD-FS-001;EVD-FS-002","BLOCKED_PENDING_VALIDATION","SBL-VKM-015-02","Food Safety/PPK owner; Operations"
"VKM-015","Оливки и маслины","0.2.0-REMEDIATION","2026-08-03","0.1.0-DRAFT","c6b22ad5f2812cc989a0d3593f40e21207da8f53","CCP-VKM-015-03","PROCESS","CCP_CANDIDATE_NOT_CONFIRMED","growth or transfer of microorganisms during receipt/preparation/service; contamination from raw produce or ready-to-eat components","cold-chain and time-out-of-control limit","null","method/frequency/equipment cannot be fixed before recipe and validation","do not release batch when validated limit is absent or deviation occurs; isolate and document disposition","EVD-0013;EVD-0014;EVD-FS-001","BLOCKED_PENDING_VALIDATION","SBL-VKM-015-03","Food Safety/PPK owner; Chef; Operations"
"VKM-015","Оливки и маслины","0.2.0-REMEDIATION","2026-08-03","0.1.0-DRAFT","c6b22ad5f2812cc989a0d3593f40e21207da8f53","CCP-VKM-015-04","COOLING_REHEATING_STORAGE_HOLDING_SERVICE","OPRP_OR_CCP_CANDIDATE_NOT_CONFIRMED","microbial growth/toxin formation or safety loss during cooling, reheating, storage, holding, delivery or service","APPLICABILITY_PENDING: cooked components must have a validated cooling route if prepared in advance; otherwise use immediate assembly/service route documented by PPK; NOT_PLANNED_IN_DRAFT: any reheating is a process change requiring hazard review and validation; manufacturer/validated storage, holding, delivery and shelf-life conditions by channel","null","batch label and time/temperature/process record; exact method/frequency/instrument pending approved route and validation","block release; isolate unvalidated, expired, untraceable or deviating product; documented disposal or justified disposition","EVD-0014;EVD-FS-001;EVD-FS-003","BLOCKED_PENDING_VALIDATION","SBL-VKM-015-04","Food Safety/PPK owner; Operations; Chef"
"VKM-015","Оливки и маслины","0.2.0-REMEDIATION","2026-08-03","0.1.0-DRAFT","c6b22ad5f2812cc989a0d3593f40e21207da8f53","CCP-VKM-015-05","TRACEABILITY_AND_CONSUMER_INFORMATION","PRP","untraceable ingredient/finished batch or incomplete allergen information","recipe version, SKU and lot links, production time, responsible person, channel label/allergen statement, recall/disposition record","100% required traceability fields completed; allergen absence claims prohibited until evidence complete","record review before release and periodic traceability exercise","block release; restore traceability if evidence permits; otherwise dispose/recall per approved procedure","EVD-0012;EVD-0015;EVD-FS-001;EVD-FS-002","DRAFT","SBL-VKM-015-05","Food Safety/PPK owner; Operations"
"VKM-016","Ассорти фирменных солений","0.2.0-REMEDIATION","2026-08-03","0.1.0-DRAFT","c6b22ad5f2812cc989a0d3593f40e21207da8f53","CCP-VKM-016-01","RECEIVING","OPRP_CANDIDATE","unacceptable/undocumented raw material; temperature abuse; lot mismatch","documents, lot, integrity, manufacturer storage/transport conditions and receipt measurement where applicable","null","receiving record and document match; calibrated measurement method to be approved","quarantine/reject; document deviation; prevent use until disposition","EVD-FS-001;EVD-FS-003","BLOCKED_PENDING_VALIDATION","SBL-VKM-016-01","Procurement; Food Safety/PPK owner"
"VKM-016","Ассорти фирменных солений","0.2.0-REMEDIATION","2026-08-03","0.1.0-DRAFT","c6b22ad5f2812cc989a0d3593f40e21207da8f53","CCP-VKM-016-02","PREPARATION_AND_CROSS_CONTACT","PRP_OR_OPRP_TO_BE_DETERMINED","microbiological/allergen/physical cross-contamination","zoning, separation, cleaning verification, utensil/equipment changeover, hand hygiene","null","site HACCP/PPK checklist; recipe/allergen changeover record","stop; isolate affected food; re-clean; assess disposition; record and retrain","EVD-FS-001;EVD-FS-002","BLOCKED_PENDING_VALIDATION","SBL-VKM-016-02","Food Safety/PPK owner; Operations"
"VKM-016","Ассорти фирменных солений","0.2.0-REMEDIATION","2026-08-03","0.1.0-DRAFT","c6b22ad5f2812cc989a0d3593f40e21207da8f53","CCP-VKM-016-03","PROCESS","CCP_CANDIDATE_NOT_CONFIRMED","unvalidated acidification/preservation process; microbiological growth if recipe, pH and time are not validated","validated acidification/pH/time and cold-chain limit","null","method/frequency/equipment cannot be fixed before recipe and validation","do not release batch when validated limit is absent or deviation occurs; isolate and document disposition","EVD-0013;EVD-0014;EVD-FS-001","BLOCKED_PENDING_VALIDATION","SBL-VKM-016-03","Food Safety/PPK owner; Chef; Operations"
"VKM-016","Ассорти фирменных солений","0.2.0-REMEDIATION","2026-08-03","0.1.0-DRAFT","c6b22ad5f2812cc989a0d3593f40e21207da8f53","CCP-VKM-016-04","COOLING_REHEATING_STORAGE_HOLDING_SERVICE","OPRP_OR_CCP_CANDIDATE_NOT_CONFIRMED","microbial growth/toxin formation or safety loss during cooling, reheating, storage, holding, delivery or service","APPLICABILITY_PENDING: cooked components must have a validated cooling route if prepared in advance; otherwise use immediate assembly/service route documented by PPK; NOT_PLANNED_IN_DRAFT: any reheating is a process change requiring hazard review and validation; manufacturer/validated storage, holding, delivery and shelf-life conditions by channel","null","batch label and time/temperature/process record; exact method/frequency/instrument pending approved route and validation","block release; isolate unvalidated, expired, untraceable or deviating product; documented disposal or justified disposition","EVD-0014;EVD-FS-001;EVD-FS-003","BLOCKED_PENDING_VALIDATION","SBL-VKM-016-04","Food Safety/PPK owner; Operations; Chef"
"VKM-016","Ассорти фирменных солений","0.2.0-REMEDIATION","2026-08-03","0.1.0-DRAFT","c6b22ad5f2812cc989a0d3593f40e21207da8f53","CCP-VKM-016-05","TRACEABILITY_AND_CONSUMER_INFORMATION","PRP","untraceable ingredient/finished batch or incomplete allergen information","recipe version, SKU and lot links, production time, responsible person, channel label/allergen statement, recall/disposition record","100% required traceability fields completed; allergen absence claims prohibited until evidence complete","record review before release and periodic traceability exercise","block release; restore traceability if evidence permits; otherwise dispose/recall per approved procedure","EVD-0012;EVD-0015;EVD-FS-001;EVD-FS-002","DRAFT","SBL-VKM-016-05","Food Safety/PPK owner; Operations"
"VKM-017","Ростбиф с луком и гренкой","0.2.0-REMEDIATION","2026-08-03","0.1.0-DRAFT","c6b22ad5f2812cc989a0d3593f40e21207da8f53","CCP-VKM-017-01","RECEIVING","OPRP_CANDIDATE","unacceptable/undocumented raw material; temperature abuse; lot mismatch","documents, lot, integrity, manufacturer storage/transport conditions and receipt measurement where applicable","null","receiving record and document match; calibrated measurement method to be approved","quarantine/reject; document deviation; prevent use until disposition","EVD-FS-001;EVD-FS-003;EVD-FS-008","BLOCKED_PENDING_VALIDATION","SBL-VKM-017-01","Procurement; Food Safety/PPK owner"
"VKM-017","Ростбиф с луком и гренкой","0.2.0-REMEDIATION","2026-08-03","0.1.0-DRAFT","c6b22ad5f2812cc989a0d3593f40e21207da8f53","CCP-VKM-017-02","PREPARATION_AND_CROSS_CONTACT","PRP_OR_OPRP_TO_BE_DETERMINED","microbiological/allergen/physical cross-contamination","zoning, separation, cleaning verification, utensil/equipment changeover, hand hygiene","null","site HACCP/PPK checklist; recipe/allergen changeover record","stop; isolate affected food; re-clean; assess disposition; record and retrain","EVD-FS-001;EVD-FS-002","BLOCKED_PENDING_VALIDATION","SBL-VKM-017-02","Food Safety/PPK owner; Operations"
"VKM-017","Ростбиф с луком и гренкой","0.2.0-REMEDIATION","2026-08-03","0.1.0-DRAFT","c6b22ad5f2812cc989a0d3593f40e21207da8f53","CCP-VKM-017-03","PROCESS","CCP_CANDIDATE_NOT_CONFIRMED","temperature abuse; microbiological hazards; raw/ready-to-eat cross-contamination; veterinary/lot documentation gap","cold-chain and time-out-of-control limit","null","method/frequency/equipment cannot be fixed before recipe and validation","do not release batch when validated limit is absent or deviation occurs; isolate and document disposition","EVD-0013;EVD-0014;EVD-FS-001","BLOCKED_PENDING_VALIDATION","SBL-VKM-017-03","Food Safety/PPK owner; Chef; Operations"
"VKM-017","Ростбиф с луком и гренкой","0.2.0-REMEDIATION","2026-08-03","0.1.0-DRAFT","c6b22ad5f2812cc989a0d3593f40e21207da8f53","CCP-VKM-017-04","COOLING_REHEATING_STORAGE_HOLDING_SERVICE","OPRP_OR_CCP_CANDIDATE_NOT_CONFIRMED","microbial growth/toxin formation or safety loss during cooling, reheating, storage, holding, delivery or service","APPLICABILITY_PENDING: cooked components must have a validated cooling route if prepared in advance; otherwise use immediate assembly/service route documented by PPK; NOT_PLANNED_IN_DRAFT: any reheating is a process change requiring hazard review and validation; manufacturer/validated storage, holding, delivery and shelf-life conditions by channel","null","batch label and time/temperature/process record; exact method/frequency/instrument pending approved route and validation","block release; isolate unvalidated, expired, untraceable or deviating product; documented disposal or justified disposition","EVD-0014;EVD-FS-001;EVD-FS-003;EVD-FS-008","BLOCKED_PENDING_VALIDATION","SBL-VKM-017-04","Food Safety/PPK owner; Operations; Chef"
"VKM-017","Ростбиф с луком и гренкой","0.2.0-REMEDIATION","2026-08-03","0.1.0-DRAFT","c6b22ad5f2812cc989a0d3593f40e21207da8f53","CCP-VKM-017-05","TRACEABILITY_AND_CONSUMER_INFORMATION","PRP","untraceable ingredient/finished batch or incomplete allergen information","recipe version, SKU and lot links, production time, responsible person, channel label/allergen statement, recall/disposition record","100% required traceability fields completed; allergen absence claims prohibited until evidence complete","record review before release and periodic traceability exercise","block release; restore traceability if evidence permits; otherwise dispose/recall per approved procedure","EVD-0012;EVD-0015;EVD-FS-001;EVD-FS-002","DRAFT","SBL-VKM-017-05","Food Safety/PPK owner; Operations"
"VKM-018","Традиционный красный борщ","0.2.0-REMEDIATION","2026-08-03","0.1.0-DRAFT","c6b22ad5f2812cc989a0d3593f40e21207da8f53","CCP-VKM-018-01","RECEIVING","OPRP_CANDIDATE","unacceptable/undocumented raw material; temperature abuse; lot mismatch","documents, lot, integrity, manufacturer storage/transport conditions and receipt measurement where applicable","null","receiving record and document match; calibrated measurement method to be approved","quarantine/reject; document deviation; prevent use until disposition","EVD-FS-001;EVD-FS-003;EVD-FS-007","BLOCKED_PENDING_VALIDATION","SBL-VKM-018-01","Procurement; Food Safety/PPK owner"
"VKM-018","Традиционный красный борщ","0.2.0-REMEDIATION","2026-08-03","0.1.0-DRAFT","c6b22ad5f2812cc989a0d3593f40e21207da8f53","CCP-VKM-018-02","PREPARATION_AND_CROSS_CONTACT","PRP_OR_OPRP_TO_BE_DETERMINED","microbiological/allergen/physical cross-contamination","zoning, separation, cleaning verification, utensil/equipment changeover, hand hygiene","null","site HACCP/PPK checklist; recipe/allergen changeover record","stop; isolate affected food; re-clean; assess disposition; record and retrain","EVD-FS-001;EVD-FS-002","BLOCKED_PENDING_VALIDATION","SBL-VKM-018-02","Food Safety/PPK owner; Operations"
"VKM-018","Традиционный красный борщ","0.2.0-REMEDIATION","2026-08-03","0.1.0-DRAFT","c6b22ad5f2812cc989a0d3593f40e21207da8f53","CCP-VKM-018-03","PROCESS","CCP_CANDIDATE_NOT_CONFIRMED","raw-material and process-dependent microbiological hazards; survival/growth if the validated process is absent","validated heat-treatment, holding and/or immediate-service limits by final process","null","method/frequency/equipment cannot be fixed before recipe and validation","do not release batch when validated limit is absent or deviation occurs; isolate and document disposition","EVD-0013;EVD-0014;EVD-FS-001","BLOCKED_PENDING_VALIDATION","SBL-VKM-018-03","Food Safety/PPK owner; Chef; Operations"
"VKM-018","Традиционный красный борщ","0.2.0-REMEDIATION","2026-08-03","0.1.0-DRAFT","c6b22ad5f2812cc989a0d3593f40e21207da8f53","CCP-VKM-018-04","COOLING_REHEATING_STORAGE_HOLDING_SERVICE","OPRP_OR_CCP_CANDIDATE_NOT_CONFIRMED","microbial growth/toxin formation or safety loss during cooling, reheating, storage, holding, delivery or service","CONDITIONAL: applies if any component is prepared in advance; cooling route and limit require validation; CONDITIONAL: applies only to an approved make-ahead route; reheating route and limit require validation; manufacturer/validated storage, holding, delivery and shelf-life conditions by channel","null","batch label and time/temperature/process record; exact method/frequency/instrument pending approved route and validation","block release; isolate unvalidated, expired, untraceable or deviating product; documented disposal or justified disposition","EVD-0014;EVD-FS-001;EVD-FS-003;EVD-FS-007","BLOCKED_PENDING_VALIDATION","SBL-VKM-018-04","Food Safety/PPK owner; Operations; Chef"
"VKM-018","Традиционный красный борщ","0.2.0-REMEDIATION","2026-08-03","0.1.0-DRAFT","c6b22ad5f2812cc989a0d3593f40e21207da8f53","CCP-VKM-018-05","TRACEABILITY_AND_CONSUMER_INFORMATION","PRP","untraceable ingredient/finished batch or incomplete allergen information","recipe version, SKU and lot links, production time, responsible person, channel label/allergen statement, recall/disposition record","100% required traceability fields completed; allergen absence claims prohibited until evidence complete","record review before release and periodic traceability exercise","block release; restore traceability if evidence permits; otherwise dispose/recall per approved procedure","EVD-0012;EVD-0015;EVD-FS-001;EVD-FS-002","DRAFT","SBL-VKM-018-05","Food Safety/PPK owner; Operations"
"VKM-019","Мурманская треска со сливочно-горчичным соусом","0.2.0-REMEDIATION","2026-08-03","0.1.0-DRAFT","c6b22ad5f2812cc989a0d3593f40e21207da8f53","CCP-VKM-019-01","RECEIVING","OPRP_CANDIDATE","unacceptable/undocumented raw material; temperature abuse; lot mismatch","documents, lot, integrity, manufacturer storage/transport conditions and receipt measurement where applicable","null","receiving record and document match; calibrated measurement method to be approved","quarantine/reject; document deviation; prevent use until disposition","EVD-FS-001;EVD-FS-003;EVD-FS-007;EVD-FS-006","BLOCKED_PENDING_VALIDATION","SBL-VKM-019-01","Procurement; Food Safety/PPK owner"
"VKM-019","Мурманская треска со сливочно-горчичным соусом","0.2.0-REMEDIATION","2026-08-03","0.1.0-DRAFT","c6b22ad5f2812cc989a0d3593f40e21207da8f53","CCP-VKM-019-02","PREPARATION_AND_CROSS_CONTACT","PRP_OR_OPRP_TO_BE_DETERMINED","microbiological/allergen/physical cross-contamination","zoning, separation, cleaning verification, utensil/equipment changeover, hand hygiene","null","site HACCP/PPK checklist; recipe/allergen changeover record","stop; isolate affected food; re-clean; assess disposition; record and retrain","EVD-FS-001;EVD-FS-002","BLOCKED_PENDING_VALIDATION","SBL-VKM-019-02","Food Safety/PPK owner; Operations"
"VKM-019","Мурманская треска со сливочно-горчичным соусом","0.2.0-REMEDIATION","2026-08-03","0.1.0-DRAFT","c6b22ad5f2812cc989a0d3593f40e21207da8f53","CCP-VKM-019-03","PROCESS","CCP_CANDIDATE_NOT_CONFIRMED","temperature abuse; microbiological hazards; raw-material species/lot/document mismatch; applicable fish/seafood hazards require supplier evidence","validated heat-treatment, holding and/or immediate-service limits by final process","null","method/frequency/equipment cannot be fixed before recipe and validation","do not release batch when validated limit is absent or deviation occurs; isolate and document disposition","EVD-0013;EVD-0014;EVD-FS-001","BLOCKED_PENDING_VALIDATION","SBL-VKM-019-03","Food Safety/PPK owner; Chef; Operations"
"VKM-019","Мурманская треска со сливочно-горчичным соусом","0.2.0-REMEDIATION","2026-08-03","0.1.0-DRAFT","c6b22ad5f2812cc989a0d3593f40e21207da8f53","CCP-VKM-019-04","COOLING_REHEATING_STORAGE_HOLDING_SERVICE","OPRP_OR_CCP_CANDIDATE_NOT_CONFIRMED","microbial growth/toxin formation or safety loss during cooling, reheating, storage, holding, delivery or service","CONDITIONAL: applies if any component is prepared in advance; cooling route and limit require validation; CONDITIONAL: applies only to an approved make-ahead route; reheating route and limit require validation; manufacturer/validated storage, holding, delivery and shelf-life conditions by channel","null","batch label and time/temperature/process record; exact method/frequency/instrument pending approved route and validation","block release; isolate unvalidated, expired, untraceable or deviating product; documented disposal or justified disposition","EVD-0014;EVD-FS-001;EVD-FS-003;EVD-FS-007;EVD-FS-006","BLOCKED_PENDING_VALIDATION","SBL-VKM-019-04","Food Safety/PPK owner; Operations; Chef"
"VKM-019","Мурманская треска со сливочно-горчичным соусом","0.2.0-REMEDIATION","2026-08-03","0.1.0-DRAFT","c6b22ad5f2812cc989a0d3593f40e21207da8f53","CCP-VKM-019-05","TRACEABILITY_AND_CONSUMER_INFORMATION","PRP","untraceable ingredient/finished batch or incomplete allergen information","recipe version, SKU and lot links, production time, responsible person, channel label/allergen statement, recall/disposition record","100% required traceability fields completed; allergen absence claims prohibited until evidence complete","record review before release and periodic traceability exercise","block release; restore traceability if evidence permits; otherwise dispose/recall per approved procedure","EVD-0012;EVD-0015;EVD-FS-001;EVD-FS-002","DRAFT","SBL-VKM-019-05","Food Safety/PPK owner; Operations"
"VKM-020","Креветки по-тайски","0.2.0-REMEDIATION","2026-08-03","0.1.0-DRAFT","c6b22ad5f2812cc989a0d3593f40e21207da8f53","CCP-VKM-020-01","RECEIVING","OPRP_CANDIDATE","unacceptable/undocumented raw material; temperature abuse; lot mismatch","documents, lot, integrity, manufacturer storage/transport conditions and receipt measurement where applicable","null","receiving record and document match; calibrated measurement method to be approved","quarantine/reject; document deviation; prevent use until disposition","EVD-FS-001;EVD-FS-003;EVD-FS-006","BLOCKED_PENDING_VALIDATION","SBL-VKM-020-01","Procurement; Food Safety/PPK owner"
"VKM-020","Креветки по-тайски","0.2.0-REMEDIATION","2026-08-03","0.1.0-DRAFT","c6b22ad5f2812cc989a0d3593f40e21207da8f53","CCP-VKM-020-02","PREPARATION_AND_CROSS_CONTACT","PRP_OR_OPRP_TO_BE_DETERMINED","microbiological/allergen/physical cross-contamination","zoning, separation, cleaning verification, utensil/equipment changeover, hand hygiene","null","site HACCP/PPK checklist; recipe/allergen changeover record","stop; isolate affected food; re-clean; assess disposition; record and retrain","EVD-FS-001;EVD-FS-002","BLOCKED_PENDING_VALIDATION","SBL-VKM-020-02","Food Safety/PPK owner; Operations"
"VKM-020","Креветки по-тайски","0.2.0-REMEDIATION","2026-08-03","0.1.0-DRAFT","c6b22ad5f2812cc989a0d3593f40e21207da8f53","CCP-VKM-020-03","PROCESS","CCP_CANDIDATE_NOT_CONFIRMED","temperature abuse; microbiological hazards; raw-material species/lot/document mismatch; applicable fish/seafood hazards require supplier evidence","validated heat-treatment, holding and/or immediate-service limits by final process","null","method/frequency/equipment cannot be fixed before recipe and validation","do not release batch when validated limit is absent or deviation occurs; isolate and document disposition","EVD-0013;EVD-0014;EVD-FS-001","BLOCKED_PENDING_VALIDATION","SBL-VKM-020-03","Food Safety/PPK owner; Chef; Operations"
"VKM-020","Креветки по-тайски","0.2.0-REMEDIATION","2026-08-03","0.1.0-DRAFT","c6b22ad5f2812cc989a0d3593f40e21207da8f53","CCP-VKM-020-04","COOLING_REHEATING_STORAGE_HOLDING_SERVICE","OPRP_OR_CCP_CANDIDATE_NOT_CONFIRMED","microbial growth/toxin formation or safety loss during cooling, reheating, storage, holding, delivery or service","CONDITIONAL: applies if any component is prepared in advance; cooling route and limit require validation; CONDITIONAL: applies only to an approved make-ahead route; reheating route and limit require validation; manufacturer/validated storage, holding, delivery and shelf-life conditions by channel","null","batch label and time/temperature/process record; exact method/frequency/instrument pending approved route and validation","block release; isolate unvalidated, expired, untraceable or deviating product; documented disposal or justified disposition","EVD-0014;EVD-FS-001;EVD-FS-003;EVD-FS-006","BLOCKED_PENDING_VALIDATION","SBL-VKM-020-04","Food Safety/PPK owner; Operations; Chef"
"VKM-020","Креветки по-тайски","0.2.0-REMEDIATION","2026-08-03","0.1.0-DRAFT","c6b22ad5f2812cc989a0d3593f40e21207da8f53","CCP-VKM-020-05","TRACEABILITY_AND_CONSUMER_INFORMATION","PRP","untraceable ingredient/finished batch or incomplete allergen information","recipe version, SKU and lot links, production time, responsible person, channel label/allergen statement, recall/disposition record","100% required traceability fields completed; allergen absence claims prohibited until evidence complete","record review before release and periodic traceability exercise","block release; restore traceability if evidence permits; otherwise dispose/recall per approved procedure","EVD-0012;EVD-0015;EVD-FS-001;EVD-FS-002","DRAFT","SBL-VKM-020-05","Food Safety/PPK owner; Operations"
"VKM-021","Бургер VARSHAVKA","0.2.0-REMEDIATION","2026-08-03","0.1.0-DRAFT","c6b22ad5f2812cc989a0d3593f40e21207da8f53","CCP-VKM-021-01","RECEIVING","OPRP_CANDIDATE","unacceptable/undocumented raw material; temperature abuse; lot mismatch","documents, lot, integrity, manufacturer storage/transport conditions and receipt measurement where applicable","null","receiving record and document match; calibrated measurement method to be approved","quarantine/reject; document deviation; prevent use until disposition","EVD-FS-001;EVD-FS-003;EVD-FS-007;EVD-FS-008","BLOCKED_PENDING_VALIDATION","SBL-VKM-021-01","Procurement; Food Safety/PPK owner"
"VKM-021","Бургер VARSHAVKA","0.2.0-REMEDIATION","2026-08-03","0.1.0-DRAFT","c6b22ad5f2812cc989a0d3593f40e21207da8f53","CCP-VKM-021-02","PREPARATION_AND_CROSS_CONTACT","PRP_OR_OPRP_TO_BE_DETERMINED","microbiological/allergen/physical cross-contamination","zoning, separation, cleaning verification, utensil/equipment changeover, hand hygiene","null","site HACCP/PPK checklist; recipe/allergen changeover record","stop; isolate affected food; re-clean; assess disposition; record and retrain","EVD-FS-001;EVD-FS-002","BLOCKED_PENDING_VALIDATION","SBL-VKM-021-02","Food Safety/PPK owner; Operations"
"VKM-021","Бургер VARSHAVKA","0.2.0-REMEDIATION","2026-08-03","0.1.0-DRAFT","c6b22ad5f2812cc989a0d3593f40e21207da8f53","CCP-VKM-021-03","PROCESS","CCP_CANDIDATE_NOT_CONFIRMED","temperature abuse; microbiological hazards; raw/ready-to-eat cross-contamination; veterinary/lot documentation gap","validated heat-treatment, holding and/or immediate-service limits by final process","null","method/frequency/equipment cannot be fixed before recipe and validation","do not release batch when validated limit is absent or deviation occurs; isolate and document disposition","EVD-0013;EVD-0014;EVD-FS-001","BLOCKED_PENDING_VALIDATION","SBL-VKM-021-03","Food Safety/PPK owner; Chef; Operations"
"VKM-021","Бургер VARSHAVKA","0.2.0-REMEDIATION","2026-08-03","0.1.0-DRAFT","c6b22ad5f2812cc989a0d3593f40e21207da8f53","CCP-VKM-021-04","COOLING_REHEATING_STORAGE_HOLDING_SERVICE","OPRP_OR_CCP_CANDIDATE_NOT_CONFIRMED","microbial growth/toxin formation or safety loss during cooling, reheating, storage, holding, delivery or service","CONDITIONAL: applies if any component is prepared in advance; cooling route and limit require validation; CONDITIONAL: applies only to an approved make-ahead route; reheating route and limit require validation; manufacturer/validated storage, holding, delivery and shelf-life conditions by channel","null","batch label and time/temperature/process record; exact method/frequency/instrument pending approved route and validation","block release; isolate unvalidated, expired, untraceable or deviating product; documented disposal or justified disposition","EVD-0014;EVD-FS-001;EVD-FS-003;EVD-FS-007;EVD-FS-008","BLOCKED_PENDING_VALIDATION","SBL-VKM-021-04","Food Safety/PPK owner; Operations; Chef"
"VKM-021","Бургер VARSHAVKA","0.2.0-REMEDIATION","2026-08-03","0.1.0-DRAFT","c6b22ad5f2812cc989a0d3593f40e21207da8f53","CCP-VKM-021-05","TRACEABILITY_AND_CONSUMER_INFORMATION","PRP","untraceable ingredient/finished batch or incomplete allergen information","recipe version, SKU and lot links, production time, responsible person, channel label/allergen statement, recall/disposition record","100% required traceability fields completed; allergen absence claims prohibited until evidence complete","record review before release and periodic traceability exercise","block release; restore traceability if evidence permits; otherwise dispose/recall per approved procedure","EVD-0012;EVD-0015;EVD-FS-001;EVD-FS-002","DRAFT","SBL-VKM-021-05","Food Safety/PPK owner; Operations"
"VKM-022","Миньоны из говяжьей вырезки","0.2.0-REMEDIATION","2026-08-03","0.1.0-DRAFT","c6b22ad5f2812cc989a0d3593f40e21207da8f53","CCP-VKM-022-01","RECEIVING","OPRP_CANDIDATE","unacceptable/undocumented raw material; temperature abuse; lot mismatch","documents, lot, integrity, manufacturer storage/transport conditions and receipt measurement where applicable","null","receiving record and document match; calibrated measurement method to be approved","quarantine/reject; document deviation; prevent use until disposition","EVD-FS-001;EVD-FS-003;EVD-FS-008","BLOCKED_PENDING_VALIDATION","SBL-VKM-022-01","Procurement; Food Safety/PPK owner"
"VKM-022","Миньоны из говяжьей вырезки","0.2.0-REMEDIATION","2026-08-03","0.1.0-DRAFT","c6b22ad5f2812cc989a0d3593f40e21207da8f53","CCP-VKM-022-02","PREPARATION_AND_CROSS_CONTACT","PRP_OR_OPRP_TO_BE_DETERMINED","microbiological/allergen/physical cross-contamination","zoning, separation, cleaning verification, utensil/equipment changeover, hand hygiene","null","site HACCP/PPK checklist; recipe/allergen changeover record","stop; isolate affected food; re-clean; assess disposition; record and retrain","EVD-FS-001;EVD-FS-002","BLOCKED_PENDING_VALIDATION","SBL-VKM-022-02","Food Safety/PPK owner; Operations"
"VKM-022","Миньоны из говяжьей вырезки","0.2.0-REMEDIATION","2026-08-03","0.1.0-DRAFT","c6b22ad5f2812cc989a0d3593f40e21207da8f53","CCP-VKM-022-03","PROCESS","CCP_CANDIDATE_NOT_CONFIRMED","temperature abuse; microbiological hazards; raw/ready-to-eat cross-contamination; veterinary/lot documentation gap","validated heat-treatment, holding and/or immediate-service limits by final process","null","method/frequency/equipment cannot be fixed before recipe and validation","do not release batch when validated limit is absent or deviation occurs; isolate and document disposition","EVD-0013;EVD-0014;EVD-FS-001","BLOCKED_PENDING_VALIDATION","SBL-VKM-022-03","Food Safety/PPK owner; Chef; Operations"
"VKM-022","Миньоны из говяжьей вырезки","0.2.0-REMEDIATION","2026-08-03","0.1.0-DRAFT","c6b22ad5f2812cc989a0d3593f40e21207da8f53","CCP-VKM-022-04","COOLING_REHEATING_STORAGE_HOLDING_SERVICE","OPRP_OR_CCP_CANDIDATE_NOT_CONFIRMED","microbial growth/toxin formation or safety loss during cooling, reheating, storage, holding, delivery or service","CONDITIONAL: applies if any component is prepared in advance; cooling route and limit require validation; CONDITIONAL: applies only to an approved make-ahead route; reheating route and limit require validation; manufacturer/validated storage, holding, delivery and shelf-life conditions by channel","null","batch label and time/temperature/process record; exact method/frequency/instrument pending approved route and validation","block release; isolate unvalidated, expired, untraceable or deviating product; documented disposal or justified disposition","EVD-0014;EVD-FS-001;EVD-FS-003;EVD-FS-008","BLOCKED_PENDING_VALIDATION","SBL-VKM-022-04","Food Safety/PPK owner; Operations; Chef"
"VKM-022","Миньоны из говяжьей вырезки","0.2.0-REMEDIATION","2026-08-03","0.1.0-DRAFT","c6b22ad5f2812cc989a0d3593f40e21207da8f53","CCP-VKM-022-05","TRACEABILITY_AND_CONSUMER_INFORMATION","PRP","untraceable ingredient/finished batch or incomplete allergen information","recipe version, SKU and lot links, production time, responsible person, channel label/allergen statement, recall/disposition record","100% required traceability fields completed; allergen absence claims prohibited until evidence complete","record review before release and periodic traceability exercise","block release; restore traceability if evidence permits; otherwise dispose/recall per approved procedure","EVD-0012;EVD-0015;EVD-FS-001;EVD-FS-002","DRAFT","SBL-VKM-022-05","Food Safety/PPK owner; Operations"
"VKM-023","Запечённый картофель","0.2.0-REMEDIATION","2026-08-03","0.1.0-DRAFT","c6b22ad5f2812cc989a0d3593f40e21207da8f53","CCP-VKM-023-01","RECEIVING","OPRP_CANDIDATE","unacceptable/undocumented raw material; temperature abuse; lot mismatch","documents, lot, integrity, manufacturer storage/transport conditions and receipt measurement where applicable","null","receiving record and document match; calibrated measurement method to be approved","quarantine/reject; document deviation; prevent use until disposition","EVD-FS-001;EVD-FS-003","BLOCKED_PENDING_VALIDATION","SBL-VKM-023-01","Procurement; Food Safety/PPK owner"
"VKM-023","Запечённый картофель","0.2.0-REMEDIATION","2026-08-03","0.1.0-DRAFT","c6b22ad5f2812cc989a0d3593f40e21207da8f53","CCP-VKM-023-02","PREPARATION_AND_CROSS_CONTACT","PRP_OR_OPRP_TO_BE_DETERMINED","microbiological/allergen/physical cross-contamination","zoning, separation, cleaning verification, utensil/equipment changeover, hand hygiene","null","site HACCP/PPK checklist; recipe/allergen changeover record","stop; isolate affected food; re-clean; assess disposition; record and retrain","EVD-FS-001;EVD-FS-002","BLOCKED_PENDING_VALIDATION","SBL-VKM-023-02","Food Safety/PPK owner; Operations"
"VKM-023","Запечённый картофель","0.2.0-REMEDIATION","2026-08-03","0.1.0-DRAFT","c6b22ad5f2812cc989a0d3593f40e21207da8f53","CCP-VKM-023-03","PROCESS","CCP_CANDIDATE_NOT_CONFIRMED","raw-material and process-dependent microbiological hazards; survival/growth if the validated process is absent","validated heat-treatment, holding and/or immediate-service limits by final process","null","method/frequency/equipment cannot be fixed before recipe and validation","do not release batch when validated limit is absent or deviation occurs; isolate and document disposition","EVD-0013;EVD-0014;EVD-FS-001","BLOCKED_PENDING_VALIDATION","SBL-VKM-023-03","Food Safety/PPK owner; Chef; Operations"
"VKM-023","Запечённый картофель","0.2.0-REMEDIATION","2026-08-03","0.1.0-DRAFT","c6b22ad5f2812cc989a0d3593f40e21207da8f53","CCP-VKM-023-04","COOLING_REHEATING_STORAGE_HOLDING_SERVICE","OPRP_OR_CCP_CANDIDATE_NOT_CONFIRMED","microbial growth/toxin formation or safety loss during cooling, reheating, storage, holding, delivery or service","CONDITIONAL: applies if any component is prepared in advance; cooling route and limit require validation; CONDITIONAL: applies only to an approved make-ahead route; reheating route and limit require validation; manufacturer/validated storage, holding, delivery and shelf-life conditions by channel","null","batch label and time/temperature/process record; exact method/frequency/instrument pending approved route and validation","block release; isolate unvalidated, expired, untraceable or deviating product; documented disposal or justified disposition","EVD-0014;EVD-FS-001;EVD-FS-003","BLOCKED_PENDING_VALIDATION","SBL-VKM-023-04","Food Safety/PPK owner; Operations; Chef"
"VKM-023","Запечённый картофель","0.2.0-REMEDIATION","2026-08-03","0.1.0-DRAFT","c6b22ad5f2812cc989a0d3593f40e21207da8f53","CCP-VKM-023-05","TRACEABILITY_AND_CONSUMER_INFORMATION","PRP","untraceable ingredient/finished batch or incomplete allergen information","recipe version, SKU and lot links, production time, responsible person, channel label/allergen statement, recall/disposition record","100% required traceability fields completed; allergen absence claims prohibited until evidence complete","record review before release and periodic traceability exercise","block release; restore traceability if evidence permits; otherwise dispose/recall per approved procedure","EVD-0012;EVD-0015;EVD-FS-001;EVD-FS-002","DRAFT","SBL-VKM-023-05","Food Safety/PPK owner; Operations"
"VKM-024","Рис жасмин","0.2.0-REMEDIATION","2026-08-03","0.1.0-DRAFT","c6b22ad5f2812cc989a0d3593f40e21207da8f53","CCP-VKM-024-01","RECEIVING","OPRP_CANDIDATE","unacceptable/undocumented raw material; temperature abuse; lot mismatch","documents, lot, integrity, manufacturer storage/transport conditions and receipt measurement where applicable","null","receiving record and document match; calibrated measurement method to be approved","quarantine/reject; document deviation; prevent use until disposition","EVD-FS-001;EVD-FS-003;EVD-FS-007","BLOCKED_PENDING_VALIDATION","SBL-VKM-024-01","Procurement; Food Safety/PPK owner"
"VKM-024","Рис жасмин","0.2.0-REMEDIATION","2026-08-03","0.1.0-DRAFT","c6b22ad5f2812cc989a0d3593f40e21207da8f53","CCP-VKM-024-02","PREPARATION_AND_CROSS_CONTACT","PRP_OR_OPRP_TO_BE_DETERMINED","microbiological/allergen/physical cross-contamination","zoning, separation, cleaning verification, utensil/equipment changeover, hand hygiene","null","site HACCP/PPK checklist; recipe/allergen changeover record","stop; isolate affected food; re-clean; assess disposition; record and retrain","EVD-FS-001;EVD-FS-002","BLOCKED_PENDING_VALIDATION","SBL-VKM-024-02","Food Safety/PPK owner; Operations"
"VKM-024","Рис жасмин","0.2.0-REMEDIATION","2026-08-03","0.1.0-DRAFT","c6b22ad5f2812cc989a0d3593f40e21207da8f53","CCP-VKM-024-03","PROCESS","CCP_CANDIDATE_NOT_CONFIRMED","raw-material and process-dependent microbiological hazards; survival/growth if the validated process is absent","validated heat-treatment, holding and/or immediate-service limits by final process","null","method/frequency/equipment cannot be fixed before recipe and validation","do not release batch when validated limit is absent or deviation occurs; isolate and document disposition","EVD-0013;EVD-0014;EVD-FS-001","BLOCKED_PENDING_VALIDATION","SBL-VKM-024-03","Food Safety/PPK owner; Chef; Operations"
"VKM-024","Рис жасмин","0.2.0-REMEDIATION","2026-08-03","0.1.0-DRAFT","c6b22ad5f2812cc989a0d3593f40e21207da8f53","CCP-VKM-024-04","COOLING_REHEATING_STORAGE_HOLDING_SERVICE","OPRP_OR_CCP_CANDIDATE_NOT_CONFIRMED","microbial growth/toxin formation or safety loss during cooling, reheating, storage, holding, delivery or service","CONDITIONAL: applies if any component is prepared in advance; cooling route and limit require validation; CONDITIONAL: applies only to an approved make-ahead route; reheating route and limit require validation; manufacturer/validated storage, holding, delivery and shelf-life conditions by channel","null","batch label and time/temperature/process record; exact method/frequency/instrument pending approved route and validation","block release; isolate unvalidated, expired, untraceable or deviating product; documented disposal or justified disposition","EVD-0014;EVD-FS-001;EVD-FS-003;EVD-FS-007","BLOCKED_PENDING_VALIDATION","SBL-VKM-024-04","Food Safety/PPK owner; Operations; Chef"
"VKM-024","Рис жасмин","0.2.0-REMEDIATION","2026-08-03","0.1.0-DRAFT","c6b22ad5f2812cc989a0d3593f40e21207da8f53","CCP-VKM-024-05","TRACEABILITY_AND_CONSUMER_INFORMATION","PRP","untraceable ingredient/finished batch or incomplete allergen information","recipe version, SKU and lot links, production time, responsible person, channel label/allergen statement, recall/disposition record","100% required traceability fields completed; allergen absence claims prohibited until evidence complete","record review before release and periodic traceability exercise","block release; restore traceability if evidence permits; otherwise dispose/recall per approved procedure","EVD-0012;EVD-0015;EVD-FS-001;EVD-FS-002","DRAFT","SBL-VKM-024-05","Food Safety/PPK owner; Operations"
"VKM-025","Горячие овощи","0.2.0-REMEDIATION","2026-08-03","0.1.0-DRAFT","c6b22ad5f2812cc989a0d3593f40e21207da8f53","CCP-VKM-025-01","RECEIVING","OPRP_CANDIDATE","unacceptable/undocumented raw material; temperature abuse; lot mismatch","documents, lot, integrity, manufacturer storage/transport conditions and receipt measurement where applicable","null","receiving record and document match; calibrated measurement method to be approved","quarantine/reject; document deviation; prevent use until disposition","EVD-FS-001;EVD-FS-003","BLOCKED_PENDING_VALIDATION","SBL-VKM-025-01","Procurement; Food Safety/PPK owner"
"VKM-025","Горячие овощи","0.2.0-REMEDIATION","2026-08-03","0.1.0-DRAFT","c6b22ad5f2812cc989a0d3593f40e21207da8f53","CCP-VKM-025-02","PREPARATION_AND_CROSS_CONTACT","PRP_OR_OPRP_TO_BE_DETERMINED","microbiological/allergen/physical cross-contamination","zoning, separation, cleaning verification, utensil/equipment changeover, hand hygiene","null","site HACCP/PPK checklist; recipe/allergen changeover record","stop; isolate affected food; re-clean; assess disposition; record and retrain","EVD-FS-001;EVD-FS-002","BLOCKED_PENDING_VALIDATION","SBL-VKM-025-02","Food Safety/PPK owner; Operations"
"VKM-025","Горячие овощи","0.2.0-REMEDIATION","2026-08-03","0.1.0-DRAFT","c6b22ad5f2812cc989a0d3593f40e21207da8f53","CCP-VKM-025-03","PROCESS","CCP_CANDIDATE_NOT_CONFIRMED","raw-material and process-dependent microbiological hazards; survival/growth if the validated process is absent","validated heat-treatment, holding and/or immediate-service limits by final process","null","method/frequency/equipment cannot be fixed before recipe and validation","do not release batch when validated limit is absent or deviation occurs; isolate and document disposition","EVD-0013;EVD-0014;EVD-FS-001","BLOCKED_PENDING_VALIDATION","SBL-VKM-025-03","Food Safety/PPK owner; Chef; Operations"
"VKM-025","Горячие овощи","0.2.0-REMEDIATION","2026-08-03","0.1.0-DRAFT","c6b22ad5f2812cc989a0d3593f40e21207da8f53","CCP-VKM-025-04","COOLING_REHEATING_STORAGE_HOLDING_SERVICE","OPRP_OR_CCP_CANDIDATE_NOT_CONFIRMED","microbial growth/toxin formation or safety loss during cooling, reheating, storage, holding, delivery or service","CONDITIONAL: applies if any component is prepared in advance; cooling route and limit require validation; CONDITIONAL: applies only to an approved make-ahead route; reheating route and limit require validation; manufacturer/validated storage, holding, delivery and shelf-life conditions by channel","null","batch label and time/temperature/process record; exact method/frequency/instrument pending approved route and validation","block release; isolate unvalidated, expired, untraceable or deviating product; documented disposal or justified disposition","EVD-0014;EVD-FS-001;EVD-FS-003","BLOCKED_PENDING_VALIDATION","SBL-VKM-025-04","Food Safety/PPK owner; Operations; Chef"
"VKM-025","Горячие овощи","0.2.0-REMEDIATION","2026-08-03","0.1.0-DRAFT","c6b22ad5f2812cc989a0d3593f40e21207da8f53","CCP-VKM-025-05","TRACEABILITY_AND_CONSUMER_INFORMATION","PRP","untraceable ingredient/finished batch or incomplete allergen information","recipe version, SKU and lot links, production time, responsible person, channel label/allergen statement, recall/disposition record","100% required traceability fields completed; allergen absence claims prohibited until evidence complete","record review before release and periodic traceability exercise","block release; restore traceability if evidence permits; otherwise dispose/recall per approved procedure","EVD-0012;EVD-0015;EVD-FS-001;EVD-FS-002","DRAFT","SBL-VKM-025-05","Food Safety/PPK owner; Operations"
"VKM-029","Черничный торт VARSHAVKA","0.2.0-REMEDIATION","2026-08-03","0.1.0-DRAFT","c6b22ad5f2812cc989a0d3593f40e21207da8f53","CCP-VKM-029-01","RECEIVING","OPRP_CANDIDATE","unacceptable/undocumented raw material; temperature abuse; lot mismatch","documents, lot, integrity, manufacturer storage/transport conditions and receipt measurement where applicable","null","receiving record and document match; calibrated measurement method to be approved","quarantine/reject; document deviation; prevent use until disposition","EVD-FS-001;EVD-FS-003;EVD-FS-007","BLOCKED_PENDING_VALIDATION","SBL-VKM-029-01","Procurement; Food Safety/PPK owner"
"VKM-029","Черничный торт VARSHAVKA","0.2.0-REMEDIATION","2026-08-03","0.1.0-DRAFT","c6b22ad5f2812cc989a0d3593f40e21207da8f53","CCP-VKM-029-02","PREPARATION_AND_CROSS_CONTACT","PRP_OR_OPRP_TO_BE_DETERMINED","microbiological/allergen/physical cross-contamination","zoning, separation, cleaning verification, utensil/equipment changeover, hand hygiene","null","site HACCP/PPK checklist; recipe/allergen changeover record","stop; isolate affected food; re-clean; assess disposition; record and retrain","EVD-FS-001;EVD-FS-002","BLOCKED_PENDING_VALIDATION","SBL-VKM-029-02","Food Safety/PPK owner; Operations"
"VKM-029","Черничный торт VARSHAVKA","0.2.0-REMEDIATION","2026-08-03","0.1.0-DRAFT","c6b22ad5f2812cc989a0d3593f40e21207da8f53","CCP-VKM-029-03","PROCESS","CCP_CANDIDATE_NOT_CONFIRMED","microbiological growth in moisture-sensitive or cream/egg components; post-bake contamination; recipe-dependent","validated bake/chill/storage controls by final recipe","null","method/frequency/equipment cannot be fixed before recipe and validation","do not release batch when validated limit is absent or deviation occurs; isolate and document disposition","EVD-0013;EVD-0014;EVD-FS-001","BLOCKED_PENDING_VALIDATION","SBL-VKM-029-03","Food Safety/PPK owner; Chef; Operations"
"VKM-029","Черничный торт VARSHAVKA","0.2.0-REMEDIATION","2026-08-03","0.1.0-DRAFT","c6b22ad5f2812cc989a0d3593f40e21207da8f53","CCP-VKM-029-04","COOLING_REHEATING_STORAGE_HOLDING_SERVICE","OPRP_OR_CCP_CANDIDATE_NOT_CONFIRMED","microbial growth/toxin formation or safety loss during cooling, reheating, storage, holding, delivery or service","APPLICABLE_OR_COMPONENT_DEPENDENT: cooling/chilling route and limits require control-cook/site validation; NOT_PLANNED_IN_DRAFT: any reheating is a process change requiring review; manufacturer/validated storage, holding, delivery and shelf-life conditions by channel","null","batch label and time/temperature/process record; exact method/frequency/instrument pending approved route and validation","block release; isolate unvalidated, expired, untraceable or deviating product; documented disposal or justified disposition","EVD-0014;EVD-FS-001;EVD-FS-003;EVD-FS-007","BLOCKED_PENDING_VALIDATION","SBL-VKM-029-04","Food Safety/PPK owner; Operations; Chef"
"VKM-029","Черничный торт VARSHAVKA","0.2.0-REMEDIATION","2026-08-03","0.1.0-DRAFT","c6b22ad5f2812cc989a0d3593f40e21207da8f53","CCP-VKM-029-05","TRACEABILITY_AND_CONSUMER_INFORMATION","PRP","untraceable ingredient/finished batch or incomplete allergen information","recipe version, SKU and lot links, production time, responsible person, channel label/allergen statement, recall/disposition record","100% required traceability fields completed; allergen absence claims prohibited until evidence complete","record review before release and periodic traceability exercise","block release; restore traceability if evidence permits; otherwise dispose/recall per approved procedure","EVD-0012;EVD-0015;EVD-FS-001;EVD-FS-002","DRAFT","SBL-VKM-029-05","Food Safety/PPK owner; Operations"
"VKM-030","Кростата с солёной карамелью","0.2.0-REMEDIATION","2026-08-03","0.1.0-DRAFT","c6b22ad5f2812cc989a0d3593f40e21207da8f53","CCP-VKM-030-01","RECEIVING","OPRP_CANDIDATE","unacceptable/undocumented raw material; temperature abuse; lot mismatch","documents, lot, integrity, manufacturer storage/transport conditions and receipt measurement where applicable","null","receiving record and document match; calibrated measurement method to be approved","quarantine/reject; document deviation; prevent use until disposition","EVD-FS-001;EVD-FS-003;EVD-FS-007","BLOCKED_PENDING_VALIDATION","SBL-VKM-030-01","Procurement; Food Safety/PPK owner"
"VKM-030","Кростата с солёной карамелью","0.2.0-REMEDIATION","2026-08-03","0.1.0-DRAFT","c6b22ad5f2812cc989a0d3593f40e21207da8f53","CCP-VKM-030-02","PREPARATION_AND_CROSS_CONTACT","PRP_OR_OPRP_TO_BE_DETERMINED","microbiological/allergen/physical cross-contamination","zoning, separation, cleaning verification, utensil/equipment changeover, hand hygiene","null","site HACCP/PPK checklist; recipe/allergen changeover record","stop; isolate affected food; re-clean; assess disposition; record and retrain","EVD-FS-001;EVD-FS-002","BLOCKED_PENDING_VALIDATION","SBL-VKM-030-02","Food Safety/PPK owner; Operations"
"VKM-030","Кростата с солёной карамелью","0.2.0-REMEDIATION","2026-08-03","0.1.0-DRAFT","c6b22ad5f2812cc989a0d3593f40e21207da8f53","CCP-VKM-030-03","PROCESS","CCP_CANDIDATE_NOT_CONFIRMED","microbiological growth in moisture-sensitive or cream/egg components; post-bake contamination; recipe-dependent","validated bake/chill/storage controls by final recipe","null","method/frequency/equipment cannot be fixed before recipe and validation","do not release batch when validated limit is absent or deviation occurs; isolate and document disposition","EVD-0013;EVD-0014;EVD-FS-001","BLOCKED_PENDING_VALIDATION","SBL-VKM-030-03","Food Safety/PPK owner; Chef; Operations"
"VKM-030","Кростата с солёной карамелью","0.2.0-REMEDIATION","2026-08-03","0.1.0-DRAFT","c6b22ad5f2812cc989a0d3593f40e21207da8f53","CCP-VKM-030-04","COOLING_REHEATING_STORAGE_HOLDING_SERVICE","OPRP_OR_CCP_CANDIDATE_NOT_CONFIRMED","microbial growth/toxin formation or safety loss during cooling, reheating, storage, holding, delivery or service","APPLICABLE_OR_COMPONENT_DEPENDENT: cooling/chilling route and limits require control-cook/site validation; NOT_PLANNED_IN_DRAFT: any reheating is a process change requiring review; manufacturer/validated storage, holding, delivery and shelf-life conditions by channel","null","batch label and time/temperature/process record; exact method/frequency/instrument pending approved route and validation","block release; isolate unvalidated, expired, untraceable or deviating product; documented disposal or justified disposition","EVD-0014;EVD-FS-001;EVD-FS-003;EVD-FS-007","BLOCKED_PENDING_VALIDATION","SBL-VKM-030-04","Food Safety/PPK owner; Operations; Chef"
"VKM-030","Кростата с солёной карамелью","0.2.0-REMEDIATION","2026-08-03","0.1.0-DRAFT","c6b22ad5f2812cc989a0d3593f40e21207da8f53","CCP-VKM-030-05","TRACEABILITY_AND_CONSUMER_INFORMATION","PRP","untraceable ingredient/finished batch or incomplete allergen information","recipe version, SKU and lot links, production time, responsible person, channel label/allergen statement, recall/disposition record","100% required traceability fields completed; allergen absence claims prohibited until evidence complete","record review before release and periodic traceability exercise","block release; restore traceability if evidence permits; otherwise dispose/recall per approved procedure","EVD-0012;EVD-0015;EVD-FS-001;EVD-FS-002","DRAFT","SBL-VKM-030-05","Food Safety/PPK owner; Operations"
"VKM-031","Мадлен","0.2.0-REMEDIATION","2026-08-03","0.1.0-DRAFT","c6b22ad5f2812cc989a0d3593f40e21207da8f53","CCP-VKM-031-01","RECEIVING","OPRP_CANDIDATE","unacceptable/undocumented raw material; temperature abuse; lot mismatch","documents, lot, integrity, manufacturer storage/transport conditions and receipt measurement where applicable","null","receiving record and document match; calibrated measurement method to be approved","quarantine/reject; document deviation; prevent use until disposition","EVD-FS-001;EVD-FS-003;EVD-FS-007","BLOCKED_PENDING_VALIDATION","SBL-VKM-031-01","Procurement; Food Safety/PPK owner"
"VKM-031","Мадлен","0.2.0-REMEDIATION","2026-08-03","0.1.0-DRAFT","c6b22ad5f2812cc989a0d3593f40e21207da8f53","CCP-VKM-031-02","PREPARATION_AND_CROSS_CONTACT","PRP_OR_OPRP_TO_BE_DETERMINED","microbiological/allergen/physical cross-contamination","zoning, separation, cleaning verification, utensil/equipment changeover, hand hygiene","null","site HACCP/PPK checklist; recipe/allergen changeover record","stop; isolate affected food; re-clean; assess disposition; record and retrain","EVD-FS-001;EVD-FS-002","BLOCKED_PENDING_VALIDATION","SBL-VKM-031-02","Food Safety/PPK owner; Operations"
"VKM-031","Мадлен","0.2.0-REMEDIATION","2026-08-03","0.1.0-DRAFT","c6b22ad5f2812cc989a0d3593f40e21207da8f53","CCP-VKM-031-03","PROCESS","CCP_CANDIDATE_NOT_CONFIRMED","microbiological growth in moisture-sensitive or cream/egg components; post-bake contamination; recipe-dependent","validated bake/chill/storage controls by final recipe","null","method/frequency/equipment cannot be fixed before recipe and validation","do not release batch when validated limit is absent or deviation occurs; isolate and document disposition","EVD-0013;EVD-0014;EVD-FS-001","BLOCKED_PENDING_VALIDATION","SBL-VKM-031-03","Food Safety/PPK owner; Chef; Operations"
"VKM-031","Мадлен","0.2.0-REMEDIATION","2026-08-03","0.1.0-DRAFT","c6b22ad5f2812cc989a0d3593f40e21207da8f53","CCP-VKM-031-04","COOLING_REHEATING_STORAGE_HOLDING_SERVICE","OPRP_OR_CCP_CANDIDATE_NOT_CONFIRMED","microbial growth/toxin formation or safety loss during cooling, reheating, storage, holding, delivery or service","APPLICABLE_OR_COMPONENT_DEPENDENT: cooling/chilling route and limits require control-cook/site validation; NOT_PLANNED_IN_DRAFT: any reheating is a process change requiring review; manufacturer/validated storage, holding, delivery and shelf-life conditions by channel","null","batch label and time/temperature/process record; exact method/frequency/instrument pending approved route and validation","block release; isolate unvalidated, expired, untraceable or deviating product; documented disposal or justified disposition","EVD-0014;EVD-FS-001;EVD-FS-003;EVD-FS-007","BLOCKED_PENDING_VALIDATION","SBL-VKM-031-04","Food Safety/PPK owner; Operations; Chef"
"VKM-031","Мадлен","0.2.0-REMEDIATION","2026-08-03","0.1.0-DRAFT","c6b22ad5f2812cc989a0d3593f40e21207da8f53","CCP-VKM-031-05","TRACEABILITY_AND_CONSUMER_INFORMATION","PRP","untraceable ingredient/finished batch or incomplete allergen information","recipe version, SKU and lot links, production time, responsible person, channel label/allergen statement, recall/disposition record","100% required traceability fields completed; allergen absence claims prohibited until evidence complete","record review before release and periodic traceability exercise","block release; restore traceability if evidence permits; otherwise dispose/recall per approved procedure","EVD-0012;EVD-0015;EVD-FS-001;EVD-FS-002","DRAFT","SBL-VKM-031-05","Food Safety/PPK owner; Operations"
