mapping_id,dish_code,dish_name,menu_section,recipe_version,operation_no,operation_text,functional_codes,functional_equipment_names,capex_inv_codes,capex_requirement_statuses,capex_structure_approval_statuses,requirement_role,operation_duration_min,duration_status,duration_basis,project_design_requirement,project_design_requirement_unit,project_design_requirement_status,recipe_unit_load,recipe_unit_load_unit,recipe_unit_load_status,planning_batches_for_one_recipe_unit,planning_batch_status,planning_batch_note,selected_manufacturer,selected_model_article,passport_document_or_official_url,passport_capacity,passport_capacity_unit,capacity_status,equipment_availability_status,connections_status,suitability_status,parameter_status,evidence_ids,source_date,blocker_ids,confirmation_owner,mapping_note,next_action
EQM-0001,VKM-001,Маргарита,Пицца,0.1.0-DRAFT,1,Подготовить тесто и соус,BAK-03;BAK-12;HOT-05B,Спиральный тестомес;Холодильный пицца-стол;Индукционная плита 2 зоны,CAPEX.BAK.003;CAPEX.BAK.012;CAPEX.HOT.006,MANDATORY,APPROVED_STRUCTURE,MIXING_SAUCE_AND_PREP,,BLOCKED,Only dish aggregate is available: active 19 min / total 90 min; no unsupported split by operation,BAK-03: Рабочий диапазон 2–25 кг; BAK-12: Стол и надстройка ингредиентов; HOT-05B: 2 зоны,project design requirement,PLANNED,,,BLOCKED,,BLOCKED_NOT_COMPARABLE,Recipe load cannot be compared to the project requirement without tray/form/GN/load and selected-model data,,,,,,BLOCKED_NO_SELECTED_MODEL_PASSPORT,BLOCKED,BLOCKED,BLOCKED_SELECTED_MODEL_AND_SITE_VALIDATION,ESTIMATE,EVD-0010;EVD-0021;EVD-0022;EVD-0023,2026-08-03,GAP-007;GAP-017;GAP-018;GAP-019,Operations / Engineering / Procurement,Manual operation mapped to an existing work surface/inventory function.,"Chef/Operations time the operation; Procurement supplies selected-model passport; Engineering confirms asset, placement and connections"
EQM-0002,VKM-001,Маргарита,Пицца,0.1.0-DRAFT,2,выдержать тесто,STO-08,Холодная ферментация теста,CAPEX.STO.008,MANDATORY,APPROVED_STRUCTURE,CONTROLLED_HOLDING,,BLOCKED,Only dish aggregate is available: active 19 min / total 90 min; no unsupported split by operation,STO-08: Всего ≥30 позиций 600×400,project design requirement,PLANNED,,,BLOCKED,,BLOCKED_NOT_COMPARABLE,Recipe load cannot be compared to the project requirement without tray/form/GN/load and selected-model data,,,,,,BLOCKED_NO_SELECTED_MODEL_PASSPORT,BLOCKED,BLOCKED,BLOCKED_SELECTED_MODEL_AND_SITE_VALIDATION,ESTIMATE,EVD-0010;EVD-0021;EVD-0022;EVD-0023,2026-08-03,GAP-007;GAP-017;GAP-018;GAP-019,Operations / Engineering / Procurement,Manual operation mapped to an existing work surface/inventory function.,"Chef/Operations time the operation; Procurement supplies selected-model passport; Engineering confirms asset, placement and connections"
EQM-0003,VKM-001,Маргарита,Пицца,0.1.0-DRAFT,3,сформовать основу,BAK-12,Холодильный пицца-стол,CAPEX.BAK.012,MANDATORY,APPROVED_STRUCTURE,FORMING_ASSEMBLY_FINISH,,BLOCKED,Only dish aggregate is available: active 19 min / total 90 min; no unsupported split by operation,BAK-12: Стол и надстройка ингредиентов,project design requirement,PLANNED,,,BLOCKED,,BLOCKED_NOT_COMPARABLE,Recipe load cannot be compared to the project requirement without tray/form/GN/load and selected-model data,,,,,,BLOCKED_NO_SELECTED_MODEL_PASSPORT,BLOCKED,BLOCKED,BLOCKED_SELECTED_MODEL_AND_SITE_VALIDATION,ESTIMATE,EVD-0010;EVD-0021;EVD-0022;EVD-0023,2026-08-03,GAP-007;GAP-017;GAP-018;GAP-019,Operations / Engineering / Procurement,Manual operation mapped to an existing work surface/inventory function.,"Chef/Operations time the operation; Procurement supplies selected-model passport; Engineering confirms asset, placement and connections"
EQM-0004,VKM-001,Маргарита,Пицца,0.1.0-DRAFT,4,нанести соус и сыр,HOT-05B;BAK-12,Индукционная плита 2 зоны;Холодильный пицца-стол,CAPEX.HOT.006;CAPEX.BAK.012,MANDATORY,APPROVED_STRUCTURE,SAUCE_PREP_AND_ASSEMBLY,,BLOCKED,Only dish aggregate is available: active 19 min / total 90 min; no unsupported split by operation,HOT-05B: 2 зоны; BAK-12: Стол и надстройка ингредиентов,project design requirement,PLANNED,,,BLOCKED,,BLOCKED_NOT_COMPARABLE,Recipe load cannot be compared to the project requirement without tray/form/GN/load and selected-model data,,,,,,BLOCKED_NO_SELECTED_MODEL_PASSPORT,BLOCKED,BLOCKED,BLOCKED_SELECTED_MODEL_AND_SITE_VALIDATION,ESTIMATE,EVD-0010;EVD-0021;EVD-0022;EVD-0023,2026-08-03,GAP-007;GAP-017;GAP-018;GAP-019,Operations / Engineering / Procurement,Manual operation mapped to an existing work surface/inventory function.,"Chef/Operations time the operation; Procurement supplies selected-model passport; Engineering confirms asset, placement and connections"
EQM-0005,VKM-001,Маргарита,Пицца,0.1.0-DRAFT,5,выпечь,BAK-01,Печь для пиццы,CAPEX.BAK.001,MANDATORY,APPROVED_STRUCTURE,THERMAL_PROCESS,,BLOCKED,Only dish aggregate is available: active 19 min / total 90 min; no unsupported split by operation,BAK-01: 4–6 пицц до 33 см; ≥400°C; 20–25/час,project design requirement,PLANNED,1,пицца,ASSUMPTION_RECIPE_UNIT,1,CALCULATED_FROM_PROJECT_MINIMUM,1 pizza / minimum 4 pizzas per load; selected-model passport and actual cycle remain absent,,,,,,BLOCKED_NO_SELECTED_MODEL_PASSPORT,BLOCKED,BLOCKED,BLOCKED_SELECTED_MODEL_AND_SITE_VALIDATION,ESTIMATE,EVD-0010;EVD-0021;EVD-0022;EVD-0023,2026-08-03,GAP-007;GAP-017;GAP-018;GAP-019,Operations / Engineering / Procurement,Manual operation mapped to an existing work surface/inventory function.,"Chef/Operations time the operation; Procurement supplies selected-model passport; Engineering confirms asset, placement and connections"
EQM-0006,VKM-001,Маргарита,Пицца,0.1.0-DRAFT,6,добавить базилик и масло,BAK-12,Холодильный пицца-стол,CAPEX.BAK.012,MANDATORY,APPROVED_STRUCTURE,FORMING_ASSEMBLY_FINISH,,BLOCKED,Only dish aggregate is available: active 19 min / total 90 min; no unsupported split by operation,BAK-12: Стол и надстройка ингредиентов,project design requirement,PLANNED,,,BLOCKED,,BLOCKED_NOT_COMPARABLE,Recipe load cannot be compared to the project requirement without tray/form/GN/load and selected-model data,,,,,,BLOCKED_NO_SELECTED_MODEL_PASSPORT,BLOCKED,BLOCKED,BLOCKED_SELECTED_MODEL_AND_SITE_VALIDATION,ESTIMATE,EVD-0010;EVD-0021;EVD-0022;EVD-0023,2026-08-03,GAP-007;GAP-017;GAP-018;GAP-019,Operations / Engineering / Procurement,Manual operation mapped to an existing work surface/inventory function.,"Chef/Operations time the operation; Procurement supplies selected-model passport; Engineering confirms asset, placement and connections"
EQM-0007,VKM-002,Четыре сыра,Пицца,0.1.0-DRAFT,1,Подготовить тесто и соус,BAK-03;BAK-12;HOT-05B,Спиральный тестомес;Холодильный пицца-стол;Индукционная плита 2 зоны,CAPEX.BAK.003;CAPEX.BAK.012;CAPEX.HOT.006,MANDATORY,APPROVED_STRUCTURE,MIXING_SAUCE_AND_PREP,,BLOCKED,Only dish aggregate is available: active 20 min / total 92 min; no unsupported split by operation,BAK-03: Рабочий диапазон 2–25 кг; BAK-12: Стол и надстройка ингредиентов; HOT-05B: 2 зоны,project design requirement,PLANNED,,,BLOCKED,,BLOCKED_NOT_COMPARABLE,Recipe load cannot be compared to the project requirement without tray/form/GN/load and selected-model data,,,,,,BLOCKED_NO_SELECTED_MODEL_PASSPORT,BLOCKED,BLOCKED,BLOCKED_SELECTED_MODEL_AND_SITE_VALIDATION,ESTIMATE,EVD-0010;EVD-0021;EVD-0022;EVD-0023,2026-08-03,GAP-007;GAP-017;GAP-018;GAP-019,Operations / Engineering / Procurement,Manual operation mapped to an existing work surface/inventory function.,"Chef/Operations time the operation; Procurement supplies selected-model passport; Engineering confirms asset, placement and connections"
EQM-0008,VKM-002,Четыре сыра,Пицца,0.1.0-DRAFT,2,сформовать,BAK-12,Холодильный пицца-стол,CAPEX.BAK.012,MANDATORY,APPROVED_STRUCTURE,FORMING_ASSEMBLY_FINISH,,BLOCKED,Only dish aggregate is available: active 20 min / total 92 min; no unsupported split by operation,BAK-12: Стол и надстройка ингредиентов,project design requirement,PLANNED,,,BLOCKED,,BLOCKED_NOT_COMPARABLE,Recipe load cannot be compared to the project requirement without tray/form/GN/load and selected-model data,,,,,,BLOCKED_NO_SELECTED_MODEL_PASSPORT,BLOCKED,BLOCKED,BLOCKED_SELECTED_MODEL_AND_SITE_VALIDATION,ESTIMATE,EVD-0010;EVD-0021;EVD-0022;EVD-0023,2026-08-03,GAP-007;GAP-017;GAP-018;GAP-019,Operations / Engineering / Procurement,Manual operation mapped to an existing work surface/inventory function.,"Chef/Operations time the operation; Procurement supplies selected-model passport; Engineering confirms asset, placement and connections"
EQM-0009,VKM-002,Четыре сыра,Пицца,0.1.0-DRAFT,3,распределить четыре сыра,BAK-12,Холодильный пицца-стол,CAPEX.BAK.012,MANDATORY,APPROVED_STRUCTURE,FORMING_ASSEMBLY_FINISH,,BLOCKED,Only dish aggregate is available: active 20 min / total 92 min; no unsupported split by operation,BAK-12: Стол и надстройка ингредиентов,project design requirement,PLANNED,,,BLOCKED,,BLOCKED_NOT_COMPARABLE,Recipe load cannot be compared to the project requirement without tray/form/GN/load and selected-model data,,,,,,BLOCKED_NO_SELECTED_MODEL_PASSPORT,BLOCKED,BLOCKED,BLOCKED_SELECTED_MODEL_AND_SITE_VALIDATION,ESTIMATE,EVD-0010;EVD-0021;EVD-0022;EVD-0023,2026-08-03,GAP-007;GAP-017;GAP-018;GAP-019,Operations / Engineering / Procurement,Manual operation mapped to an existing work surface/inventory function.,"Chef/Operations time the operation; Procurement supplies selected-model passport; Engineering confirms asset, placement and connections"
EQM-0010,VKM-002,Четыре сыра,Пицца,0.1.0-DRAFT,4,выпечь,BAK-01,Печь для пиццы,CAPEX.BAK.001,MANDATORY,APPROVED_STRUCTURE,THERMAL_PROCESS,,BLOCKED,Only dish aggregate is available: active 20 min / total 92 min; no unsupported split by operation,BAK-01: 4–6 пицц до 33 см; ≥400°C; 20–25/час,project design requirement,PLANNED,1,пицца,ASSUMPTION_RECIPE_UNIT,1,CALCULATED_FROM_PROJECT_MINIMUM,1 pizza / minimum 4 pizzas per load; selected-model passport and actual cycle remain absent,,,,,,BLOCKED_NO_SELECTED_MODEL_PASSPORT,BLOCKED,BLOCKED,BLOCKED_SELECTED_MODEL_AND_SITE_VALIDATION,ESTIMATE,EVD-0010;EVD-0021;EVD-0022;EVD-0023,2026-08-03,GAP-007;GAP-017;GAP-018;GAP-019,Operations / Engineering / Procurement,Manual operation mapped to an existing work surface/inventory function.,"Chef/Operations time the operation; Procurement supplies selected-model passport; Engineering confirms asset, placement and connections"
EQM-0011,VKM-002,Четыре сыра,Пицца,0.1.0-DRAFT,5,финишировать маслом,BAK-12,Холодильный пицца-стол,CAPEX.BAK.012,MANDATORY,APPROVED_STRUCTURE,FORMING_ASSEMBLY_FINISH,,BLOCKED,Only dish aggregate is available: active 20 min / total 92 min; no unsupported split by operation,BAK-12: Стол и надстройка ингредиентов,project design requirement,PLANNED,,,BLOCKED,,BLOCKED_NOT_COMPARABLE,Recipe load cannot be compared to the project requirement without tray/form/GN/load and selected-model data,,,,,,BLOCKED_NO_SELECTED_MODEL_PASSPORT,BLOCKED,BLOCKED,BLOCKED_SELECTED_MODEL_AND_SITE_VALIDATION,ESTIMATE,EVD-0010;EVD-0021;EVD-0022;EVD-0023,2026-08-03,GAP-007;GAP-017;GAP-018;GAP-019,Operations / Engineering / Procurement,Manual operation mapped to an existing work surface/inventory function.,"Chef/Operations time the operation; Procurement supplies selected-model passport; Engineering confirms asset, placement and connections"
EQM-0012,VKM-003,Грибная с ветчиной,Пицца,0.1.0-DRAFT,1,Подготовить тесто и соус,BAK-03;BAK-12;HOT-05B,Спиральный тестомес;Холодильный пицца-стол;Индукционная плита 2 зоны,CAPEX.BAK.003;CAPEX.BAK.012;CAPEX.HOT.006,MANDATORY,APPROVED_STRUCTURE,MIXING_SAUCE_AND_PREP,,BLOCKED,Only dish aggregate is available: active 22 min / total 95 min; no unsupported split by operation,BAK-03: Рабочий диапазон 2–25 кг; BAK-12: Стол и надстройка ингредиентов; HOT-05B: 2 зоны,project design requirement,PLANNED,,,BLOCKED,,BLOCKED_NOT_COMPARABLE,Recipe load cannot be compared to the project requirement without tray/form/GN/load and selected-model data,,,,,,BLOCKED_NO_SELECTED_MODEL_PASSPORT,BLOCKED,BLOCKED,BLOCKED_SELECTED_MODEL_AND_SITE_VALIDATION,ESTIMATE,EVD-0010;EVD-0021;EVD-0022;EVD-0023,2026-08-03,GAP-007;GAP-017;GAP-018;GAP-019,Operations / Engineering / Procurement,Manual operation mapped to an existing work surface/inventory function.,"Chef/Operations time the operation; Procurement supplies selected-model passport; Engineering confirms asset, placement and connections"
EQM-0013,VKM-003,Грибная с ветчиной,Пицца,0.1.0-DRAFT,2,подготовить грибы и лук,BAK-12,Холодильный пицца-стол,CAPEX.BAK.012,MANDATORY,APPROVED_STRUCTURE,FORMING_ASSEMBLY_FINISH,,BLOCKED,Only dish aggregate is available: active 22 min / total 95 min; no unsupported split by operation,BAK-12: Стол и надстройка ингредиентов,project design requirement,PLANNED,,,BLOCKED,,BLOCKED_NOT_COMPARABLE,Recipe load cannot be compared to the project requirement without tray/form/GN/load and selected-model data,,,,,,BLOCKED_NO_SELECTED_MODEL_PASSPORT,BLOCKED,BLOCKED,BLOCKED_SELECTED_MODEL_AND_SITE_VALIDATION,ESTIMATE,EVD-0010;EVD-0021;EVD-0022;EVD-0023,2026-08-03,GAP-007;GAP-017;GAP-018;GAP-019,Operations / Engineering / Procurement,Manual operation mapped to an existing work surface/inventory function.,"Chef/Operations time the operation; Procurement supplies selected-model passport; Engineering confirms asset, placement and connections"
EQM-0014,VKM-003,Грибная с ветчиной,Пицца,0.1.0-DRAFT,3,сформовать,BAK-12,Холодильный пицца-стол,CAPEX.BAK.012,MANDATORY,APPROVED_STRUCTURE,FORMING_ASSEMBLY_FINISH,,BLOCKED,Only dish aggregate is available: active 22 min / total 95 min; no unsupported split by operation,BAK-12: Стол и надстройка ингредиентов,project design requirement,PLANNED,,,BLOCKED,,BLOCKED_NOT_COMPARABLE,Recipe load cannot be compared to the project requirement without tray/form/GN/load and selected-model data,,,,,,BLOCKED_NO_SELECTED_MODEL_PASSPORT,BLOCKED,BLOCKED,BLOCKED_SELECTED_MODEL_AND_SITE_VALIDATION,ESTIMATE,EVD-0010;EVD-0021;EVD-0022;EVD-0023,2026-08-03,GAP-007;GAP-017;GAP-018;GAP-019,Operations / Engineering / Procurement,Manual operation mapped to an existing work surface/inventory function.,"Chef/Operations time the operation; Procurement supplies selected-model passport; Engineering confirms asset, placement and connections"
EQM-0015,VKM-003,Грибная с ветчиной,Пицца,0.1.0-DRAFT,4,собрать с ветчиной,BAK-12,Холодильный пицца-стол,CAPEX.BAK.012,MANDATORY,APPROVED_STRUCTURE,FORMING_ASSEMBLY_FINISH,,BLOCKED,Only dish aggregate is available: active 22 min / total 95 min; no unsupported split by operation,BAK-12: Стол и надстройка ингредиентов,project design requirement,PLANNED,,,BLOCKED,,BLOCKED_NOT_COMPARABLE,Recipe load cannot be compared to the project requirement without tray/form/GN/load and selected-model data,,,,,,BLOCKED_NO_SELECTED_MODEL_PASSPORT,BLOCKED,BLOCKED,BLOCKED_SELECTED_MODEL_AND_SITE_VALIDATION,ESTIMATE,EVD-0010;EVD-0021;EVD-0022;EVD-0023,2026-08-03,GAP-007;GAP-017;GAP-018;GAP-019,Operations / Engineering / Procurement,Manual operation mapped to an existing work surface/inventory function.,"Chef/Operations time the operation; Procurement supplies selected-model passport; Engineering confirms asset, placement and connections"
EQM-0016,VKM-003,Грибная с ветчиной,Пицца,0.1.0-DRAFT,5,выпечь,BAK-01,Печь для пиццы,CAPEX.BAK.001,MANDATORY,APPROVED_STRUCTURE,THERMAL_PROCESS,,BLOCKED,Only dish aggregate is available: active 22 min / total 95 min; no unsupported split by operation,BAK-01: 4–6 пицц до 33 см; ≥400°C; 20–25/час,project design requirement,PLANNED,1,пицца,ASSUMPTION_RECIPE_UNIT,1,CALCULATED_FROM_PROJECT_MINIMUM,1 pizza / minimum 4 pizzas per load; selected-model passport and actual cycle remain absent,,,,,,BLOCKED_NO_SELECTED_MODEL_PASSPORT,BLOCKED,BLOCKED,BLOCKED_SELECTED_MODEL_AND_SITE_VALIDATION,ESTIMATE,EVD-0010;EVD-0021;EVD-0022;EVD-0023,2026-08-03,GAP-007;GAP-017;GAP-018;GAP-019,Operations / Engineering / Procurement,Manual operation mapped to an existing work surface/inventory function.,"Chef/Operations time the operation; Procurement supplies selected-model passport; Engineering confirms asset, placement and connections"
EQM-0017,VKM-004,Пепперони,Пицца,0.1.0-DRAFT,1,Подготовить тесто и соус,BAK-03;BAK-12;HOT-05B,Спиральный тестомес;Холодильный пицца-стол;Индукционная плита 2 зоны,CAPEX.BAK.003;CAPEX.BAK.012;CAPEX.HOT.006,MANDATORY,APPROVED_STRUCTURE,MIXING_SAUCE_AND_PREP,,BLOCKED,Only dish aggregate is available: active 20 min / total 92 min; no unsupported split by operation,BAK-03: Рабочий диапазон 2–25 кг; BAK-12: Стол и надстройка ингредиентов; HOT-05B: 2 зоны,project design requirement,PLANNED,,,BLOCKED,,BLOCKED_NOT_COMPARABLE,Recipe load cannot be compared to the project requirement without tray/form/GN/load and selected-model data,,,,,,BLOCKED_NO_SELECTED_MODEL_PASSPORT,BLOCKED,BLOCKED,BLOCKED_SELECTED_MODEL_AND_SITE_VALIDATION,ESTIMATE,EVD-0010;EVD-0021;EVD-0022;EVD-0023,2026-08-03,GAP-007;GAP-017;GAP-018;GAP-019,Operations / Engineering / Procurement,Manual operation mapped to an existing work surface/inventory function.,"Chef/Operations time the operation; Procurement supplies selected-model passport; Engineering confirms asset, placement and connections"
EQM-0018,VKM-004,Пепперони,Пицца,0.1.0-DRAFT,2,сформовать,BAK-12,Холодильный пицца-стол,CAPEX.BAK.012,MANDATORY,APPROVED_STRUCTURE,FORMING_ASSEMBLY_FINISH,,BLOCKED,Only dish aggregate is available: active 20 min / total 92 min; no unsupported split by operation,BAK-12: Стол и надстройка ингредиентов,project design requirement,PLANNED,,,BLOCKED,,BLOCKED_NOT_COMPARABLE,Recipe load cannot be compared to the project requirement without tray/form/GN/load and selected-model data,,,,,,BLOCKED_NO_SELECTED_MODEL_PASSPORT,BLOCKED,BLOCKED,BLOCKED_SELECTED_MODEL_AND_SITE_VALIDATION,ESTIMATE,EVD-0010;EVD-0021;EVD-0022;EVD-0023,2026-08-03,GAP-007;GAP-017;GAP-018;GAP-019,Operations / Engineering / Procurement,Manual operation mapped to an existing work surface/inventory function.,"Chef/Operations time the operation; Procurement supplies selected-model passport; Engineering confirms asset, placement and connections"
EQM-0019,VKM-004,Пепперони,Пицца,0.1.0-DRAFT,3,собрать с моцареллой и пепперони,BAK-12,Холодильный пицца-стол,CAPEX.BAK.012,MANDATORY,APPROVED_STRUCTURE,FORMING_ASSEMBLY_FINISH,,BLOCKED,Only dish aggregate is available: active 20 min / total 92 min; no unsupported split by operation,BAK-12: Стол и надстройка ингредиентов,project design requirement,PLANNED,,,BLOCKED,,BLOCKED_NOT_COMPARABLE,Recipe load cannot be compared to the project requirement without tray/form/GN/load and selected-model data,,,,,,BLOCKED_NO_SELECTED_MODEL_PASSPORT,BLOCKED,BLOCKED,BLOCKED_SELECTED_MODEL_AND_SITE_VALIDATION,ESTIMATE,EVD-0010;EVD-0021;EVD-0022;EVD-0023,2026-08-03,GAP-007;GAP-017;GAP-018;GAP-019,Operations / Engineering / Procurement,Manual operation mapped to an existing work surface/inventory function.,"Chef/Operations time the operation; Procurement supplies selected-model passport; Engineering confirms asset, placement and connections"
EQM-0020,VKM-004,Пепперони,Пицца,0.1.0-DRAFT,4,выпечь,BAK-01,Печь для пиццы,CAPEX.BAK.001,MANDATORY,APPROVED_STRUCTURE,THERMAL_PROCESS,,BLOCKED,Only dish aggregate is available: active 20 min / total 92 min; no unsupported split by operation,BAK-01: 4–6 пицц до 33 см; ≥400°C; 20–25/час,project design requirement,PLANNED,1,пицца,ASSUMPTION_RECIPE_UNIT,1,CALCULATED_FROM_PROJECT_MINIMUM,1 pizza / minimum 4 pizzas per load; selected-model passport and actual cycle remain absent,,,,,,BLOCKED_NO_SELECTED_MODEL_PASSPORT,BLOCKED,BLOCKED,BLOCKED_SELECTED_MODEL_AND_SITE_VALIDATION,ESTIMATE,EVD-0010;EVD-0021;EVD-0022;EVD-0023,2026-08-03,GAP-007;GAP-017;GAP-018;GAP-019,Operations / Engineering / Procurement,Manual operation mapped to an existing work surface/inventory function.,"Chef/Operations time the operation; Procurement supplies selected-model passport; Engineering confirms asset, placement and connections"
EQM-0021,VKM-004,Пепперони,Пицца,0.1.0-DRAFT,5,финишировать,BAK-12,Холодильный пицца-стол,CAPEX.BAK.012,MANDATORY,APPROVED_STRUCTURE,FORMING_ASSEMBLY_FINISH,,BLOCKED,Only dish aggregate is available: active 20 min / total 92 min; no unsupported split by operation,BAK-12: Стол и надстройка ингредиентов,project design requirement,PLANNED,,,BLOCKED,,BLOCKED_NOT_COMPARABLE,Recipe load cannot be compared to the project requirement without tray/form/GN/load and selected-model data,,,,,,BLOCKED_NO_SELECTED_MODEL_PASSPORT,BLOCKED,BLOCKED,BLOCKED_SELECTED_MODEL_AND_SITE_VALIDATION,ESTIMATE,EVD-0010;EVD-0021;EVD-0022;EVD-0023,2026-08-03,GAP-007;GAP-017;GAP-018;GAP-019,Operations / Engineering / Procurement,Manual operation mapped to an existing work surface/inventory function.,"Chef/Operations time the operation; Procurement supplies selected-model passport; Engineering confirms asset, placement and connections"
EQM-0022,VKM-005,Белая чиабатта,Хлеб,0.1.0-DRAFT,1,Смешать компоненты,BAK-03,Спиральный тестомес,CAPEX.BAK.003,MANDATORY,APPROVED_STRUCTURE,MIXING,,BLOCKED,Only dish aggregate is available: active 18 min / total 150 min; no unsupported split by operation,BAK-03: Рабочий диапазон 2–25 кг,project design requirement,PLANNED,,,BLOCKED,,BLOCKED_NOT_COMPARABLE,Recipe load cannot be compared to the project requirement without tray/form/GN/load and selected-model data,,,,,,BLOCKED_NO_SELECTED_MODEL_PASSPORT,BLOCKED,BLOCKED,BLOCKED_SELECTED_MODEL_AND_SITE_VALIDATION,ESTIMATE,EVD-0010;EVD-0021;EVD-0022;EVD-0023,2026-08-03,GAP-007;GAP-017;GAP-018;GAP-019,Operations / Engineering / Procurement,Manual operation mapped to an existing work surface/inventory function.,"Chef/Operations time the operation; Procurement supplies selected-model passport; Engineering confirms asset, placement and connections"
EQM-0023,VKM-005,Белая чиабатта,Хлеб,0.1.0-DRAFT,2,замесить,BAK-03,Спиральный тестомес,CAPEX.BAK.003,MANDATORY,APPROVED_STRUCTURE,MIXING,,BLOCKED,Only dish aggregate is available: active 18 min / total 150 min; no unsupported split by operation,BAK-03: Рабочий диапазон 2–25 кг,project design requirement,PLANNED,,,BLOCKED,,BLOCKED_NOT_COMPARABLE,Recipe load cannot be compared to the project requirement without tray/form/GN/load and selected-model data,,,,,,BLOCKED_NO_SELECTED_MODEL_PASSPORT,BLOCKED,BLOCKED,BLOCKED_SELECTED_MODEL_AND_SITE_VALIDATION,ESTIMATE,EVD-0010;EVD-0021;EVD-0022;EVD-0023,2026-08-03,GAP-007;GAP-017;GAP-018;GAP-019,Operations / Engineering / Procurement,Manual operation mapped to an existing work surface/inventory function.,"Chef/Operations time the operation; Procurement supplies selected-model passport; Engineering confirms asset, placement and connections"
EQM-0024,VKM-005,Белая чиабатта,Хлеб,0.1.0-DRAFT,3,провести брожение и складывания,STO-08,Холодная ферментация теста,CAPEX.STO.008,MANDATORY,APPROVED_STRUCTURE,FERMENTATION,,BLOCKED,Only dish aggregate is available: active 18 min / total 150 min; no unsupported split by operation,STO-08: Всего ≥30 позиций 600×400,project design requirement,PLANNED,,,BLOCKED,,BLOCKED_NOT_COMPARABLE,Recipe load cannot be compared to the project requirement without tray/form/GN/load and selected-model data,,,,,,BLOCKED_NO_SELECTED_MODEL_PASSPORT,BLOCKED,BLOCKED,BLOCKED_SELECTED_MODEL_AND_SITE_VALIDATION,ESTIMATE,EVD-0010;EVD-0021;EVD-0022;EVD-0023,2026-08-03,GAP-007;GAP-017;GAP-018;GAP-019,Operations / Engineering / Procurement,Manual operation mapped to an existing work surface/inventory function.,"Chef/Operations time the operation; Procurement supplies selected-model passport; Engineering confirms asset, placement and connections"
EQM-0025,VKM-005,Белая чиабатта,Хлеб,0.1.0-DRAFT,4,сформовать,REQ-BAK-PREP,Проектное функциональное требование без действующего CAPEX-кода,,,,MANUAL_FORMING_GAP,,BLOCKED,Only dish aggregate is available: active 18 min / total 150 min; no unsupported split by operation,,,BLOCKED,,,BLOCKED,,BLOCKED_NOT_COMPARABLE,Recipe load cannot be compared to the project requirement without tray/form/GN/load and selected-model data,,,,,,BLOCKED_NO_SELECTED_MODEL_PASSPORT,BLOCKED,BLOCKED,BLOCKED_REQUIREMENT_CODE,ESTIMATE,EVD-0010;EVD-0021;EVD-0022;EVD-0023,2026-08-03,GAP-007;GAP-017;GAP-018;GAP-019,Operations / Engineering / Procurement,"Manual bread forming needs a dedicated compliant work surface. BAK-12 is a pizza table, HOT-12 is a hot-line table and BAK-07 is inventory only; none is an approved bakery work-surface allocation.","Chef/Operations time the operation; Procurement supplies selected-model passport; Engineering confirms asset, placement and connections"
EQM-0026,VKM-005,Белая чиабатта,Хлеб,0.1.0-DRAFT,5,расстоять,BAK-05,Программируемый расстоечный шкаф,CAPEX.BAK.005,MANDATORY,APPROVED_STRUCTURE,PROOFING,,BLOCKED,Only dish aggregate is available: active 18 min / total 150 min; no unsupported split by operation,BAK-05: 12–16 противней 600×400,project design requirement,PLANNED,,,BLOCKED,,BLOCKED_NOT_COMPARABLE,Recipe load cannot be compared to the project requirement without tray/form/GN/load and selected-model data,,,,,,BLOCKED_NO_SELECTED_MODEL_PASSPORT,BLOCKED,BLOCKED,BLOCKED_SELECTED_MODEL_AND_SITE_VALIDATION,ESTIMATE,EVD-0010;EVD-0021;EVD-0022;EVD-0023,2026-08-03,GAP-007;GAP-017;GAP-018;GAP-019,Operations / Engineering / Procurement,Manual operation mapped to an existing work surface/inventory function.,"Chef/Operations time the operation; Procurement supplies selected-model passport; Engineering confirms asset, placement and connections"
EQM-0027,VKM-005,Белая чиабатта,Хлеб,0.1.0-DRAFT,6,выпечь,BAK-02,Пекарская печь,CAPEX.BAK.002,MANDATORY,APPROVED_STRUCTURE,THERMAL_PROCESS,,BLOCKED,Only dish aggregate is available: active 18 min / total 150 min; no unsupported split by operation,BAK-02: 6×600×400; программирование; пар,project design requirement,PLANNED,,,BLOCKED,,BLOCKED_NOT_COMPARABLE,Recipe load cannot be compared to the project requirement without tray/form/GN/load and selected-model data,,,,,,BLOCKED_NO_SELECTED_MODEL_PASSPORT,BLOCKED,BLOCKED,BLOCKED_SELECTED_MODEL_AND_SITE_VALIDATION,ESTIMATE,EVD-0010;EVD-0021;EVD-0022;EVD-0023,2026-08-03,GAP-007;GAP-017;GAP-018;GAP-019,Operations / Engineering / Procurement,Manual operation mapped to an existing work surface/inventory function.,"Chef/Operations time the operation; Procurement supplies selected-model passport; Engineering confirms asset, placement and connections"
EQM-0028,VKM-005,Белая чиабатта,Хлеб,0.1.0-DRAFT,7,охладить,BAK-06,Мобильный стеллаж охлаждения,CAPEX.BAK.006,MANDATORY,APPROVED_STRUCTURE,COOLING_HOLDING,,BLOCKED,Only dish aggregate is available: active 18 min / total 150 min; no unsupported split by operation,BAK-06: 16–20 противней,project design requirement,PLANNED,,,BLOCKED,,BLOCKED_NOT_COMPARABLE,Recipe load cannot be compared to the project requirement without tray/form/GN/load and selected-model data,,,,,,BLOCKED_NO_SELECTED_MODEL_PASSPORT,BLOCKED,BLOCKED,BLOCKED_SELECTED_MODEL_AND_SITE_VALIDATION,ESTIMATE,EVD-0010;EVD-0021;EVD-0022;EVD-0023,2026-08-03,GAP-007;GAP-017;GAP-018;GAP-019,Operations / Engineering / Procurement,Manual operation mapped to an existing work surface/inventory function.,"Chef/Operations time the operation; Procurement supplies selected-model passport; Engineering confirms asset, placement and connections"
EQM-0029,VKM-006,Томатная чиабатта,Хлеб,0.1.0-DRAFT,1,Смешать тесто с томатными компонентами,BAK-03,Спиральный тестомес,CAPEX.BAK.003,MANDATORY,APPROVED_STRUCTURE,MIXING,,BLOCKED,Only dish aggregate is available: active 18 min / total 150 min; no unsupported split by operation,BAK-03: Рабочий диапазон 2–25 кг,project design requirement,PLANNED,,,BLOCKED,,BLOCKED_NOT_COMPARABLE,Recipe load cannot be compared to the project requirement without tray/form/GN/load and selected-model data,,,,,,BLOCKED_NO_SELECTED_MODEL_PASSPORT,BLOCKED,BLOCKED,BLOCKED_SELECTED_MODEL_AND_SITE_VALIDATION,ESTIMATE,EVD-0010;EVD-0021;EVD-0022;EVD-0023,2026-08-03,GAP-007;GAP-017;GAP-018;GAP-019,Operations / Engineering / Procurement,Manual operation mapped to an existing work surface/inventory function.,"Chef/Operations time the operation; Procurement supplies selected-model passport; Engineering confirms asset, placement and connections"
EQM-0030,VKM-006,Томатная чиабатта,Хлеб,0.1.0-DRAFT,2,замесить,BAK-03,Спиральный тестомес,CAPEX.BAK.003,MANDATORY,APPROVED_STRUCTURE,MIXING,,BLOCKED,Only dish aggregate is available: active 18 min / total 150 min; no unsupported split by operation,BAK-03: Рабочий диапазон 2–25 кг,project design requirement,PLANNED,,,BLOCKED,,BLOCKED_NOT_COMPARABLE,Recipe load cannot be compared to the project requirement without tray/form/GN/load and selected-model data,,,,,,BLOCKED_NO_SELECTED_MODEL_PASSPORT,BLOCKED,BLOCKED,BLOCKED_SELECTED_MODEL_AND_SITE_VALIDATION,ESTIMATE,EVD-0010;EVD-0021;EVD-0022;EVD-0023,2026-08-03,GAP-007;GAP-017;GAP-018;GAP-019,Operations / Engineering / Procurement,Manual operation mapped to an existing work surface/inventory function.,"Chef/Operations time the operation; Procurement supplies selected-model passport; Engineering confirms asset, placement and connections"
EQM-0031,VKM-006,Томатная чиабатта,Хлеб,0.1.0-DRAFT,3,провести брожение,STO-08,Холодная ферментация теста,CAPEX.STO.008,MANDATORY,APPROVED_STRUCTURE,FERMENTATION,,BLOCKED,Only dish aggregate is available: active 18 min / total 150 min; no unsupported split by operation,STO-08: Всего ≥30 позиций 600×400,project design requirement,PLANNED,,,BLOCKED,,BLOCKED_NOT_COMPARABLE,Recipe load cannot be compared to the project requirement without tray/form/GN/load and selected-model data,,,,,,BLOCKED_NO_SELECTED_MODEL_PASSPORT,BLOCKED,BLOCKED,BLOCKED_SELECTED_MODEL_AND_SITE_VALIDATION,ESTIMATE,EVD-0010;EVD-0021;EVD-0022;EVD-0023,2026-08-03,GAP-007;GAP-017;GAP-018;GAP-019,Operations / Engineering / Procurement,Manual operation mapped to an existing work surface/inventory function.,"Chef/Operations time the operation; Procurement supplies selected-model passport; Engineering confirms asset, placement and connections"
EQM-0032,VKM-006,Томатная чиабатта,Хлеб,0.1.0-DRAFT,4,сформовать,REQ-BAK-PREP,Проектное функциональное требование без действующего CAPEX-кода,,,,MANUAL_FORMING_GAP,,BLOCKED,Only dish aggregate is available: active 18 min / total 150 min; no unsupported split by operation,,,BLOCKED,,,BLOCKED,,BLOCKED_NOT_COMPARABLE,Recipe load cannot be compared to the project requirement without tray/form/GN/load and selected-model data,,,,,,BLOCKED_NO_SELECTED_MODEL_PASSPORT,BLOCKED,BLOCKED,BLOCKED_REQUIREMENT_CODE,ESTIMATE,EVD-0010;EVD-0021;EVD-0022;EVD-0023,2026-08-03,GAP-007;GAP-017;GAP-018;GAP-019,Operations / Engineering / Procurement,"Manual bread forming needs a dedicated compliant work surface. BAK-12 is a pizza table, HOT-12 is a hot-line table and BAK-07 is inventory only; none is an approved bakery work-surface allocation.","Chef/Operations time the operation; Procurement supplies selected-model passport; Engineering confirms asset, placement and connections"
EQM-0033,VKM-006,Томатная чиабатта,Хлеб,0.1.0-DRAFT,5,расстоять,BAK-05,Программируемый расстоечный шкаф,CAPEX.BAK.005,MANDATORY,APPROVED_STRUCTURE,PROOFING,,BLOCKED,Only dish aggregate is available: active 18 min / total 150 min; no unsupported split by operation,BAK-05: 12–16 противней 600×400,project design requirement,PLANNED,,,BLOCKED,,BLOCKED_NOT_COMPARABLE,Recipe load cannot be compared to the project requirement without tray/form/GN/load and selected-model data,,,,,,BLOCKED_NO_SELECTED_MODEL_PASSPORT,BLOCKED,BLOCKED,BLOCKED_SELECTED_MODEL_AND_SITE_VALIDATION,ESTIMATE,EVD-0010;EVD-0021;EVD-0022;EVD-0023,2026-08-03,GAP-007;GAP-017;GAP-018;GAP-019,Operations / Engineering / Procurement,Manual operation mapped to an existing work surface/inventory function.,"Chef/Operations time the operation; Procurement supplies selected-model passport; Engineering confirms asset, placement and connections"
EQM-0034,VKM-006,Томатная чиабатта,Хлеб,0.1.0-DRAFT,6,выпечь,BAK-02,Пекарская печь,CAPEX.BAK.002,MANDATORY,APPROVED_STRUCTURE,THERMAL_PROCESS,,BLOCKED,Only dish aggregate is available: active 18 min / total 150 min; no unsupported split by operation,BAK-02: 6×600×400; программирование; пар,project design requirement,PLANNED,,,BLOCKED,,BLOCKED_NOT_COMPARABLE,Recipe load cannot be compared to the project requirement without tray/form/GN/load and selected-model data,,,,,,BLOCKED_NO_SELECTED_MODEL_PASSPORT,BLOCKED,BLOCKED,BLOCKED_SELECTED_MODEL_AND_SITE_VALIDATION,ESTIMATE,EVD-0010;EVD-0021;EVD-0022;EVD-0023,2026-08-03,GAP-007;GAP-017;GAP-018;GAP-019,Operations / Engineering / Procurement,Manual operation mapped to an existing work surface/inventory function.,"Chef/Operations time the operation; Procurement supplies selected-model passport; Engineering confirms asset, placement and connections"
EQM-0035,VKM-006,Томатная чиабатта,Хлеб,0.1.0-DRAFT,7,охладить,BAK-06,Мобильный стеллаж охлаждения,CAPEX.BAK.006,MANDATORY,APPROVED_STRUCTURE,COOLING_HOLDING,,BLOCKED,Only dish aggregate is available: active 18 min / total 150 min; no unsupported split by operation,BAK-06: 16–20 противней,project design requirement,PLANNED,,,BLOCKED,,BLOCKED_NOT_COMPARABLE,Recipe load cannot be compared to the project requirement without tray/form/GN/load and selected-model data,,,,,,BLOCKED_NO_SELECTED_MODEL_PASSPORT,BLOCKED,BLOCKED,BLOCKED_SELECTED_MODEL_AND_SITE_VALIDATION,ESTIMATE,EVD-0010;EVD-0021;EVD-0022;EVD-0023,2026-08-03,GAP-007;GAP-017;GAP-018;GAP-019,Operations / Engineering / Procurement,Manual operation mapped to an existing work surface/inventory function.,"Chef/Operations time the operation; Procurement supplies selected-model passport; Engineering confirms asset, placement and connections"
EQM-0036,VKM-007,Бородинский хлеб,Хлеб,0.1.0-DRAFT,1,Приготовить заварку,HOT-05B;HOT-13,"Индукционная плита 2 зоны;GN, противни и горячий инвентарь",CAPEX.HOT.006;CAPEX.HOT.014,MANDATORY,APPROVED_STRUCTURE,HEATED_COMPONENT_PREP,,BLOCKED,Only dish aggregate is available: active 25 min / total 300 min; no unsupported split by operation,HOT-05B: 2 зоны; HOT-13: Совместимость с печами,project design requirement,PLANNED,,,BLOCKED,,BLOCKED_NOT_COMPARABLE,Recipe load cannot be compared to the project requirement without tray/form/GN/load and selected-model data,,,,,,BLOCKED_NO_SELECTED_MODEL_PASSPORT,BLOCKED,BLOCKED,BLOCKED_SELECTED_MODEL_AND_SITE_VALIDATION,ESTIMATE,EVD-0010;EVD-0021;EVD-0022;EVD-0023,2026-08-03,GAP-007;GAP-017;GAP-018;GAP-019,Operations / Engineering / Procurement,Manual operation mapped to an existing work surface/inventory function.,"Chef/Operations time the operation; Procurement supplies selected-model passport; Engineering confirms asset, placement and connections"
EQM-0037,VKM-007,Бородинский хлеб,Хлеб,0.1.0-DRAFT,2,замесить тесто,BAK-03,Спиральный тестомес,CAPEX.BAK.003,MANDATORY,APPROVED_STRUCTURE,MIXING,,BLOCKED,Only dish aggregate is available: active 25 min / total 300 min; no unsupported split by operation,BAK-03: Рабочий диапазон 2–25 кг,project design requirement,PLANNED,,,BLOCKED,,BLOCKED_NOT_COMPARABLE,Recipe load cannot be compared to the project requirement without tray/form/GN/load and selected-model data,,,,,,BLOCKED_NO_SELECTED_MODEL_PASSPORT,BLOCKED,BLOCKED,BLOCKED_SELECTED_MODEL_AND_SITE_VALIDATION,ESTIMATE,EVD-0010;EVD-0021;EVD-0022;EVD-0023,2026-08-03,GAP-007;GAP-017;GAP-018;GAP-019,Operations / Engineering / Procurement,Manual operation mapped to an existing work surface/inventory function.,"Chef/Operations time the operation; Procurement supplies selected-model passport; Engineering confirms asset, placement and connections"
EQM-0038,VKM-007,Бородинский хлеб,Хлеб,0.1.0-DRAFT,3,провести брожение,STO-08,Холодная ферментация теста,CAPEX.STO.008,MANDATORY,APPROVED_STRUCTURE,FERMENTATION,,BLOCKED,Only dish aggregate is available: active 25 min / total 300 min; no unsupported split by operation,STO-08: Всего ≥30 позиций 600×400,project design requirement,PLANNED,,,BLOCKED,,BLOCKED_NOT_COMPARABLE,Recipe load cannot be compared to the project requirement without tray/form/GN/load and selected-model data,,,,,,BLOCKED_NO_SELECTED_MODEL_PASSPORT,BLOCKED,BLOCKED,BLOCKED_SELECTED_MODEL_AND_SITE_VALIDATION,ESTIMATE,EVD-0010;EVD-0021;EVD-0022;EVD-0023,2026-08-03,GAP-007;GAP-017;GAP-018;GAP-019,Operations / Engineering / Procurement,Manual operation mapped to an existing work surface/inventory function.,"Chef/Operations time the operation; Procurement supplies selected-model passport; Engineering confirms asset, placement and connections"
EQM-0039,VKM-007,Бородинский хлеб,Хлеб,0.1.0-DRAFT,4,уложить в форму,REQ-BAK-PREP,Проектное функциональное требование без действующего CAPEX-кода,,,,MANUAL_FORMING_GAP,,BLOCKED,Only dish aggregate is available: active 25 min / total 300 min; no unsupported split by operation,,,BLOCKED,,,BLOCKED,,BLOCKED_NOT_COMPARABLE,Recipe load cannot be compared to the project requirement without tray/form/GN/load and selected-model data,,,,,,BLOCKED_NO_SELECTED_MODEL_PASSPORT,BLOCKED,BLOCKED,BLOCKED_REQUIREMENT_CODE,ESTIMATE,EVD-0010;EVD-0021;EVD-0022;EVD-0023,2026-08-03,GAP-007;GAP-017;GAP-018;GAP-019,Operations / Engineering / Procurement,"Manual bread forming needs a dedicated compliant work surface. BAK-12 is a pizza table, HOT-12 is a hot-line table and BAK-07 is inventory only; none is an approved bakery work-surface allocation.","Chef/Operations time the operation; Procurement supplies selected-model passport; Engineering confirms asset, placement and connections"
EQM-0040,VKM-007,Бородинский хлеб,Хлеб,0.1.0-DRAFT,5,расстоять,BAK-05,Программируемый расстоечный шкаф,CAPEX.BAK.005,MANDATORY,APPROVED_STRUCTURE,PROOFING,,BLOCKED,Only dish aggregate is available: active 25 min / total 300 min; no unsupported split by operation,BAK-05: 12–16 противней 600×400,project design requirement,PLANNED,,,BLOCKED,,BLOCKED_NOT_COMPARABLE,Recipe load cannot be compared to the project requirement without tray/form/GN/load and selected-model data,,,,,,BLOCKED_NO_SELECTED_MODEL_PASSPORT,BLOCKED,BLOCKED,BLOCKED_SELECTED_MODEL_AND_SITE_VALIDATION,ESTIMATE,EVD-0010;EVD-0021;EVD-0022;EVD-0023,2026-08-03,GAP-007;GAP-017;GAP-018;GAP-019,Operations / Engineering / Procurement,Manual operation mapped to an existing work surface/inventory function.,"Chef/Operations time the operation; Procurement supplies selected-model passport; Engineering confirms asset, placement and connections"
EQM-0041,VKM-007,Бородинский хлеб,Хлеб,0.1.0-DRAFT,6,выпечь,BAK-02,Пекарская печь,CAPEX.BAK.002,MANDATORY,APPROVED_STRUCTURE,THERMAL_PROCESS,,BLOCKED,Only dish aggregate is available: active 25 min / total 300 min; no unsupported split by operation,BAK-02: 6×600×400; программирование; пар,project design requirement,PLANNED,,,BLOCKED,,BLOCKED_NOT_COMPARABLE,Recipe load cannot be compared to the project requirement without tray/form/GN/load and selected-model data,,,,,,BLOCKED_NO_SELECTED_MODEL_PASSPORT,BLOCKED,BLOCKED,BLOCKED_SELECTED_MODEL_AND_SITE_VALIDATION,ESTIMATE,EVD-0010;EVD-0021;EVD-0022;EVD-0023,2026-08-03,GAP-007;GAP-017;GAP-018;GAP-019,Operations / Engineering / Procurement,Manual operation mapped to an existing work surface/inventory function.,"Chef/Operations time the operation; Procurement supplies selected-model passport; Engineering confirms asset, placement and connections"
EQM-0042,VKM-007,Бородинский хлеб,Хлеб,0.1.0-DRAFT,7,стабилизировать и охладить,BAK-06,Мобильный стеллаж охлаждения,CAPEX.BAK.006,MANDATORY,APPROVED_STRUCTURE,COOLING_HOLDING,,BLOCKED,Only dish aggregate is available: active 25 min / total 300 min; no unsupported split by operation,BAK-06: 16–20 противней,project design requirement,PLANNED,,,BLOCKED,,BLOCKED_NOT_COMPARABLE,Recipe load cannot be compared to the project requirement without tray/form/GN/load and selected-model data,,,,,,BLOCKED_NO_SELECTED_MODEL_PASSPORT,BLOCKED,BLOCKED,BLOCKED_SELECTED_MODEL_AND_SITE_VALIDATION,ESTIMATE,EVD-0010;EVD-0021;EVD-0022;EVD-0023,2026-08-03,GAP-007;GAP-017;GAP-018;GAP-019,Operations / Engineering / Procurement,Manual operation mapped to an existing work surface/inventory function.,"Chef/Operations time the operation; Procurement supplies selected-model passport; Engineering confirms asset, placement and connections"
EQM-0043,VKM-008,Бриошь,Хлеб,0.1.0-DRAFT,1,Замесить сдобное тесто,BAK-03,Спиральный тестомес,CAPEX.BAK.003,MANDATORY,APPROVED_STRUCTURE,MIXING,,BLOCKED,Only dish aggregate is available: active 22 min / total 180 min; no unsupported split by operation,BAK-03: Рабочий диапазон 2–25 кг,project design requirement,PLANNED,,,BLOCKED,,BLOCKED_NOT_COMPARABLE,Recipe load cannot be compared to the project requirement without tray/form/GN/load and selected-model data,,,,,,BLOCKED_NO_SELECTED_MODEL_PASSPORT,BLOCKED,BLOCKED,BLOCKED_SELECTED_MODEL_AND_SITE_VALIDATION,ESTIMATE,EVD-0010;EVD-0021;EVD-0022;EVD-0023,2026-08-03,GAP-007;GAP-017;GAP-018;GAP-019,Operations / Engineering / Procurement,Manual operation mapped to an existing work surface/inventory function.,"Chef/Operations time the operation; Procurement supplies selected-model passport; Engineering confirms asset, placement and connections"
EQM-0044,VKM-008,Бриошь,Хлеб,0.1.0-DRAFT,2,ввести масло,BAK-03,Спиральный тестомес,CAPEX.BAK.003,MANDATORY,APPROVED_STRUCTURE,MIXING,,BLOCKED,Only dish aggregate is available: active 22 min / total 180 min; no unsupported split by operation,BAK-03: Рабочий диапазон 2–25 кг,project design requirement,PLANNED,,,BLOCKED,,BLOCKED_NOT_COMPARABLE,Recipe load cannot be compared to the project requirement without tray/form/GN/load and selected-model data,,,,,,BLOCKED_NO_SELECTED_MODEL_PASSPORT,BLOCKED,BLOCKED,BLOCKED_SELECTED_MODEL_AND_SITE_VALIDATION,ESTIMATE,EVD-0010;EVD-0021;EVD-0022;EVD-0023,2026-08-03,GAP-007;GAP-017;GAP-018;GAP-019,Operations / Engineering / Procurement,Manual operation mapped to an existing work surface/inventory function.,"Chef/Operations time the operation; Procurement supplies selected-model passport; Engineering confirms asset, placement and connections"
EQM-0045,VKM-008,Бриошь,Хлеб,0.1.0-DRAFT,3,провести брожение,STO-08,Холодная ферментация теста,CAPEX.STO.008,MANDATORY,APPROVED_STRUCTURE,FERMENTATION,,BLOCKED,Only dish aggregate is available: active 22 min / total 180 min; no unsupported split by operation,STO-08: Всего ≥30 позиций 600×400,project design requirement,PLANNED,,,BLOCKED,,BLOCKED_NOT_COMPARABLE,Recipe load cannot be compared to the project requirement without tray/form/GN/load and selected-model data,,,,,,BLOCKED_NO_SELECTED_MODEL_PASSPORT,BLOCKED,BLOCKED,BLOCKED_SELECTED_MODEL_AND_SITE_VALIDATION,ESTIMATE,EVD-0010;EVD-0021;EVD-0022;EVD-0023,2026-08-03,GAP-007;GAP-017;GAP-018;GAP-019,Operations / Engineering / Procurement,Manual operation mapped to an existing work surface/inventory function.,"Chef/Operations time the operation; Procurement supplies selected-model passport; Engineering confirms asset, placement and connections"
EQM-0046,VKM-008,Бриошь,Хлеб,0.1.0-DRAFT,4,сформовать,REQ-BAK-PREP,Проектное функциональное требование без действующего CAPEX-кода,,,,MANUAL_FORMING_GAP,,BLOCKED,Only dish aggregate is available: active 22 min / total 180 min; no unsupported split by operation,,,BLOCKED,,,BLOCKED,,BLOCKED_NOT_COMPARABLE,Recipe load cannot be compared to the project requirement without tray/form/GN/load and selected-model data,,,,,,BLOCKED_NO_SELECTED_MODEL_PASSPORT,BLOCKED,BLOCKED,BLOCKED_REQUIREMENT_CODE,ESTIMATE,EVD-0010;EVD-0021;EVD-0022;EVD-0023,2026-08-03,GAP-007;GAP-017;GAP-018;GAP-019,Operations / Engineering / Procurement,"Manual bread forming needs a dedicated compliant work surface. BAK-12 is a pizza table, HOT-12 is a hot-line table and BAK-07 is inventory only; none is an approved bakery work-surface allocation.","Chef/Operations time the operation; Procurement supplies selected-model passport; Engineering confirms asset, placement and connections"
EQM-0047,VKM-008,Бриошь,Хлеб,0.1.0-DRAFT,5,расстоять,BAK-05,Программируемый расстоечный шкаф,CAPEX.BAK.005,MANDATORY,APPROVED_STRUCTURE,PROOFING,,BLOCKED,Only dish aggregate is available: active 22 min / total 180 min; no unsupported split by operation,BAK-05: 12–16 противней 600×400,project design requirement,PLANNED,,,BLOCKED,,BLOCKED_NOT_COMPARABLE,Recipe load cannot be compared to the project requirement without tray/form/GN/load and selected-model data,,,,,,BLOCKED_NO_SELECTED_MODEL_PASSPORT,BLOCKED,BLOCKED,BLOCKED_SELECTED_MODEL_AND_SITE_VALIDATION,ESTIMATE,EVD-0010;EVD-0021;EVD-0022;EVD-0023,2026-08-03,GAP-007;GAP-017;GAP-018;GAP-019,Operations / Engineering / Procurement,Manual operation mapped to an existing work surface/inventory function.,"Chef/Operations time the operation; Procurement supplies selected-model passport; Engineering confirms asset, placement and connections"
EQM-0048,VKM-008,Бриошь,Хлеб,0.1.0-DRAFT,6,смазать,BAK-07,Кондитерские формы и инвентарь,CAPEX.BAK.007,MANDATORY,APPROVED_STRUCTURE,FORM_PREPARATION,,BLOCKED,Only dish aggregate is available: active 22 min / total 180 min; no unsupported split by operation,"BAK-07: Торт, кростата, мадлены",project design requirement,PLANNED,,,BLOCKED,,BLOCKED_NOT_COMPARABLE,Recipe load cannot be compared to the project requirement without tray/form/GN/load and selected-model data,,,,,,BLOCKED_NO_SELECTED_MODEL_PASSPORT,BLOCKED,BLOCKED,BLOCKED_SELECTED_MODEL_AND_SITE_VALIDATION,ESTIMATE,EVD-0010;EVD-0021;EVD-0022;EVD-0023,2026-08-03,GAP-007;GAP-017;GAP-018;GAP-019,Operations / Engineering / Procurement,Manual operation mapped to an existing work surface/inventory function.,"Chef/Operations time the operation; Procurement supplies selected-model passport; Engineering confirms asset, placement and connections"
EQM-0049,VKM-008,Бриошь,Хлеб,0.1.0-DRAFT,7,выпечь,BAK-02,Пекарская печь,CAPEX.BAK.002,MANDATORY,APPROVED_STRUCTURE,THERMAL_PROCESS,,BLOCKED,Only dish aggregate is available: active 22 min / total 180 min; no unsupported split by operation,BAK-02: 6×600×400; программирование; пар,project design requirement,PLANNED,,,BLOCKED,,BLOCKED_NOT_COMPARABLE,Recipe load cannot be compared to the project requirement without tray/form/GN/load and selected-model data,,,,,,BLOCKED_NO_SELECTED_MODEL_PASSPORT,BLOCKED,BLOCKED,BLOCKED_SELECTED_MODEL_AND_SITE_VALIDATION,ESTIMATE,EVD-0010;EVD-0021;EVD-0022;EVD-0023,2026-08-03,GAP-007;GAP-017;GAP-018;GAP-019,Operations / Engineering / Procurement,Manual operation mapped to an existing work surface/inventory function.,"Chef/Operations time the operation; Procurement supplies selected-model passport; Engineering confirms asset, placement and connections"
EQM-0050,VKM-008,Бриошь,Хлеб,0.1.0-DRAFT,8,охладить,BAK-06,Мобильный стеллаж охлаждения,CAPEX.BAK.006,MANDATORY,APPROVED_STRUCTURE,COOLING_HOLDING,,BLOCKED,Only dish aggregate is available: active 22 min / total 180 min; no unsupported split by operation,BAK-06: 16–20 противней,project design requirement,PLANNED,,,BLOCKED,,BLOCKED_NOT_COMPARABLE,Recipe load cannot be compared to the project requirement without tray/form/GN/load and selected-model data,,,,,,BLOCKED_NO_SELECTED_MODEL_PASSPORT,BLOCKED,BLOCKED,BLOCKED_SELECTED_MODEL_AND_SITE_VALIDATION,ESTIMATE,EVD-0010;EVD-0021;EVD-0022;EVD-0023,2026-08-03,GAP-007;GAP-017;GAP-018;GAP-019,Operations / Engineering / Procurement,Manual operation mapped to an existing work surface/inventory function.,"Chef/Operations time the operation; Procurement supplies selected-model passport; Engineering confirms asset, placement and connections"
EQM-0051,VKM-009,Буррата с томатами,Салаты,0.1.0-DRAFT,1,Подготовить томаты и зелень,CLD-03;CLD-07,"Вторая рабочая поверхность;Весы, ножи, доски холодного участка",CAPEX.CLD.003;CAPEX.CLD.007,MANDATORY,APPROVED_STRUCTURE,COLD_PREP_ASSEMBLY,,BLOCKED,Only dish aggregate is available: active 8 min / total 10 min; no unsupported split by operation,CLD-03: ≥1200×700; CLD-07: Две рабочие позиции,project design requirement,PLANNED,,,BLOCKED,,BLOCKED_NOT_COMPARABLE,Recipe load cannot be compared to the project requirement without tray/form/GN/load and selected-model data,,,,,,BLOCKED_NO_SELECTED_MODEL_PASSPORT,BLOCKED,BLOCKED,BLOCKED_SELECTED_MODEL_AND_SITE_VALIDATION,ESTIMATE,EVD-0010;EVD-0021;EVD-0022;EVD-0023,2026-08-03,GAP-007;GAP-017;GAP-018;GAP-019,Operations / Engineering / Procurement,Manual operation mapped to an existing work surface/inventory function.,"Chef/Operations time the operation; Procurement supplies selected-model passport; Engineering confirms asset, placement and connections"
EQM-0052,VKM-009,Буррата с томатами,Салаты,0.1.0-DRAFT,2,смешать заправку,CLD-03;CLD-07,"Вторая рабочая поверхность;Весы, ножи, доски холодного участка",CAPEX.CLD.003;CAPEX.CLD.007,MANDATORY,APPROVED_STRUCTURE,COLD_PREP_ASSEMBLY,,BLOCKED,Only dish aggregate is available: active 8 min / total 10 min; no unsupported split by operation,CLD-03: ≥1200×700; CLD-07: Две рабочие позиции,project design requirement,PLANNED,,,BLOCKED,,BLOCKED_NOT_COMPARABLE,Recipe load cannot be compared to the project requirement without tray/form/GN/load and selected-model data,,,,,,BLOCKED_NO_SELECTED_MODEL_PASSPORT,BLOCKED,BLOCKED,BLOCKED_SELECTED_MODEL_AND_SITE_VALIDATION,ESTIMATE,EVD-0010;EVD-0021;EVD-0022;EVD-0023,2026-08-03,GAP-007;GAP-017;GAP-018;GAP-019,Operations / Engineering / Procurement,Manual operation mapped to an existing work surface/inventory function.,"Chef/Operations time the operation; Procurement supplies selected-model passport; Engineering confirms asset, placement and connections"
EQM-0053,VKM-009,Буррата с томатами,Салаты,0.1.0-DRAFT,3,разместить буррату,CLD-03;CLD-07,"Вторая рабочая поверхность;Весы, ножи, доски холодного участка",CAPEX.CLD.003;CAPEX.CLD.007,MANDATORY,APPROVED_STRUCTURE,COLD_PREP_ASSEMBLY,,BLOCKED,Only dish aggregate is available: active 8 min / total 10 min; no unsupported split by operation,CLD-03: ≥1200×700; CLD-07: Две рабочие позиции,project design requirement,PLANNED,,,BLOCKED,,BLOCKED_NOT_COMPARABLE,Recipe load cannot be compared to the project requirement without tray/form/GN/load and selected-model data,,,,,,BLOCKED_NO_SELECTED_MODEL_PASSPORT,BLOCKED,BLOCKED,BLOCKED_SELECTED_MODEL_AND_SITE_VALIDATION,ESTIMATE,EVD-0010;EVD-0021;EVD-0022;EVD-0023,2026-08-03,GAP-007;GAP-017;GAP-018;GAP-019,Operations / Engineering / Procurement,Manual operation mapped to an existing work surface/inventory function.,"Chef/Operations time the operation; Procurement supplies selected-model passport; Engineering confirms asset, placement and connections"
EQM-0054,VKM-009,Буррата с томатами,Салаты,0.1.0-DRAFT,4,собрать и финишировать,CLD-03;CLD-07,"Вторая рабочая поверхность;Весы, ножи, доски холодного участка",CAPEX.CLD.003;CAPEX.CLD.007,MANDATORY,APPROVED_STRUCTURE,COLD_PREP_ASSEMBLY,,BLOCKED,Only dish aggregate is available: active 8 min / total 10 min; no unsupported split by operation,CLD-03: ≥1200×700; CLD-07: Две рабочие позиции,project design requirement,PLANNED,,,BLOCKED,,BLOCKED_NOT_COMPARABLE,Recipe load cannot be compared to the project requirement without tray/form/GN/load and selected-model data,,,,,,BLOCKED_NO_SELECTED_MODEL_PASSPORT,BLOCKED,BLOCKED,BLOCKED_SELECTED_MODEL_AND_SITE_VALIDATION,ESTIMATE,EVD-0010;EVD-0021;EVD-0022;EVD-0023,2026-08-03,GAP-007;GAP-017;GAP-018;GAP-019,Operations / Engineering / Procurement,Manual operation mapped to an existing work surface/inventory function.,"Chef/Operations time the operation; Procurement supplies selected-model passport; Engineering confirms asset, placement and connections"
EQM-0055,VKM-010,Микс-салат с креветками и яблоком,Салаты,0.1.0-DRAFT,1,"Подготовить зелень, яблоко и огурец",CLD-03;CLD-07,"Вторая рабочая поверхность;Весы, ножи, доски холодного участка",CAPEX.CLD.003;CAPEX.CLD.007,MANDATORY,APPROVED_STRUCTURE,COLD_PREP_ASSEMBLY,,BLOCKED,Only dish aggregate is available: active 12 min / total 18 min; no unsupported split by operation,CLD-03: ≥1200×700; CLD-07: Две рабочие позиции,project design requirement,PLANNED,,,BLOCKED,,BLOCKED_NOT_COMPARABLE,Recipe load cannot be compared to the project requirement without tray/form/GN/load and selected-model data,,,,,,BLOCKED_NO_SELECTED_MODEL_PASSPORT,BLOCKED,BLOCKED,BLOCKED_SELECTED_MODEL_AND_SITE_VALIDATION,ESTIMATE,EVD-0010;EVD-0021;EVD-0022;EVD-0023,2026-08-03,GAP-007;GAP-017;GAP-018;GAP-019,Operations / Engineering / Procurement,Manual operation mapped to an existing work surface/inventory function.,"Chef/Operations time the operation; Procurement supplies selected-model passport; Engineering confirms asset, placement and connections"
EQM-0056,VKM-010,Микс-салат с креветками и яблоком,Салаты,0.1.0-DRAFT,2,подготовить креветки,CLD-03;CLD-07,"Вторая рабочая поверхность;Весы, ножи, доски холодного участка",CAPEX.CLD.003;CAPEX.CLD.007,MANDATORY,APPROVED_STRUCTURE,COLD_PREP_ASSEMBLY,,BLOCKED,Only dish aggregate is available: active 12 min / total 18 min; no unsupported split by operation,CLD-03: ≥1200×700; CLD-07: Две рабочие позиции,project design requirement,PLANNED,,,BLOCKED,,BLOCKED_NOT_COMPARABLE,Recipe load cannot be compared to the project requirement without tray/form/GN/load and selected-model data,,,,,,BLOCKED_NO_SELECTED_MODEL_PASSPORT,BLOCKED,BLOCKED,BLOCKED_SELECTED_MODEL_AND_SITE_VALIDATION,ESTIMATE,EVD-0010;EVD-0021;EVD-0022;EVD-0023,2026-08-03,GAP-007;GAP-017;GAP-018;GAP-019,Operations / Engineering / Procurement,Manual operation mapped to an existing work surface/inventory function.,"Chef/Operations time the operation; Procurement supplies selected-model passport; Engineering confirms asset, placement and connections"
EQM-0057,VKM-010,Микс-салат с креветками и яблоком,Салаты,0.1.0-DRAFT,3,смешать заправку,CLD-03;CLD-07,"Вторая рабочая поверхность;Весы, ножи, доски холодного участка",CAPEX.CLD.003;CAPEX.CLD.007,MANDATORY,APPROVED_STRUCTURE,COLD_PREP_ASSEMBLY,,BLOCKED,Only dish aggregate is available: active 12 min / total 18 min; no unsupported split by operation,CLD-03: ≥1200×700; CLD-07: Две рабочие позиции,project design requirement,PLANNED,,,BLOCKED,,BLOCKED_NOT_COMPARABLE,Recipe load cannot be compared to the project requirement without tray/form/GN/load and selected-model data,,,,,,BLOCKED_NO_SELECTED_MODEL_PASSPORT,BLOCKED,BLOCKED,BLOCKED_SELECTED_MODEL_AND_SITE_VALIDATION,ESTIMATE,EVD-0010;EVD-0021;EVD-0022;EVD-0023,2026-08-03,GAP-007;GAP-017;GAP-018;GAP-019,Operations / Engineering / Procurement,Manual operation mapped to an existing work surface/inventory function.,"Chef/Operations time the operation; Procurement supplies selected-model passport; Engineering confirms asset, placement and connections"
EQM-0058,VKM-010,Микс-салат с креветками и яблоком,Салаты,0.1.0-DRAFT,4,аккуратно собрать,CLD-03;CLD-07,"Вторая рабочая поверхность;Весы, ножи, доски холодного участка",CAPEX.CLD.003;CAPEX.CLD.007,MANDATORY,APPROVED_STRUCTURE,COLD_PREP_ASSEMBLY,,BLOCKED,Only dish aggregate is available: active 12 min / total 18 min; no unsupported split by operation,CLD-03: ≥1200×700; CLD-07: Две рабочие позиции,project design requirement,PLANNED,,,BLOCKED,,BLOCKED_NOT_COMPARABLE,Recipe load cannot be compared to the project requirement without tray/form/GN/load and selected-model data,,,,,,BLOCKED_NO_SELECTED_MODEL_PASSPORT,BLOCKED,BLOCKED,BLOCKED_SELECTED_MODEL_AND_SITE_VALIDATION,ESTIMATE,EVD-0010;EVD-0021;EVD-0022;EVD-0023,2026-08-03,GAP-007;GAP-017;GAP-018;GAP-019,Operations / Engineering / Procurement,Manual operation mapped to an existing work surface/inventory function.,"Chef/Operations time the operation; Procurement supplies selected-model passport; Engineering confirms asset, placement and connections"
EQM-0059,VKM-010,Микс-салат с креветками и яблоком,Салаты,0.1.0-DRAFT,5,добавить финиш,CLD-03;CLD-07,"Вторая рабочая поверхность;Весы, ножи, доски холодного участка",CAPEX.CLD.003;CAPEX.CLD.007,MANDATORY,APPROVED_STRUCTURE,COLD_PREP_ASSEMBLY,,BLOCKED,Only dish aggregate is available: active 12 min / total 18 min; no unsupported split by operation,CLD-03: ≥1200×700; CLD-07: Две рабочие позиции,project design requirement,PLANNED,,,BLOCKED,,BLOCKED_NOT_COMPARABLE,Recipe load cannot be compared to the project requirement without tray/form/GN/load and selected-model data,,,,,,BLOCKED_NO_SELECTED_MODEL_PASSPORT,BLOCKED,BLOCKED,BLOCKED_SELECTED_MODEL_AND_SITE_VALIDATION,ESTIMATE,EVD-0010;EVD-0021;EVD-0022;EVD-0023,2026-08-03,GAP-007;GAP-017;GAP-018;GAP-019,Operations / Engineering / Procurement,Manual operation mapped to an existing work surface/inventory function.,"Chef/Operations time the operation; Procurement supplies selected-model passport; Engineering confirms asset, placement and connections"
EQM-0060,VKM-011,Греческий,Салаты,0.1.0-DRAFT,1,Нарезать овощи,CLD-03;CLD-07,"Вторая рабочая поверхность;Весы, ножи, доски холодного участка",CAPEX.CLD.003;CAPEX.CLD.007,MANDATORY,APPROVED_STRUCTURE,COLD_PREP_ASSEMBLY,,BLOCKED,Only dish aggregate is available: active 10 min / total 12 min; no unsupported split by operation,CLD-03: ≥1200×700; CLD-07: Две рабочие позиции,project design requirement,PLANNED,,,BLOCKED,,BLOCKED_NOT_COMPARABLE,Recipe load cannot be compared to the project requirement without tray/form/GN/load and selected-model data,,,,,,BLOCKED_NO_SELECTED_MODEL_PASSPORT,BLOCKED,BLOCKED,BLOCKED_SELECTED_MODEL_AND_SITE_VALIDATION,ESTIMATE,EVD-0010;EVD-0021;EVD-0022;EVD-0023,2026-08-03,GAP-007;GAP-017;GAP-018;GAP-019,Operations / Engineering / Procurement,Manual baseline; CLD-08/CLD-09 remain conditional until the applicable timing gate.,"Chef/Operations time the operation; Procurement supplies selected-model passport; Engineering confirms asset, placement and connections"
EQM-0061,VKM-011,Греческий,Салаты,0.1.0-DRAFT,2,подготовить фету и оливки,CLD-03;CLD-07,"Вторая рабочая поверхность;Весы, ножи, доски холодного участка",CAPEX.CLD.003;CAPEX.CLD.007,MANDATORY,APPROVED_STRUCTURE,COLD_PREP_ASSEMBLY,,BLOCKED,Only dish aggregate is available: active 10 min / total 12 min; no unsupported split by operation,CLD-03: ≥1200×700; CLD-07: Две рабочие позиции,project design requirement,PLANNED,,,BLOCKED,,BLOCKED_NOT_COMPARABLE,Recipe load cannot be compared to the project requirement without tray/form/GN/load and selected-model data,,,,,,BLOCKED_NO_SELECTED_MODEL_PASSPORT,BLOCKED,BLOCKED,BLOCKED_SELECTED_MODEL_AND_SITE_VALIDATION,ESTIMATE,EVD-0010;EVD-0021;EVD-0022;EVD-0023,2026-08-03,GAP-007;GAP-017;GAP-018;GAP-019,Operations / Engineering / Procurement,Manual operation mapped to an existing work surface/inventory function.,"Chef/Operations time the operation; Procurement supplies selected-model passport; Engineering confirms asset, placement and connections"
EQM-0062,VKM-011,Греческий,Салаты,0.1.0-DRAFT,3,смешать заправку,CLD-03;CLD-07,"Вторая рабочая поверхность;Весы, ножи, доски холодного участка",CAPEX.CLD.003;CAPEX.CLD.007,MANDATORY,APPROVED_STRUCTURE,COLD_PREP_ASSEMBLY,,BLOCKED,Only dish aggregate is available: active 10 min / total 12 min; no unsupported split by operation,CLD-03: ≥1200×700; CLD-07: Две рабочие позиции,project design requirement,PLANNED,,,BLOCKED,,BLOCKED_NOT_COMPARABLE,Recipe load cannot be compared to the project requirement without tray/form/GN/load and selected-model data,,,,,,BLOCKED_NO_SELECTED_MODEL_PASSPORT,BLOCKED,BLOCKED,BLOCKED_SELECTED_MODEL_AND_SITE_VALIDATION,ESTIMATE,EVD-0010;EVD-0021;EVD-0022;EVD-0023,2026-08-03,GAP-007;GAP-017;GAP-018;GAP-019,Operations / Engineering / Procurement,Manual operation mapped to an existing work surface/inventory function.,"Chef/Operations time the operation; Procurement supplies selected-model passport; Engineering confirms asset, placement and connections"
EQM-0063,VKM-011,Греческий,Салаты,0.1.0-DRAFT,4,собрать без излишнего перемешивания,CLD-03;CLD-07,"Вторая рабочая поверхность;Весы, ножи, доски холодного участка",CAPEX.CLD.003;CAPEX.CLD.007,MANDATORY,APPROVED_STRUCTURE,COLD_PREP_ASSEMBLY,,BLOCKED,Only dish aggregate is available: active 10 min / total 12 min; no unsupported split by operation,CLD-03: ≥1200×700; CLD-07: Две рабочие позиции,project design requirement,PLANNED,,,BLOCKED,,BLOCKED_NOT_COMPARABLE,Recipe load cannot be compared to the project requirement without tray/form/GN/load and selected-model data,,,,,,BLOCKED_NO_SELECTED_MODEL_PASSPORT,BLOCKED,BLOCKED,BLOCKED_SELECTED_MODEL_AND_SITE_VALIDATION,ESTIMATE,EVD-0010;EVD-0021;EVD-0022;EVD-0023,2026-08-03,GAP-007;GAP-017;GAP-018;GAP-019,Operations / Engineering / Procurement,Manual operation mapped to an existing work surface/inventory function.,"Chef/Operations time the operation; Procurement supplies selected-model passport; Engineering confirms asset, placement and connections"
EQM-0064,VKM-012,Винегрет,Салаты,0.1.0-DRAFT,1,Подготовить варёные овощи,CLD-03;CLD-07,"Вторая рабочая поверхность;Весы, ножи, доски холодного участка",CAPEX.CLD.003;CAPEX.CLD.007,MANDATORY,APPROVED_STRUCTURE,COLD_PREP_ASSEMBLY,,BLOCKED,Only dish aggregate is available: active 18 min / total 90 min; no unsupported split by operation,CLD-03: ≥1200×700; CLD-07: Две рабочие позиции,project design requirement,PLANNED,,,BLOCKED,,BLOCKED_NOT_COMPARABLE,Recipe load cannot be compared to the project requirement without tray/form/GN/load and selected-model data,,,,,,BLOCKED_NO_SELECTED_MODEL_PASSPORT,BLOCKED,BLOCKED,BLOCKED_SELECTED_MODEL_AND_SITE_VALIDATION,ESTIMATE,EVD-0010;EVD-0021;EVD-0022;EVD-0023,2026-08-03,GAP-007;GAP-017;GAP-018;GAP-019,Operations / Engineering / Procurement,Manual operation mapped to an existing work surface/inventory function.,"Chef/Operations time the operation; Procurement supplies selected-model passport; Engineering confirms asset, placement and connections"
EQM-0065,VKM-012,Винегрет,Салаты,0.1.0-DRAFT,2,охладить,HOT-09;STO-10,Шкаф интенсивного охлаждения;Готовые полуфабрикаты,CAPEX.HOT.010;CAPEX.STO.010,MANDATORY,APPROVED_STRUCTURE,COOLING_HOLDING,,BLOCKED,Only dish aggregate is available: active 18 min / total 90 min; no unsupported split by operation,HOT-09: ≥10 кг/цикл; STO-10: Раздельное хранение,project design requirement,PLANNED,,,BLOCKED,,BLOCKED_NOT_COMPARABLE,Recipe load cannot be compared to the project requirement without tray/form/GN/load and selected-model data,,,,,,BLOCKED_NO_SELECTED_MODEL_PASSPORT,BLOCKED,BLOCKED,BLOCKED_SELECTED_MODEL_AND_SITE_VALIDATION,ESTIMATE,EVD-0010;EVD-0021;EVD-0022;EVD-0023,2026-08-03,GAP-007;GAP-017;GAP-018;GAP-019,Operations / Engineering / Procurement,Manual operation mapped to an existing work surface/inventory function.,"Chef/Operations time the operation; Procurement supplies selected-model passport; Engineering confirms asset, placement and connections"
EQM-0066,VKM-012,Винегрет,Салаты,0.1.0-DRAFT,3,нарезать одинаковым кубиком,CLD-03;CLD-07,"Вторая рабочая поверхность;Весы, ножи, доски холодного участка",CAPEX.CLD.003;CAPEX.CLD.007,MANDATORY,APPROVED_STRUCTURE,COLD_PREP_ASSEMBLY,,BLOCKED,Only dish aggregate is available: active 18 min / total 90 min; no unsupported split by operation,CLD-03: ≥1200×700; CLD-07: Две рабочие позиции,project design requirement,PLANNED,,,BLOCKED,,BLOCKED_NOT_COMPARABLE,Recipe load cannot be compared to the project requirement without tray/form/GN/load and selected-model data,,,,,,BLOCKED_NO_SELECTED_MODEL_PASSPORT,BLOCKED,BLOCKED,BLOCKED_SELECTED_MODEL_AND_SITE_VALIDATION,ESTIMATE,EVD-0010;EVD-0021;EVD-0022;EVD-0023,2026-08-03,GAP-007;GAP-017;GAP-018;GAP-019,Operations / Engineering / Procurement,Manual baseline; CLD-08/CLD-09 remain conditional until the applicable timing gate.,"Chef/Operations time the operation; Procurement supplies selected-model passport; Engineering confirms asset, placement and connections"
EQM-0067,VKM-012,Винегрет,Салаты,0.1.0-DRAFT,4,подготовить прочие компоненты,CLD-03;CLD-07,"Вторая рабочая поверхность;Весы, ножи, доски холодного участка",CAPEX.CLD.003;CAPEX.CLD.007,MANDATORY,APPROVED_STRUCTURE,COLD_PREP_ASSEMBLY,,BLOCKED,Only dish aggregate is available: active 18 min / total 90 min; no unsupported split by operation,CLD-03: ≥1200×700; CLD-07: Две рабочие позиции,project design requirement,PLANNED,,,BLOCKED,,BLOCKED_NOT_COMPARABLE,Recipe load cannot be compared to the project requirement without tray/form/GN/load and selected-model data,,,,,,BLOCKED_NO_SELECTED_MODEL_PASSPORT,BLOCKED,BLOCKED,BLOCKED_SELECTED_MODEL_AND_SITE_VALIDATION,ESTIMATE,EVD-0010;EVD-0021;EVD-0022;EVD-0023,2026-08-03,GAP-007;GAP-017;GAP-018;GAP-019,Operations / Engineering / Procurement,Manual operation mapped to an existing work surface/inventory function.,"Chef/Operations time the operation; Procurement supplies selected-model passport; Engineering confirms asset, placement and connections"
EQM-0068,VKM-012,Винегрет,Салаты,0.1.0-DRAFT,5,смешать и заправить,CLD-03;CLD-07,"Вторая рабочая поверхность;Весы, ножи, доски холодного участка",CAPEX.CLD.003;CAPEX.CLD.007,MANDATORY,APPROVED_STRUCTURE,COLD_PREP_ASSEMBLY,,BLOCKED,Only dish aggregate is available: active 18 min / total 90 min; no unsupported split by operation,CLD-03: ≥1200×700; CLD-07: Две рабочие позиции,project design requirement,PLANNED,,,BLOCKED,,BLOCKED_NOT_COMPARABLE,Recipe load cannot be compared to the project requirement without tray/form/GN/load and selected-model data,,,,,,BLOCKED_NO_SELECTED_MODEL_PASSPORT,BLOCKED,BLOCKED,BLOCKED_SELECTED_MODEL_AND_SITE_VALIDATION,ESTIMATE,EVD-0010;EVD-0021;EVD-0022;EVD-0023,2026-08-03,GAP-007;GAP-017;GAP-018;GAP-019,Operations / Engineering / Procurement,Manual operation mapped to an existing work surface/inventory function.,"Chef/Operations time the operation; Procurement supplies selected-model passport; Engineering confirms asset, placement and connections"
EQM-0069,VKM-013,Слабосолёный лосось,Холодные закуски,0.1.0-DRAFT,1,Проверить готовое филе,CLD-03;CLD-07,"Вторая рабочая поверхность;Весы, ножи, доски холодного участка",CAPEX.CLD.003;CAPEX.CLD.007,MANDATORY,APPROVED_STRUCTURE,COLD_PREP_ASSEMBLY,,BLOCKED,Only dish aggregate is available: active 7 min / total 10 min; no unsupported split by operation,CLD-03: ≥1200×700; CLD-07: Две рабочие позиции,project design requirement,PLANNED,,,BLOCKED,,BLOCKED_NOT_COMPARABLE,Recipe load cannot be compared to the project requirement without tray/form/GN/load and selected-model data,,,,,,BLOCKED_NO_SELECTED_MODEL_PASSPORT,BLOCKED,BLOCKED,BLOCKED_SELECTED_MODEL_AND_SITE_VALIDATION,ESTIMATE,EVD-0010;EVD-0021;EVD-0022;EVD-0023,2026-08-03,GAP-007;GAP-017;GAP-018;GAP-019,Operations / Engineering / Procurement,Manual operation mapped to an existing work surface/inventory function.,"Chef/Operations time the operation; Procurement supplies selected-model passport; Engineering confirms asset, placement and connections"
EQM-0070,VKM-013,Слабосолёный лосось,Холодные закуски,0.1.0-DRAFT,2,удалить упаковочную жидкость,CLD-03;CLD-07,"Вторая рабочая поверхность;Весы, ножи, доски холодного участка",CAPEX.CLD.003;CAPEX.CLD.007,MANDATORY,APPROVED_STRUCTURE,COLD_PREP_ASSEMBLY,,BLOCKED,Only dish aggregate is available: active 7 min / total 10 min; no unsupported split by operation,CLD-03: ≥1200×700; CLD-07: Две рабочие позиции,project design requirement,PLANNED,,,BLOCKED,,BLOCKED_NOT_COMPARABLE,Recipe load cannot be compared to the project requirement without tray/form/GN/load and selected-model data,,,,,,BLOCKED_NO_SELECTED_MODEL_PASSPORT,BLOCKED,BLOCKED,BLOCKED_SELECTED_MODEL_AND_SITE_VALIDATION,ESTIMATE,EVD-0010;EVD-0021;EVD-0022;EVD-0023,2026-08-03,GAP-007;GAP-017;GAP-018;GAP-019,Operations / Engineering / Procurement,Manual operation mapped to an existing work surface/inventory function.,"Chef/Operations time the operation; Procurement supplies selected-model passport; Engineering confirms asset, placement and connections"
EQM-0071,VKM-013,Слабосолёный лосось,Холодные закуски,0.1.0-DRAFT,3,порционировать,CLD-03;CLD-07,"Вторая рабочая поверхность;Весы, ножи, доски холодного участка",CAPEX.CLD.003;CAPEX.CLD.007,MANDATORY,APPROVED_STRUCTURE,COLD_PREP_ASSEMBLY,,BLOCKED,Only dish aggregate is available: active 7 min / total 10 min; no unsupported split by operation,CLD-03: ≥1200×700; CLD-07: Две рабочие позиции,project design requirement,PLANNED,,,BLOCKED,,BLOCKED_NOT_COMPARABLE,Recipe load cannot be compared to the project requirement without tray/form/GN/load and selected-model data,,,,,,BLOCKED_NO_SELECTED_MODEL_PASSPORT,BLOCKED,BLOCKED,BLOCKED_SELECTED_MODEL_AND_SITE_VALIDATION,ESTIMATE,EVD-0010;EVD-0021;EVD-0022;EVD-0023,2026-08-03,GAP-007;GAP-017;GAP-018;GAP-019,Operations / Engineering / Procurement,Manual baseline; CLD-08/CLD-09 remain conditional until the applicable timing gate.,"Chef/Operations time the operation; Procurement supplies selected-model passport; Engineering confirms asset, placement and connections"
EQM-0072,VKM-013,Слабосолёный лосось,Холодные закуски,0.1.0-DRAFT,4,подготовить лимон и гарниры,CLD-03;CLD-07,"Вторая рабочая поверхность;Весы, ножи, доски холодного участка",CAPEX.CLD.003;CAPEX.CLD.007,MANDATORY,APPROVED_STRUCTURE,COLD_PREP_ASSEMBLY,,BLOCKED,Only dish aggregate is available: active 7 min / total 10 min; no unsupported split by operation,CLD-03: ≥1200×700; CLD-07: Две рабочие позиции,project design requirement,PLANNED,,,BLOCKED,,BLOCKED_NOT_COMPARABLE,Recipe load cannot be compared to the project requirement without tray/form/GN/load and selected-model data,,,,,,BLOCKED_NO_SELECTED_MODEL_PASSPORT,BLOCKED,BLOCKED,BLOCKED_SELECTED_MODEL_AND_SITE_VALIDATION,ESTIMATE,EVD-0010;EVD-0021;EVD-0022;EVD-0023,2026-08-03,GAP-007;GAP-017;GAP-018;GAP-019,Operations / Engineering / Procurement,Manual operation mapped to an existing work surface/inventory function.,"Chef/Operations time the operation; Procurement supplies selected-model passport; Engineering confirms asset, placement and connections"
EQM-0073,VKM-013,Слабосолёный лосось,Холодные закуски,0.1.0-DRAFT,5,собрать,CLD-03;CLD-07,"Вторая рабочая поверхность;Весы, ножи, доски холодного участка",CAPEX.CLD.003;CAPEX.CLD.007,MANDATORY,APPROVED_STRUCTURE,COLD_PREP_ASSEMBLY,,BLOCKED,Only dish aggregate is available: active 7 min / total 10 min; no unsupported split by operation,CLD-03: ≥1200×700; CLD-07: Две рабочие позиции,project design requirement,PLANNED,,,BLOCKED,,BLOCKED_NOT_COMPARABLE,Recipe load cannot be compared to the project requirement without tray/form/GN/load and selected-model data,,,,,,BLOCKED_NO_SELECTED_MODEL_PASSPORT,BLOCKED,BLOCKED,BLOCKED_SELECTED_MODEL_AND_SITE_VALIDATION,ESTIMATE,EVD-0010;EVD-0021;EVD-0022;EVD-0023,2026-08-03,GAP-007;GAP-017;GAP-018;GAP-019,Operations / Engineering / Procurement,Manual operation mapped to an existing work surface/inventory function.,"Chef/Operations time the operation; Procurement supplies selected-model passport; Engineering confirms asset, placement and connections"
EQM-0074,VKM-014,Сельдь с запечённым картофелем,Холодные закуски,0.1.0-DRAFT,1,Подготовить и запечь картофель,HOT-01,Пароконвектомат,CAPEX.HOT.001,MANDATORY,APPROVED_STRUCTURE,THERMAL_PROCESS,,BLOCKED,Only dish aggregate is available: active 14 min / total 55 min; no unsupported split by operation,HOT-01: Минимум 6×GN 1/1; программы; термощуп,project design requirement,PLANNED,,,BLOCKED,,BLOCKED_NOT_COMPARABLE,Recipe load cannot be compared to the project requirement without tray/form/GN/load and selected-model data,,,,,,BLOCKED_NO_SELECTED_MODEL_PASSPORT,BLOCKED,BLOCKED,BLOCKED_SELECTED_MODEL_AND_SITE_VALIDATION,ESTIMATE,EVD-0010;EVD-0021;EVD-0022;EVD-0023,2026-08-03,GAP-007;GAP-017;GAP-018;GAP-019,Operations / Engineering / Procurement,Manual operation mapped to an existing work surface/inventory function.,"Chef/Operations time the operation; Procurement supplies selected-model passport; Engineering confirms asset, placement and connections"
EQM-0075,VKM-014,Сельдь с запечённым картофелем,Холодные закуски,0.1.0-DRAFT,2,подготовить сельдь и лук,CLD-03;CLD-07,"Вторая рабочая поверхность;Весы, ножи, доски холодного участка",CAPEX.CLD.003;CAPEX.CLD.007,MANDATORY,APPROVED_STRUCTURE,COLD_PREP_ASSEMBLY,,BLOCKED,Only dish aggregate is available: active 14 min / total 55 min; no unsupported split by operation,CLD-03: ≥1200×700; CLD-07: Две рабочие позиции,project design requirement,PLANNED,,,BLOCKED,,BLOCKED_NOT_COMPARABLE,Recipe load cannot be compared to the project requirement without tray/form/GN/load and selected-model data,,,,,,BLOCKED_NO_SELECTED_MODEL_PASSPORT,BLOCKED,BLOCKED,BLOCKED_SELECTED_MODEL_AND_SITE_VALIDATION,ESTIMATE,EVD-0010;EVD-0021;EVD-0022;EVD-0023,2026-08-03,GAP-007;GAP-017;GAP-018;GAP-019,Operations / Engineering / Procurement,Manual operation mapped to an existing work surface/inventory function.,"Chef/Operations time the operation; Procurement supplies selected-model passport; Engineering confirms asset, placement and connections"
EQM-0076,VKM-014,Сельдь с запечённым картофелем,Холодные закуски,0.1.0-DRAFT,3,охладить компоненты по процессу,HOT-09;STO-10,Шкаф интенсивного охлаждения;Готовые полуфабрикаты,CAPEX.HOT.010;CAPEX.STO.010,MANDATORY,APPROVED_STRUCTURE,COOLING_HOLDING,,BLOCKED,Only dish aggregate is available: active 14 min / total 55 min; no unsupported split by operation,HOT-09: ≥10 кг/цикл; STO-10: Раздельное хранение,project design requirement,PLANNED,,,BLOCKED,,BLOCKED_NOT_COMPARABLE,Recipe load cannot be compared to the project requirement without tray/form/GN/load and selected-model data,,,,,,BLOCKED_NO_SELECTED_MODEL_PASSPORT,BLOCKED,BLOCKED,BLOCKED_SELECTED_MODEL_AND_SITE_VALIDATION,ESTIMATE,EVD-0010;EVD-0021;EVD-0022;EVD-0023,2026-08-03,GAP-007;GAP-017;GAP-018;GAP-019,Operations / Engineering / Procurement,Manual operation mapped to an existing work surface/inventory function.,"Chef/Operations time the operation; Procurement supplies selected-model passport; Engineering confirms asset, placement and connections"
EQM-0077,VKM-014,Сельдь с запечённым картофелем,Холодные закуски,0.1.0-DRAFT,4,собрать и заправить,CLD-03;CLD-07,"Вторая рабочая поверхность;Весы, ножи, доски холодного участка",CAPEX.CLD.003;CAPEX.CLD.007,MANDATORY,APPROVED_STRUCTURE,COLD_PREP_ASSEMBLY,,BLOCKED,Only dish aggregate is available: active 14 min / total 55 min; no unsupported split by operation,CLD-03: ≥1200×700; CLD-07: Две рабочие позиции,project design requirement,PLANNED,,,BLOCKED,,BLOCKED_NOT_COMPARABLE,Recipe load cannot be compared to the project requirement without tray/form/GN/load and selected-model data,,,,,,BLOCKED_NO_SELECTED_MODEL_PASSPORT,BLOCKED,BLOCKED,BLOCKED_SELECTED_MODEL_AND_SITE_VALIDATION,ESTIMATE,EVD-0010;EVD-0021;EVD-0022;EVD-0023,2026-08-03,GAP-007;GAP-017;GAP-018;GAP-019,Operations / Engineering / Procurement,Manual operation mapped to an existing work surface/inventory function.,"Chef/Operations time the operation; Procurement supplies selected-model passport; Engineering confirms asset, placement and connections"
EQM-0078,VKM-015,Оливки и маслины,Холодные закуски,0.1.0-DRAFT,1,Освободить оливки и маслины от заливки,CLD-03;CLD-07,"Вторая рабочая поверхность;Весы, ножи, доски холодного участка",CAPEX.CLD.003;CAPEX.CLD.007,MANDATORY,APPROVED_STRUCTURE,COLD_PREP_ASSEMBLY,,BLOCKED,Only dish aggregate is available: active 8 min / total 40 min; no unsupported split by operation,CLD-03: ≥1200×700; CLD-07: Две рабочие позиции,project design requirement,PLANNED,,,BLOCKED,,BLOCKED_NOT_COMPARABLE,Recipe load cannot be compared to the project requirement without tray/form/GN/load and selected-model data,,,,,,BLOCKED_NO_SELECTED_MODEL_PASSPORT,BLOCKED,BLOCKED,BLOCKED_SELECTED_MODEL_AND_SITE_VALIDATION,ESTIMATE,EVD-0010;EVD-0021;EVD-0022;EVD-0023,2026-08-03,GAP-007;GAP-017;GAP-018;GAP-019,Operations / Engineering / Procurement,Manual operation mapped to an existing work surface/inventory function.,"Chef/Operations time the operation; Procurement supplies selected-model passport; Engineering confirms asset, placement and connections"
EQM-0079,VKM-015,Оливки и маслины,Холодные закуски,0.1.0-DRAFT,2,подготовить ароматический маринад,CLD-03;CLD-07,"Вторая рабочая поверхность;Весы, ножи, доски холодного участка",CAPEX.CLD.003;CAPEX.CLD.007,MANDATORY,APPROVED_STRUCTURE,COLD_PREP_ASSEMBLY,,BLOCKED,Only dish aggregate is available: active 8 min / total 40 min; no unsupported split by operation,CLD-03: ≥1200×700; CLD-07: Две рабочие позиции,project design requirement,PLANNED,,,BLOCKED,,BLOCKED_NOT_COMPARABLE,Recipe load cannot be compared to the project requirement without tray/form/GN/load and selected-model data,,,,,,BLOCKED_NO_SELECTED_MODEL_PASSPORT,BLOCKED,BLOCKED,BLOCKED_SELECTED_MODEL_AND_SITE_VALIDATION,ESTIMATE,EVD-0010;EVD-0021;EVD-0022;EVD-0023,2026-08-03,GAP-007;GAP-017;GAP-018;GAP-019,Operations / Engineering / Procurement,Manual operation mapped to an existing work surface/inventory function.,"Chef/Operations time the operation; Procurement supplies selected-model passport; Engineering confirms asset, placement and connections"
EQM-0080,VKM-015,Оливки и маслины,Холодные закуски,0.1.0-DRAFT,3,смешать,CLD-03;CLD-07,"Вторая рабочая поверхность;Весы, ножи, доски холодного участка",CAPEX.CLD.003;CAPEX.CLD.007,MANDATORY,APPROVED_STRUCTURE,COLD_PREP_ASSEMBLY,,BLOCKED,Only dish aggregate is available: active 8 min / total 40 min; no unsupported split by operation,CLD-03: ≥1200×700; CLD-07: Две рабочие позиции,project design requirement,PLANNED,,,BLOCKED,,BLOCKED_NOT_COMPARABLE,Recipe load cannot be compared to the project requirement without tray/form/GN/load and selected-model data,,,,,,BLOCKED_NO_SELECTED_MODEL_PASSPORT,BLOCKED,BLOCKED,BLOCKED_SELECTED_MODEL_AND_SITE_VALIDATION,ESTIMATE,EVD-0010;EVD-0021;EVD-0022;EVD-0023,2026-08-03,GAP-007;GAP-017;GAP-018;GAP-019,Operations / Engineering / Procurement,Manual operation mapped to an existing work surface/inventory function.,"Chef/Operations time the operation; Procurement supplies selected-model passport; Engineering confirms asset, placement and connections"
EQM-0081,VKM-015,Оливки и маслины,Холодные закуски,0.1.0-DRAFT,4,выдержать,CLD-03;CLD-07,"Вторая рабочая поверхность;Весы, ножи, доски холодного участка",CAPEX.CLD.003;CAPEX.CLD.007,MANDATORY,APPROVED_STRUCTURE,COLD_PREP_ASSEMBLY,,BLOCKED,Only dish aggregate is available: active 8 min / total 40 min; no unsupported split by operation,CLD-03: ≥1200×700; CLD-07: Две рабочие позиции,project design requirement,PLANNED,,,BLOCKED,,BLOCKED_NOT_COMPARABLE,Recipe load cannot be compared to the project requirement without tray/form/GN/load and selected-model data,,,,,,BLOCKED_NO_SELECTED_MODEL_PASSPORT,BLOCKED,BLOCKED,BLOCKED_SELECTED_MODEL_AND_SITE_VALIDATION,ESTIMATE,EVD-0010;EVD-0021;EVD-0022;EVD-0023,2026-08-03,GAP-007;GAP-017;GAP-018;GAP-019,Operations / Engineering / Procurement,Manual operation mapped to an existing work surface/inventory function.,"Chef/Operations time the operation; Procurement supplies selected-model passport; Engineering confirms asset, placement and connections"
EQM-0082,VKM-015,Оливки и маслины,Холодные закуски,0.1.0-DRAFT,5,порционировать,CLD-03;CLD-07,"Вторая рабочая поверхность;Весы, ножи, доски холодного участка",CAPEX.CLD.003;CAPEX.CLD.007,MANDATORY,APPROVED_STRUCTURE,COLD_PREP_ASSEMBLY,,BLOCKED,Only dish aggregate is available: active 8 min / total 40 min; no unsupported split by operation,CLD-03: ≥1200×700; CLD-07: Две рабочие позиции,project design requirement,PLANNED,,,BLOCKED,,BLOCKED_NOT_COMPARABLE,Recipe load cannot be compared to the project requirement without tray/form/GN/load and selected-model data,,,,,,BLOCKED_NO_SELECTED_MODEL_PASSPORT,BLOCKED,BLOCKED,BLOCKED_SELECTED_MODEL_AND_SITE_VALIDATION,ESTIMATE,EVD-0010;EVD-0021;EVD-0022;EVD-0023,2026-08-03,GAP-007;GAP-017;GAP-018;GAP-019,Operations / Engineering / Procurement,Manual baseline; CLD-08/CLD-09 remain conditional until the applicable timing gate.,"Chef/Operations time the operation; Procurement supplies selected-model passport; Engineering confirms asset, placement and connections"
EQM-0083,VKM-016,Ассорти фирменных солений,Холодные закуски,0.1.0-DRAFT,1,Подготовить и нарезать овощи,CLD-03;CLD-07,"Вторая рабочая поверхность;Весы, ножи, доски холодного участка",CAPEX.CLD.003;CAPEX.CLD.007,MANDATORY,APPROVED_STRUCTURE,COLD_PREP_ASSEMBLY,,BLOCKED,Only dish aggregate is available: active 23 min / total 70 min; no unsupported split by operation,CLD-03: ≥1200×700; CLD-07: Две рабочие позиции,project design requirement,PLANNED,,,BLOCKED,,BLOCKED_NOT_COMPARABLE,Recipe load cannot be compared to the project requirement without tray/form/GN/load and selected-model data,,,,,,BLOCKED_NO_SELECTED_MODEL_PASSPORT,BLOCKED,BLOCKED,BLOCKED_SELECTED_MODEL_AND_SITE_VALIDATION,ESTIMATE,EVD-0010;EVD-0021;EVD-0022;EVD-0023,2026-08-03,GAP-007;GAP-017;GAP-018;GAP-019,Operations / Engineering / Procurement,Manual baseline; CLD-08/CLD-09 remain conditional until the applicable timing gate.,"Chef/Operations time the operation; Procurement supplies selected-model passport; Engineering confirms asset, placement and connections"
EQM-0084,VKM-016,Ассорти фирменных солений,Холодные закуски,0.1.0-DRAFT,2,приготовить маринад,CLD-03;CLD-07,"Вторая рабочая поверхность;Весы, ножи, доски холодного участка",CAPEX.CLD.003;CAPEX.CLD.007,MANDATORY,APPROVED_STRUCTURE,COLD_PREP_ASSEMBLY,,BLOCKED,Only dish aggregate is available: active 23 min / total 70 min; no unsupported split by operation,CLD-03: ≥1200×700; CLD-07: Две рабочие позиции,project design requirement,PLANNED,,,BLOCKED,,BLOCKED_NOT_COMPARABLE,Recipe load cannot be compared to the project requirement without tray/form/GN/load and selected-model data,,,,,,BLOCKED_NO_SELECTED_MODEL_PASSPORT,BLOCKED,BLOCKED,BLOCKED_SELECTED_MODEL_AND_SITE_VALIDATION,ESTIMATE,EVD-0010;EVD-0021;EVD-0022;EVD-0023,2026-08-03,GAP-007;GAP-017;GAP-018;GAP-019,Operations / Engineering / Procurement,Manual operation mapped to an existing work surface/inventory function.,"Chef/Operations time the operation; Procurement supplies selected-model passport; Engineering confirms asset, placement and connections"
EQM-0085,VKM-016,Ассорти фирменных солений,Холодные закуски,0.1.0-DRAFT,3,мариновать компоненты раздельно,CLD-03;CLD-07,"Вторая рабочая поверхность;Весы, ножи, доски холодного участка",CAPEX.CLD.003;CAPEX.CLD.007,MANDATORY,APPROVED_STRUCTURE,COLD_PREP_ASSEMBLY,,BLOCKED,Only dish aggregate is available: active 23 min / total 70 min; no unsupported split by operation,CLD-03: ≥1200×700; CLD-07: Две рабочие позиции,project design requirement,PLANNED,,,BLOCKED,,BLOCKED_NOT_COMPARABLE,Recipe load cannot be compared to the project requirement without tray/form/GN/load and selected-model data,,,,,,BLOCKED_NO_SELECTED_MODEL_PASSPORT,BLOCKED,BLOCKED,BLOCKED_SELECTED_MODEL_AND_SITE_VALIDATION,ESTIMATE,EVD-0010;EVD-0021;EVD-0022;EVD-0023,2026-08-03,GAP-007;GAP-017;GAP-018;GAP-019,Operations / Engineering / Procurement,Manual operation mapped to an existing work surface/inventory function.,"Chef/Operations time the operation; Procurement supplies selected-model passport; Engineering confirms asset, placement and connections"
EQM-0086,VKM-016,Ассорти фирменных солений,Холодные закуски,0.1.0-DRAFT,4,объединить при подаче,CLD-03;CLD-07,"Вторая рабочая поверхность;Весы, ножи, доски холодного участка",CAPEX.CLD.003;CAPEX.CLD.007,MANDATORY,APPROVED_STRUCTURE,COLD_PREP_ASSEMBLY,,BLOCKED,Only dish aggregate is available: active 23 min / total 70 min; no unsupported split by operation,CLD-03: ≥1200×700; CLD-07: Две рабочие позиции,project design requirement,PLANNED,,,BLOCKED,,BLOCKED_NOT_COMPARABLE,Recipe load cannot be compared to the project requirement without tray/form/GN/load and selected-model data,,,,,,BLOCKED_NO_SELECTED_MODEL_PASSPORT,BLOCKED,BLOCKED,BLOCKED_SELECTED_MODEL_AND_SITE_VALIDATION,ESTIMATE,EVD-0010;EVD-0021;EVD-0022;EVD-0023,2026-08-03,GAP-007;GAP-017;GAP-018;GAP-019,Operations / Engineering / Procurement,Manual operation mapped to an existing work surface/inventory function.,"Chef/Operations time the operation; Procurement supplies selected-model passport; Engineering confirms asset, placement and connections"
EQM-0087,VKM-017,Ростбиф с луком и гренкой,Холодные закуски,0.1.0-DRAFT,1,Порционировать ростбиф,CLD-03;CLD-07,"Вторая рабочая поверхность;Весы, ножи, доски холодного участка",CAPEX.CLD.003;CAPEX.CLD.007,MANDATORY,APPROVED_STRUCTURE,COLD_PREP_ASSEMBLY,,BLOCKED,Only dish aggregate is available: active 12 min / total 18 min; no unsupported split by operation,CLD-03: ≥1200×700; CLD-07: Две рабочие позиции,project design requirement,PLANNED,,,BLOCKED,,BLOCKED_NOT_COMPARABLE,Recipe load cannot be compared to the project requirement without tray/form/GN/load and selected-model data,,,,,,BLOCKED_NO_SELECTED_MODEL_PASSPORT,BLOCKED,BLOCKED,BLOCKED_SELECTED_MODEL_AND_SITE_VALIDATION,ESTIMATE,EVD-0010;EVD-0021;EVD-0022;EVD-0023,2026-08-03,GAP-007;GAP-017;GAP-018;GAP-019,Operations / Engineering / Procurement,Manual baseline; CLD-08/CLD-09 remain conditional until the applicable timing gate.,"Chef/Operations time the operation; Procurement supplies selected-model passport; Engineering confirms asset, placement and connections"
EQM-0088,VKM-017,Ростбиф с луком и гренкой,Холодные закуски,0.1.0-DRAFT,2,подготовить лук,CLD-03;CLD-07,"Вторая рабочая поверхность;Весы, ножи, доски холодного участка",CAPEX.CLD.003;CAPEX.CLD.007,MANDATORY,APPROVED_STRUCTURE,COLD_PREP_ASSEMBLY,,BLOCKED,Only dish aggregate is available: active 12 min / total 18 min; no unsupported split by operation,CLD-03: ≥1200×700; CLD-07: Две рабочие позиции,project design requirement,PLANNED,,,BLOCKED,,BLOCKED_NOT_COMPARABLE,Recipe load cannot be compared to the project requirement without tray/form/GN/load and selected-model data,,,,,,BLOCKED_NO_SELECTED_MODEL_PASSPORT,BLOCKED,BLOCKED,BLOCKED_SELECTED_MODEL_AND_SITE_VALIDATION,ESTIMATE,EVD-0010;EVD-0021;EVD-0022;EVD-0023,2026-08-03,GAP-007;GAP-017;GAP-018;GAP-019,Operations / Engineering / Procurement,Manual operation mapped to an existing work surface/inventory function.,"Chef/Operations time the operation; Procurement supplies selected-model passport; Engineering confirms asset, placement and connections"
EQM-0089,VKM-017,Ростбиф с луком и гренкой,Холодные закуски,0.1.0-DRAFT,3,подсушить гренку,BAK-02,Пекарская печь,CAPEX.BAK.002,MANDATORY,APPROVED_STRUCTURE,THERMAL_PROCESS,,BLOCKED,Only dish aggregate is available: active 12 min / total 18 min; no unsupported split by operation,BAK-02: 6×600×400; программирование; пар,project design requirement,PLANNED,,,BLOCKED,,BLOCKED_NOT_COMPARABLE,Recipe load cannot be compared to the project requirement without tray/form/GN/load and selected-model data,,,,,,BLOCKED_NO_SELECTED_MODEL_PASSPORT,BLOCKED,BLOCKED,BLOCKED_SELECTED_MODEL_AND_SITE_VALIDATION,ESTIMATE,EVD-0010;EVD-0021;EVD-0022;EVD-0023,2026-08-03,GAP-007;GAP-017;GAP-018;GAP-019,Operations / Engineering / Procurement,Manual operation mapped to an existing work surface/inventory function.,"Chef/Operations time the operation; Procurement supplies selected-model passport; Engineering confirms asset, placement and connections"
EQM-0090,VKM-017,Ростбиф с луком и гренкой,Холодные закуски,0.1.0-DRAFT,4,смешать соус,CLD-03;CLD-07,"Вторая рабочая поверхность;Весы, ножи, доски холодного участка",CAPEX.CLD.003;CAPEX.CLD.007,MANDATORY,APPROVED_STRUCTURE,COLD_PREP_ASSEMBLY,,BLOCKED,Only dish aggregate is available: active 12 min / total 18 min; no unsupported split by operation,CLD-03: ≥1200×700; CLD-07: Две рабочие позиции,project design requirement,PLANNED,,,BLOCKED,,BLOCKED_NOT_COMPARABLE,Recipe load cannot be compared to the project requirement without tray/form/GN/load and selected-model data,,,,,,BLOCKED_NO_SELECTED_MODEL_PASSPORT,BLOCKED,BLOCKED,BLOCKED_SELECTED_MODEL_AND_SITE_VALIDATION,ESTIMATE,EVD-0010;EVD-0021;EVD-0022;EVD-0023,2026-08-03,GAP-007;GAP-017;GAP-018;GAP-019,Operations / Engineering / Procurement,Manual operation mapped to an existing work surface/inventory function.,"Chef/Operations time the operation; Procurement supplies selected-model passport; Engineering confirms asset, placement and connections"
EQM-0091,VKM-017,Ростбиф с луком и гренкой,Холодные закуски,0.1.0-DRAFT,5,собрать непосредственно перед подачей,CLD-03;CLD-07,"Вторая рабочая поверхность;Весы, ножи, доски холодного участка",CAPEX.CLD.003;CAPEX.CLD.007,MANDATORY,APPROVED_STRUCTURE,COLD_PREP_ASSEMBLY,,BLOCKED,Only dish aggregate is available: active 12 min / total 18 min; no unsupported split by operation,CLD-03: ≥1200×700; CLD-07: Две рабочие позиции,project design requirement,PLANNED,,,BLOCKED,,BLOCKED_NOT_COMPARABLE,Recipe load cannot be compared to the project requirement without tray/form/GN/load and selected-model data,,,,,,BLOCKED_NO_SELECTED_MODEL_PASSPORT,BLOCKED,BLOCKED,BLOCKED_SELECTED_MODEL_AND_SITE_VALIDATION,ESTIMATE,EVD-0010;EVD-0021;EVD-0022;EVD-0023,2026-08-03,GAP-007;GAP-017;GAP-018;GAP-019,Operations / Engineering / Procurement,Manual operation mapped to an existing work surface/inventory function.,"Chef/Operations time the operation; Procurement supplies selected-model passport; Engineering confirms asset, placement and connections"
EQM-0092,VKM-018,Традиционный красный борщ,Супы,0.1.0-DRAFT,1,Приготовить бульон,HOT-05A;HOT-13,"Индукционная плита 4 зоны;GN, противни и горячий инвентарь",CAPEX.HOT.005;CAPEX.HOT.014,MANDATORY,APPROVED_STRUCTURE,BOILING_SAUTE_COOKING,,BLOCKED,Only dish aggregate is available: active 35 min / total 180 min; no unsupported split by operation,HOT-05A: 4 зоны; HOT-13: Совместимость с печами,project design requirement,PLANNED,,,BLOCKED,,BLOCKED_NOT_COMPARABLE,Recipe load cannot be compared to the project requirement without tray/form/GN/load and selected-model data,,,,,,BLOCKED_NO_SELECTED_MODEL_PASSPORT,BLOCKED,BLOCKED,BLOCKED_SELECTED_MODEL_AND_SITE_VALIDATION,ESTIMATE,EVD-0010;EVD-0021;EVD-0022;EVD-0023,2026-08-03,GAP-007;GAP-017;GAP-018;GAP-019,Operations / Engineering / Procurement,Manual operation mapped to an existing work surface/inventory function.,"Chef/Operations time the operation; Procurement supplies selected-model passport; Engineering confirms asset, placement and connections"
EQM-0093,VKM-018,Традиционный красный борщ,Супы,0.1.0-DRAFT,2,подготовить овощи,HOT-12;HOT-13,"Столы и полки горячего участка;GN, противни и горячий инвентарь",CAPEX.HOT.013;CAPEX.HOT.014,MANDATORY,APPROVED_STRUCTURE,HOT_PREP_PORTIONING,,BLOCKED,Only dish aggregate is available: active 35 min / total 180 min; no unsupported split by operation,HOT-12: По планировке; HOT-13: Совместимость с печами,project design requirement,PLANNED,,,BLOCKED,,BLOCKED_NOT_COMPARABLE,Recipe load cannot be compared to the project requirement without tray/form/GN/load and selected-model data,,,,,,BLOCKED_NO_SELECTED_MODEL_PASSPORT,BLOCKED,BLOCKED,BLOCKED_SELECTED_MODEL_AND_SITE_VALIDATION,ESTIMATE,EVD-0010;EVD-0021;EVD-0022;EVD-0023,2026-08-03,GAP-007;GAP-017;GAP-018;GAP-019,Operations / Engineering / Procurement,Manual operation mapped to an existing work surface/inventory function.,"Chef/Operations time the operation; Procurement supplies selected-model passport; Engineering confirms asset, placement and connections"
EQM-0094,VKM-018,Традиционный красный борщ,Супы,0.1.0-DRAFT,3,выполнить пассеровку свёклы,HOT-05A;HOT-13,"Индукционная плита 4 зоны;GN, противни и горячий инвентарь",CAPEX.HOT.005;CAPEX.HOT.014,MANDATORY,APPROVED_STRUCTURE,BOILING_SAUTE_COOKING,,BLOCKED,Only dish aggregate is available: active 35 min / total 180 min; no unsupported split by operation,HOT-05A: 4 зоны; HOT-13: Совместимость с печами,project design requirement,PLANNED,,,BLOCKED,,BLOCKED_NOT_COMPARABLE,Recipe load cannot be compared to the project requirement without tray/form/GN/load and selected-model data,,,,,,BLOCKED_NO_SELECTED_MODEL_PASSPORT,BLOCKED,BLOCKED,BLOCKED_SELECTED_MODEL_AND_SITE_VALIDATION,ESTIMATE,EVD-0010;EVD-0021;EVD-0022;EVD-0023,2026-08-03,GAP-007;GAP-017;GAP-018;GAP-019,Operations / Engineering / Procurement,Manual operation mapped to an existing work surface/inventory function.,"Chef/Operations time the operation; Procurement supplies selected-model passport; Engineering confirms asset, placement and connections"
EQM-0095,VKM-018,Традиционный красный борщ,Супы,0.1.0-DRAFT,4,соединить компоненты,HOT-05A;HOT-13,"Индукционная плита 4 зоны;GN, противни и горячий инвентарь",CAPEX.HOT.005;CAPEX.HOT.014,MANDATORY,APPROVED_STRUCTURE,BOILING_SAUTE_COOKING,,BLOCKED,Only dish aggregate is available: active 35 min / total 180 min; no unsupported split by operation,HOT-05A: 4 зоны; HOT-13: Совместимость с печами,project design requirement,PLANNED,,,BLOCKED,,BLOCKED_NOT_COMPARABLE,Recipe load cannot be compared to the project requirement without tray/form/GN/load and selected-model data,,,,,,BLOCKED_NO_SELECTED_MODEL_PASSPORT,BLOCKED,BLOCKED,BLOCKED_SELECTED_MODEL_AND_SITE_VALIDATION,ESTIMATE,EVD-0010;EVD-0021;EVD-0022;EVD-0023,2026-08-03,GAP-007;GAP-017;GAP-018;GAP-019,Operations / Engineering / Procurement,Manual operation mapped to an existing work surface/inventory function.,"Chef/Operations time the operation; Procurement supplies selected-model passport; Engineering confirms asset, placement and connections"
EQM-0096,VKM-018,Традиционный красный борщ,Супы,0.1.0-DRAFT,5,довести вкус,HOT-05A;HOT-13,"Индукционная плита 4 зоны;GN, противни и горячий инвентарь",CAPEX.HOT.005;CAPEX.HOT.014,MANDATORY,APPROVED_STRUCTURE,BOILING_SAUTE_COOKING,,BLOCKED,Only dish aggregate is available: active 35 min / total 180 min; no unsupported split by operation,HOT-05A: 4 зоны; HOT-13: Совместимость с печами,project design requirement,PLANNED,,,BLOCKED,,BLOCKED_NOT_COMPARABLE,Recipe load cannot be compared to the project requirement without tray/form/GN/load and selected-model data,,,,,,BLOCKED_NO_SELECTED_MODEL_PASSPORT,BLOCKED,BLOCKED,BLOCKED_SELECTED_MODEL_AND_SITE_VALIDATION,ESTIMATE,EVD-0010;EVD-0021;EVD-0022;EVD-0023,2026-08-03,GAP-007;GAP-017;GAP-018;GAP-019,Operations / Engineering / Procurement,Manual operation mapped to an existing work surface/inventory function.,"Chef/Operations time the operation; Procurement supplies selected-model passport; Engineering confirms asset, placement and connections"
EQM-0097,VKM-018,Традиционный красный борщ,Супы,0.1.0-DRAFT,6,"порционировать с мясом, сметаной и зеленью",HOT-12;HOT-13,"Столы и полки горячего участка;GN, противни и горячий инвентарь",CAPEX.HOT.013;CAPEX.HOT.014,MANDATORY,APPROVED_STRUCTURE,HOT_PREP_PORTIONING,,BLOCKED,Only dish aggregate is available: active 35 min / total 180 min; no unsupported split by operation,HOT-12: По планировке; HOT-13: Совместимость с печами,project design requirement,PLANNED,,,BLOCKED,,BLOCKED_NOT_COMPARABLE,Recipe load cannot be compared to the project requirement without tray/form/GN/load and selected-model data,,,,,,BLOCKED_NO_SELECTED_MODEL_PASSPORT,BLOCKED,BLOCKED,BLOCKED_SELECTED_MODEL_AND_SITE_VALIDATION,ESTIMATE,EVD-0010;EVD-0021;EVD-0022;EVD-0023,2026-08-03,GAP-007;GAP-017;GAP-018;GAP-019,Operations / Engineering / Procurement,Manual operation mapped to an existing work surface/inventory function.,"Chef/Operations time the operation; Procurement supplies selected-model passport; Engineering confirms asset, placement and connections"
EQM-0098,VKM-019,Мурманская треска со сливочно-горчичным соусом,Горячие блюда,0.1.0-DRAFT,1,Порционировать треску,HOT-12;HOT-13,"Столы и полки горячего участка;GN, противни и горячий инвентарь",CAPEX.HOT.013;CAPEX.HOT.014,MANDATORY,APPROVED_STRUCTURE,MANUAL_HOT_LINE_PREP,,BLOCKED,Only dish aggregate is available: active 18 min / total 28 min; no unsupported split by operation,HOT-12: По планировке; HOT-13: Совместимость с печами,project design requirement,PLANNED,,,BLOCKED,,BLOCKED_NOT_COMPARABLE,Recipe load cannot be compared to the project requirement without tray/form/GN/load and selected-model data,,,,,,BLOCKED_NO_SELECTED_MODEL_PASSPORT,BLOCKED,BLOCKED,BLOCKED_SELECTED_MODEL_AND_SITE_VALIDATION,ESTIMATE,EVD-0010;EVD-0021;EVD-0022;EVD-0023,2026-08-03,GAP-007;GAP-017;GAP-018;GAP-019,Operations / Engineering / Procurement,Manual operation mapped to an existing work surface/inventory function.,"Chef/Operations time the operation; Procurement supplies selected-model passport; Engineering confirms asset, placement and connections"
EQM-0099,VKM-019,Мурманская треска со сливочно-горчичным соусом,Горячие блюда,0.1.0-DRAFT,2,подготовить соус,HOT-05B;HOT-13,"Индукционная плита 2 зоны;GN, противни и горячий инвентарь",CAPEX.HOT.006;CAPEX.HOT.014,MANDATORY,APPROVED_STRUCTURE,SAUCE_COOKING,,BLOCKED,Only dish aggregate is available: active 18 min / total 28 min; no unsupported split by operation,HOT-05B: 2 зоны; HOT-13: Совместимость с печами,project design requirement,PLANNED,,,BLOCKED,,BLOCKED_NOT_COMPARABLE,Recipe load cannot be compared to the project requirement without tray/form/GN/load and selected-model data,,,,,,BLOCKED_NO_SELECTED_MODEL_PASSPORT,BLOCKED,BLOCKED,BLOCKED_SELECTED_MODEL_AND_SITE_VALIDATION,ESTIMATE,EVD-0010;EVD-0021;EVD-0022;EVD-0023,2026-08-03,GAP-007;GAP-017;GAP-018;GAP-019,Operations / Engineering / Procurement,Manual operation mapped to an existing work surface/inventory function.,"Chef/Operations time the operation; Procurement supplies selected-model passport; Engineering confirms asset, placement and connections"
EQM-0100,VKM-019,Мурманская треска со сливочно-горчичным соусом,Горячие блюда,0.1.0-DRAFT,3,обработать рыбу и шпинат,HOT-01;HOT-13,"Пароконвектомат;GN, противни и горячий инвентарь",CAPEX.HOT.001;CAPEX.HOT.014,MANDATORY,APPROVED_STRUCTURE,FISH_THERMAL_PROCESS,,BLOCKED,Only dish aggregate is available: active 18 min / total 28 min; no unsupported split by operation,HOT-01: Минимум 6×GN 1/1; программы; термощуп; HOT-13: Совместимость с печами,project design requirement,PLANNED,,,BLOCKED,,BLOCKED_NOT_COMPARABLE,Recipe load cannot be compared to the project requirement without tray/form/GN/load and selected-model data,,,,,,BLOCKED_NO_SELECTED_MODEL_PASSPORT,BLOCKED,BLOCKED,BLOCKED_SELECTED_MODEL_AND_SITE_VALIDATION,ESTIMATE,EVD-0010;EVD-0021;EVD-0022;EVD-0023,2026-08-03,GAP-007;GAP-017;GAP-018;GAP-019,Operations / Engineering / Procurement,Manual operation mapped to an existing work surface/inventory function.,"Chef/Operations time the operation; Procurement supplies selected-model passport; Engineering confirms asset, placement and connections"
EQM-0101,VKM-019,Мурманская треска со сливочно-горчичным соусом,Горячие блюда,0.1.0-DRAFT,4,довести соус,HOT-05B;HOT-13,"Индукционная плита 2 зоны;GN, противни и горячий инвентарь",CAPEX.HOT.006;CAPEX.HOT.014,MANDATORY,APPROVED_STRUCTURE,SAUCE_COOKING,,BLOCKED,Only dish aggregate is available: active 18 min / total 28 min; no unsupported split by operation,HOT-05B: 2 зоны; HOT-13: Совместимость с печами,project design requirement,PLANNED,,,BLOCKED,,BLOCKED_NOT_COMPARABLE,Recipe load cannot be compared to the project requirement without tray/form/GN/load and selected-model data,,,,,,BLOCKED_NO_SELECTED_MODEL_PASSPORT,BLOCKED,BLOCKED,BLOCKED_SELECTED_MODEL_AND_SITE_VALIDATION,ESTIMATE,EVD-0010;EVD-0021;EVD-0022;EVD-0023,2026-08-03,GAP-007;GAP-017;GAP-018;GAP-019,Operations / Engineering / Procurement,Manual operation mapped to an existing work surface/inventory function.,"Chef/Operations time the operation; Procurement supplies selected-model passport; Engineering confirms asset, placement and connections"
EQM-0102,VKM-019,Мурманская треска со сливочно-горчичным соусом,Горячие блюда,0.1.0-DRAFT,5,собрать и финишировать,HOT-12;HOT-13,"Столы и полки горячего участка;GN, противни и горячий инвентарь",CAPEX.HOT.013;CAPEX.HOT.014,MANDATORY,APPROVED_STRUCTURE,HOT_PREP_ASSEMBLY,,BLOCKED,Only dish aggregate is available: active 18 min / total 28 min; no unsupported split by operation,HOT-12: По планировке; HOT-13: Совместимость с печами,project design requirement,PLANNED,,,BLOCKED,,BLOCKED_NOT_COMPARABLE,Recipe load cannot be compared to the project requirement without tray/form/GN/load and selected-model data,,,,,,BLOCKED_NO_SELECTED_MODEL_PASSPORT,BLOCKED,BLOCKED,BLOCKED_SELECTED_MODEL_AND_SITE_VALIDATION,ESTIMATE,EVD-0010;EVD-0021;EVD-0022;EVD-0023,2026-08-03,GAP-007;GAP-017;GAP-018;GAP-019,Operations / Engineering / Procurement,Manual operation mapped to an existing work surface/inventory function.,"Chef/Operations time the operation; Procurement supplies selected-model passport; Engineering confirms asset, placement and connections"
EQM-0103,VKM-020,Креветки по-тайски,Горячие блюда,0.1.0-DRAFT,1,Подготовить креветки и овощи,HOT-12;HOT-13,"Столы и полки горячего участка;GN, противни и горячий инвентарь",CAPEX.HOT.013;CAPEX.HOT.014,MANDATORY,APPROVED_STRUCTURE,MANUAL_HOT_LINE_PREP,,BLOCKED,Only dish aggregate is available: active 20 min / total 30 min; no unsupported split by operation,HOT-12: По планировке; HOT-13: Совместимость с печами,project design requirement,PLANNED,,,BLOCKED,,BLOCKED_NOT_COMPARABLE,Recipe load cannot be compared to the project requirement without tray/form/GN/load and selected-model data,,,,,,BLOCKED_NO_SELECTED_MODEL_PASSPORT,BLOCKED,BLOCKED,BLOCKED_SELECTED_MODEL_AND_SITE_VALIDATION,ESTIMATE,EVD-0010;EVD-0021;EVD-0022;EVD-0023,2026-08-03,GAP-007;GAP-017;GAP-018;GAP-019,Operations / Engineering / Procurement,Manual operation mapped to an existing work surface/inventory function.,"Chef/Operations time the operation; Procurement supplies selected-model passport; Engineering confirms asset, placement and connections"
EQM-0104,VKM-020,Креветки по-тайски,Горячие блюда,0.1.0-DRAFT,2,приготовить кокосовый соус,HOT-03;HOT-13,"WOK-пост;GN, противни и горячий инвентарь",CAPEX.HOT.003;CAPEX.HOT.014,MANDATORY,APPROVED_STRUCTURE,WOK_COOKING,,BLOCKED,Only dish aggregate is available: active 20 min / total 30 min; no unsupported split by operation,HOT-03: ≥5 порций/час; HOT-13: Совместимость с печами,project design requirement,PLANNED,1,порция,ASSUMPTION_RECIPE_UNIT,1,CALCULATED_FROM_PROJECT_THROUGHPUT,1 portion / project minimum 5 portions per hour; this is not a passport cycle,,,,,,BLOCKED_NO_SELECTED_MODEL_PASSPORT,BLOCKED,BLOCKED,BLOCKED_SELECTED_MODEL_AND_SITE_VALIDATION,ESTIMATE,EVD-0010;EVD-0021;EVD-0022;EVD-0023,2026-08-03,GAP-007;GAP-017;GAP-018;GAP-019,Operations / Engineering / Procurement,Manual operation mapped to an existing work surface/inventory function.,"Chef/Operations time the operation; Procurement supplies selected-model passport; Engineering confirms asset, placement and connections"
EQM-0105,VKM-020,Креветки по-тайски,Горячие блюда,0.1.0-DRAFT,3,последовательно обработать компоненты,HOT-03;HOT-13,"WOK-пост;GN, противни и горячий инвентарь",CAPEX.HOT.003;CAPEX.HOT.014,MANDATORY,APPROVED_STRUCTURE,WOK_COOKING,,BLOCKED,Only dish aggregate is available: active 20 min / total 30 min; no unsupported split by operation,HOT-03: ≥5 порций/час; HOT-13: Совместимость с печами,project design requirement,PLANNED,1,порция,ASSUMPTION_RECIPE_UNIT,1,CALCULATED_FROM_PROJECT_THROUGHPUT,1 portion / project minimum 5 portions per hour; this is not a passport cycle,,,,,,BLOCKED_NO_SELECTED_MODEL_PASSPORT,BLOCKED,BLOCKED,BLOCKED_SELECTED_MODEL_AND_SITE_VALIDATION,ESTIMATE,EVD-0010;EVD-0021;EVD-0022;EVD-0023,2026-08-03,GAP-007;GAP-017;GAP-018;GAP-019,Operations / Engineering / Procurement,Manual operation mapped to an existing work surface/inventory function.,"Chef/Operations time the operation; Procurement supplies selected-model passport; Engineering confirms asset, placement and connections"
EQM-0106,VKM-020,Креветки по-тайски,Горячие блюда,0.1.0-DRAFT,4,добавить лапшу,HOT-03;HOT-13,"WOK-пост;GN, противни и горячий инвентарь",CAPEX.HOT.003;CAPEX.HOT.014,MANDATORY,APPROVED_STRUCTURE,WOK_COOKING,,BLOCKED,Only dish aggregate is available: active 20 min / total 30 min; no unsupported split by operation,HOT-03: ≥5 порций/час; HOT-13: Совместимость с печами,project design requirement,PLANNED,1,порция,ASSUMPTION_RECIPE_UNIT,1,CALCULATED_FROM_PROJECT_THROUGHPUT,1 portion / project minimum 5 portions per hour; this is not a passport cycle,,,,,,BLOCKED_NO_SELECTED_MODEL_PASSPORT,BLOCKED,BLOCKED,BLOCKED_SELECTED_MODEL_AND_SITE_VALIDATION,ESTIMATE,EVD-0010;EVD-0021;EVD-0022;EVD-0023,2026-08-03,GAP-007;GAP-017;GAP-018;GAP-019,Operations / Engineering / Procurement,Manual operation mapped to an existing work surface/inventory function.,"Chef/Operations time the operation; Procurement supplies selected-model passport; Engineering confirms asset, placement and connections"
EQM-0107,VKM-020,Креветки по-тайски,Горячие блюда,0.1.0-DRAFT,5,довести и финишировать,HOT-12;HOT-13,"Столы и полки горячего участка;GN, противни и горячий инвентарь",CAPEX.HOT.013;CAPEX.HOT.014,MANDATORY,APPROVED_STRUCTURE,HOT_PREP_ASSEMBLY,,BLOCKED,Only dish aggregate is available: active 20 min / total 30 min; no unsupported split by operation,HOT-12: По планировке; HOT-13: Совместимость с печами,project design requirement,PLANNED,,,BLOCKED,,BLOCKED_NOT_COMPARABLE,Recipe load cannot be compared to the project requirement without tray/form/GN/load and selected-model data,,,,,,BLOCKED_NO_SELECTED_MODEL_PASSPORT,BLOCKED,BLOCKED,BLOCKED_SELECTED_MODEL_AND_SITE_VALIDATION,ESTIMATE,EVD-0010;EVD-0021;EVD-0022;EVD-0023,2026-08-03,GAP-007;GAP-017;GAP-018;GAP-019,Operations / Engineering / Procurement,Manual operation mapped to an existing work surface/inventory function.,"Chef/Operations time the operation; Procurement supplies selected-model passport; Engineering confirms asset, placement and connections"
EQM-0108,VKM-021,Бургер VARSHAVKA,Горячие блюда,0.1.0-DRAFT,1,Подготовить котлету и соус,HOT-12;HOT-13,"Столы и полки горячего участка;GN, противни и горячий инвентарь",CAPEX.HOT.013;CAPEX.HOT.014,MANDATORY,APPROVED_STRUCTURE,MANUAL_HOT_LINE_PREP,,BLOCKED,Only dish aggregate is available: active 15 min / total 25 min; no unsupported split by operation,HOT-12: По планировке; HOT-13: Совместимость с печами,project design requirement,PLANNED,,,BLOCKED,,BLOCKED_NOT_COMPARABLE,Recipe load cannot be compared to the project requirement without tray/form/GN/load and selected-model data,,,,,,BLOCKED_NO_SELECTED_MODEL_PASSPORT,BLOCKED,BLOCKED,BLOCKED_SELECTED_MODEL_AND_SITE_VALIDATION,ESTIMATE,EVD-0010;EVD-0021;EVD-0022;EVD-0023,2026-08-03,GAP-007;GAP-017;GAP-018;GAP-019,Operations / Engineering / Procurement,Manual operation mapped to an existing work surface/inventory function.,"Chef/Operations time the operation; Procurement supplies selected-model passport; Engineering confirms asset, placement and connections"
EQM-0109,VKM-021,Бургер VARSHAVKA,Горячие блюда,0.1.0-DRAFT,2,разрезать и подготовить бриошь,HOT-12;HOT-13,"Столы и полки горячего участка;GN, противни и горячий инвентарь",CAPEX.HOT.013;CAPEX.HOT.014,MANDATORY,APPROVED_STRUCTURE,HOT_PREP_ASSEMBLY,,BLOCKED,Only dish aggregate is available: active 15 min / total 25 min; no unsupported split by operation,HOT-12: По планировке; HOT-13: Совместимость с печами,project design requirement,PLANNED,,,BLOCKED,,BLOCKED_NOT_COMPARABLE,Recipe load cannot be compared to the project requirement without tray/form/GN/load and selected-model data,,,,,,BLOCKED_NO_SELECTED_MODEL_PASSPORT,BLOCKED,BLOCKED,BLOCKED_SELECTED_MODEL_AND_SITE_VALIDATION,ESTIMATE,EVD-0010;EVD-0021;EVD-0022;EVD-0023,2026-08-03,GAP-007;GAP-017;GAP-018;GAP-019,Operations / Engineering / Procurement,Manual operation mapped to an existing work surface/inventory function.,"Chef/Operations time the operation; Procurement supplies selected-model passport; Engineering confirms asset, placement and connections"
EQM-0110,VKM-021,Бургер VARSHAVKA,Горячие блюда,0.1.0-DRAFT,3,обработать котлету,HOT-02;HOT-13,"Двухзонный теппан;GN, противни и горячий инвентарь",CAPEX.HOT.002;CAPEX.HOT.014,MANDATORY,APPROVED_STRUCTURE,CONTACT_THERMAL_PROCESS,,BLOCKED,Only dish aggregate is available: active 15 min / total 25 min; no unsupported split by operation,HOT-02: ≥16 мясных изделий/час; HOT-13: Совместимость с печами,project design requirement,PLANNED,,,BLOCKED,,BLOCKED_NOT_COMPARABLE,Recipe load cannot be compared to the project requirement without tray/form/GN/load and selected-model data,,,,,,BLOCKED_NO_SELECTED_MODEL_PASSPORT,BLOCKED,BLOCKED,BLOCKED_SELECTED_MODEL_AND_SITE_VALIDATION,ESTIMATE,EVD-0010;EVD-0021;EVD-0022;EVD-0023,2026-08-03,GAP-007;GAP-017;GAP-018;GAP-019,Operations / Engineering / Procurement,Manual operation mapped to an existing work surface/inventory function.,"Chef/Operations time the operation; Procurement supplies selected-model passport; Engineering confirms asset, placement and connections"
EQM-0111,VKM-021,Бургер VARSHAVKA,Горячие блюда,0.1.0-DRAFT,4,расплавить сыр,HOT-12;HOT-13,"Столы и полки горячего участка;GN, противни и горячий инвентарь",CAPEX.HOT.013;CAPEX.HOT.014,MANDATORY,APPROVED_STRUCTURE,HOT_PREP_ASSEMBLY,,BLOCKED,Only dish aggregate is available: active 15 min / total 25 min; no unsupported split by operation,HOT-12: По планировке; HOT-13: Совместимость с печами,project design requirement,PLANNED,,,BLOCKED,,BLOCKED_NOT_COMPARABLE,Recipe load cannot be compared to the project requirement without tray/form/GN/load and selected-model data,,,,,,BLOCKED_NO_SELECTED_MODEL_PASSPORT,BLOCKED,BLOCKED,BLOCKED_SELECTED_MODEL_AND_SITE_VALIDATION,ESTIMATE,EVD-0010;EVD-0021;EVD-0022;EVD-0023,2026-08-03,GAP-007;GAP-017;GAP-018;GAP-019,Operations / Engineering / Procurement,Manual operation mapped to an existing work surface/inventory function.,"Chef/Operations time the operation; Procurement supplies selected-model passport; Engineering confirms asset, placement and connections"
EQM-0112,VKM-021,Бургер VARSHAVKA,Горячие блюда,0.1.0-DRAFT,5,собрать в заданном порядке,HOT-12;HOT-13,"Столы и полки горячего участка;GN, противни и горячий инвентарь",CAPEX.HOT.013;CAPEX.HOT.014,MANDATORY,APPROVED_STRUCTURE,HOT_PREP_ASSEMBLY,,BLOCKED,Only dish aggregate is available: active 15 min / total 25 min; no unsupported split by operation,HOT-12: По планировке; HOT-13: Совместимость с печами,project design requirement,PLANNED,,,BLOCKED,,BLOCKED_NOT_COMPARABLE,Recipe load cannot be compared to the project requirement without tray/form/GN/load and selected-model data,,,,,,BLOCKED_NO_SELECTED_MODEL_PASSPORT,BLOCKED,BLOCKED,BLOCKED_SELECTED_MODEL_AND_SITE_VALIDATION,ESTIMATE,EVD-0010;EVD-0021;EVD-0022;EVD-0023,2026-08-03,GAP-007;GAP-017;GAP-018;GAP-019,Operations / Engineering / Procurement,Manual operation mapped to an existing work surface/inventory function.,"Chef/Operations time the operation; Procurement supplies selected-model passport; Engineering confirms asset, placement and connections"
EQM-0113,VKM-022,Миньоны из говяжьей вырезки,Горячие блюда,0.1.0-DRAFT,1,Зачистить и порционировать вырезку на два миньона,HOT-12;HOT-13,"Столы и полки горячего участка;GN, противни и горячий инвентарь",CAPEX.HOT.013;CAPEX.HOT.014,MANDATORY,APPROVED_STRUCTURE,MANUAL_HOT_LINE_PREP,,BLOCKED,Only dish aggregate is available: active 22 min / total 35 min; no unsupported split by operation,HOT-12: По планировке; HOT-13: Совместимость с печами,project design requirement,PLANNED,,,BLOCKED,,BLOCKED_NOT_COMPARABLE,Recipe load cannot be compared to the project requirement without tray/form/GN/load and selected-model data,,,,,,BLOCKED_NO_SELECTED_MODEL_PASSPORT,BLOCKED,BLOCKED,BLOCKED_SELECTED_MODEL_AND_SITE_VALIDATION,ESTIMATE,EVD-0010;EVD-0021;EVD-0022;EVD-0023,2026-08-03,GAP-007;GAP-017;GAP-018;GAP-019,Operations / Engineering / Procurement,Manual operation mapped to an existing work surface/inventory function.,"Chef/Operations time the operation; Procurement supplies selected-model passport; Engineering confirms asset, placement and connections"
EQM-0114,VKM-022,Миньоны из говяжьей вырезки,Горячие блюда,0.1.0-DRAFT,2,подготовить ароматику,HOT-12;HOT-13,"Столы и полки горячего участка;GN, противни и горячий инвентарь",CAPEX.HOT.013;CAPEX.HOT.014,MANDATORY,APPROVED_STRUCTURE,MANUAL_HOT_LINE_PREP,,BLOCKED,Only dish aggregate is available: active 22 min / total 35 min; no unsupported split by operation,HOT-12: По планировке; HOT-13: Совместимость с печами,project design requirement,PLANNED,,,BLOCKED,,BLOCKED_NOT_COMPARABLE,Recipe load cannot be compared to the project requirement without tray/form/GN/load and selected-model data,,,,,,BLOCKED_NO_SELECTED_MODEL_PASSPORT,BLOCKED,BLOCKED,BLOCKED_SELECTED_MODEL_AND_SITE_VALIDATION,ESTIMATE,EVD-0010;EVD-0021;EVD-0022;EVD-0023,2026-08-03,GAP-007;GAP-017;GAP-018;GAP-019,Operations / Engineering / Procurement,Manual operation mapped to an existing work surface/inventory function.,"Chef/Operations time the operation; Procurement supplies selected-model passport; Engineering confirms asset, placement and connections"
EQM-0115,VKM-022,Миньоны из говяжьей вырезки,Горячие блюда,0.1.0-DRAFT,3,обработать,HOT-12;HOT-13,"Столы и полки горячего участка;GN, противни и горячий инвентарь",CAPEX.HOT.013;CAPEX.HOT.014,MANDATORY,APPROVED_STRUCTURE,HOT_PREP_ASSEMBLY,,BLOCKED,Only dish aggregate is available: active 22 min / total 35 min; no unsupported split by operation,HOT-12: По планировке; HOT-13: Совместимость с печами,project design requirement,PLANNED,,,BLOCKED,,BLOCKED_NOT_COMPARABLE,Recipe load cannot be compared to the project requirement without tray/form/GN/load and selected-model data,,,,,,BLOCKED_NO_SELECTED_MODEL_PASSPORT,BLOCKED,BLOCKED,BLOCKED_SELECTED_MODEL_AND_SITE_VALIDATION,ESTIMATE,EVD-0010;EVD-0021;EVD-0022;EVD-0023,2026-08-03,GAP-007;GAP-017;GAP-018;GAP-019,Operations / Engineering / Procurement,Manual operation mapped to an existing work surface/inventory function.,"Chef/Operations time the operation; Procurement supplies selected-model passport; Engineering confirms asset, placement and connections"
EQM-0116,VKM-022,Миньоны из говяжьей вырезки,Горячие блюда,0.1.0-DRAFT,4,приготовить соус,HOT-05B;HOT-13,"Индукционная плита 2 зоны;GN, противни и горячий инвентарь",CAPEX.HOT.006;CAPEX.HOT.014,MANDATORY,APPROVED_STRUCTURE,SAUCE_COOKING,,BLOCKED,Only dish aggregate is available: active 22 min / total 35 min; no unsupported split by operation,HOT-05B: 2 зоны; HOT-13: Совместимость с печами,project design requirement,PLANNED,,,BLOCKED,,BLOCKED_NOT_COMPARABLE,Recipe load cannot be compared to the project requirement without tray/form/GN/load and selected-model data,,,,,,BLOCKED_NO_SELECTED_MODEL_PASSPORT,BLOCKED,BLOCKED,BLOCKED_SELECTED_MODEL_AND_SITE_VALIDATION,ESTIMATE,EVD-0010;EVD-0021;EVD-0022;EVD-0023,2026-08-03,GAP-007;GAP-017;GAP-018;GAP-019,Operations / Engineering / Procurement,Manual operation mapped to an existing work surface/inventory function.,"Chef/Operations time the operation; Procurement supplies selected-model passport; Engineering confirms asset, placement and connections"
EQM-0117,VKM-022,Миньоны из говяжьей вырезки,Горячие блюда,0.1.0-DRAFT,5,дать продукту стабилизироваться,HOT-12;HOT-13,"Столы и полки горячего участка;GN, противни и горячий инвентарь",CAPEX.HOT.013;CAPEX.HOT.014,MANDATORY,APPROVED_STRUCTURE,HOT_PREP_ASSEMBLY,,BLOCKED,Only dish aggregate is available: active 22 min / total 35 min; no unsupported split by operation,HOT-12: По планировке; HOT-13: Совместимость с печами,project design requirement,PLANNED,,,BLOCKED,,BLOCKED_NOT_COMPARABLE,Recipe load cannot be compared to the project requirement without tray/form/GN/load and selected-model data,,,,,,BLOCKED_NO_SELECTED_MODEL_PASSPORT,BLOCKED,BLOCKED,BLOCKED_SELECTED_MODEL_AND_SITE_VALIDATION,ESTIMATE,EVD-0010;EVD-0021;EVD-0022;EVD-0023,2026-08-03,GAP-007;GAP-017;GAP-018;GAP-019,Operations / Engineering / Procurement,Manual operation mapped to an existing work surface/inventory function.,"Chef/Operations time the operation; Procurement supplies selected-model passport; Engineering confirms asset, placement and connections"
EQM-0118,VKM-022,Миньоны из говяжьей вырезки,Горячие блюда,0.1.0-DRAFT,6,собрать,HOT-12;HOT-13,"Столы и полки горячего участка;GN, противни и горячий инвентарь",CAPEX.HOT.013;CAPEX.HOT.014,MANDATORY,APPROVED_STRUCTURE,HOT_PREP_ASSEMBLY,,BLOCKED,Only dish aggregate is available: active 22 min / total 35 min; no unsupported split by operation,HOT-12: По планировке; HOT-13: Совместимость с печами,project design requirement,PLANNED,,,BLOCKED,,BLOCKED_NOT_COMPARABLE,Recipe load cannot be compared to the project requirement without tray/form/GN/load and selected-model data,,,,,,BLOCKED_NO_SELECTED_MODEL_PASSPORT,BLOCKED,BLOCKED,BLOCKED_SELECTED_MODEL_AND_SITE_VALIDATION,ESTIMATE,EVD-0010;EVD-0021;EVD-0022;EVD-0023,2026-08-03,GAP-007;GAP-017;GAP-018;GAP-019,Operations / Engineering / Procurement,Manual operation mapped to an existing work surface/inventory function.,"Chef/Operations time the operation; Procurement supplies selected-model passport; Engineering confirms asset, placement and connections"
EQM-0119,VKM-023,Запечённый картофель,Гарниры,0.1.0-DRAFT,1,Вымыть и подготовить картофель,HOT-12;HOT-13,"Столы и полки горячего участка;GN, противни и горячий инвентарь",CAPEX.HOT.013;CAPEX.HOT.014,MANDATORY,APPROVED_STRUCTURE,HOT_PREP_PORTIONING,,BLOCKED,Only dish aggregate is available: active 13 min / total 45 min; no unsupported split by operation,HOT-12: По планировке; HOT-13: Совместимость с печами,project design requirement,PLANNED,,,BLOCKED,,BLOCKED_NOT_COMPARABLE,Recipe load cannot be compared to the project requirement without tray/form/GN/load and selected-model data,,,,,,BLOCKED_NO_SELECTED_MODEL_PASSPORT,BLOCKED,BLOCKED,BLOCKED_SELECTED_MODEL_AND_SITE_VALIDATION,ESTIMATE,EVD-0010;EVD-0021;EVD-0022;EVD-0023,2026-08-03,GAP-007;GAP-017;GAP-018;GAP-019,Operations / Engineering / Procurement,Manual operation mapped to an existing work surface/inventory function.,"Chef/Operations time the operation; Procurement supplies selected-model passport; Engineering confirms asset, placement and connections"
EQM-0120,VKM-023,Запечённый картофель,Гарниры,0.1.0-DRAFT,2,нарезать,HOT-12;HOT-13,"Столы и полки горячего участка;GN, противни и горячий инвентарь",CAPEX.HOT.013;CAPEX.HOT.014,MANDATORY,APPROVED_STRUCTURE,HOT_PREP_PORTIONING,,BLOCKED,Only dish aggregate is available: active 13 min / total 45 min; no unsupported split by operation,HOT-12: По планировке; HOT-13: Совместимость с печами,project design requirement,PLANNED,,,BLOCKED,,BLOCKED_NOT_COMPARABLE,Recipe load cannot be compared to the project requirement without tray/form/GN/load and selected-model data,,,,,,BLOCKED_NO_SELECTED_MODEL_PASSPORT,BLOCKED,BLOCKED,BLOCKED_SELECTED_MODEL_AND_SITE_VALIDATION,ESTIMATE,EVD-0010;EVD-0021;EVD-0022;EVD-0023,2026-08-03,GAP-007;GAP-017;GAP-018;GAP-019,Operations / Engineering / Procurement,Manual operation mapped to an existing work surface/inventory function.,"Chef/Operations time the operation; Procurement supplies selected-model passport; Engineering confirms asset, placement and connections"
EQM-0121,VKM-023,Запечённый картофель,Гарниры,0.1.0-DRAFT,3,смешать с маслом и травами,HOT-12;HOT-13,"Столы и полки горячего участка;GN, противни и горячий инвентарь",CAPEX.HOT.013;CAPEX.HOT.014,MANDATORY,APPROVED_STRUCTURE,HOT_PREP_PORTIONING,,BLOCKED,Only dish aggregate is available: active 13 min / total 45 min; no unsupported split by operation,HOT-12: По планировке; HOT-13: Совместимость с печами,project design requirement,PLANNED,,,BLOCKED,,BLOCKED_NOT_COMPARABLE,Recipe load cannot be compared to the project requirement without tray/form/GN/load and selected-model data,,,,,,BLOCKED_NO_SELECTED_MODEL_PASSPORT,BLOCKED,BLOCKED,BLOCKED_SELECTED_MODEL_AND_SITE_VALIDATION,ESTIMATE,EVD-0010;EVD-0021;EVD-0022;EVD-0023,2026-08-03,GAP-007;GAP-017;GAP-018;GAP-019,Operations / Engineering / Procurement,Manual operation mapped to an existing work surface/inventory function.,"Chef/Operations time the operation; Procurement supplies selected-model passport; Engineering confirms asset, placement and connections"
EQM-0122,VKM-023,Запечённый картофель,Гарниры,0.1.0-DRAFT,4,запечь,HOT-01;HOT-13,"Пароконвектомат;GN, противни и горячий инвентарь",CAPEX.HOT.001;CAPEX.HOT.014,MANDATORY,APPROVED_STRUCTURE,OVEN_COOKING,,BLOCKED,Only dish aggregate is available: active 13 min / total 45 min; no unsupported split by operation,HOT-01: Минимум 6×GN 1/1; программы; термощуп; HOT-13: Совместимость с печами,project design requirement,PLANNED,,,BLOCKED,,BLOCKED_NOT_COMPARABLE,Recipe load cannot be compared to the project requirement without tray/form/GN/load and selected-model data,,,,,,BLOCKED_NO_SELECTED_MODEL_PASSPORT,BLOCKED,BLOCKED,BLOCKED_SELECTED_MODEL_AND_SITE_VALIDATION,ESTIMATE,EVD-0010;EVD-0021;EVD-0022;EVD-0023,2026-08-03,GAP-007;GAP-017;GAP-018;GAP-019,Operations / Engineering / Procurement,Manual operation mapped to an existing work surface/inventory function.,"Chef/Operations time the operation; Procurement supplies selected-model passport; Engineering confirms asset, placement and connections"
EQM-0123,VKM-023,Запечённый картофель,Гарниры,0.1.0-DRAFT,5,порционировать,HOT-12;HOT-13,"Столы и полки горячего участка;GN, противни и горячий инвентарь",CAPEX.HOT.013;CAPEX.HOT.014,MANDATORY,APPROVED_STRUCTURE,HOT_PREP_PORTIONING,,BLOCKED,Only dish aggregate is available: active 13 min / total 45 min; no unsupported split by operation,HOT-12: По планировке; HOT-13: Совместимость с печами,project design requirement,PLANNED,,,BLOCKED,,BLOCKED_NOT_COMPARABLE,Recipe load cannot be compared to the project requirement without tray/form/GN/load and selected-model data,,,,,,BLOCKED_NO_SELECTED_MODEL_PASSPORT,BLOCKED,BLOCKED,BLOCKED_SELECTED_MODEL_AND_SITE_VALIDATION,ESTIMATE,EVD-0010;EVD-0021;EVD-0022;EVD-0023,2026-08-03,GAP-007;GAP-017;GAP-018;GAP-019,Operations / Engineering / Procurement,Manual operation mapped to an existing work surface/inventory function.,"Chef/Operations time the operation; Procurement supplies selected-model passport; Engineering confirms asset, placement and connections"
EQM-0124,VKM-024,Рис жасмин,Гарниры,0.1.0-DRAFT,1,Промыть рис,HOT-06;HOT-13,"Рисоварка;GN, противни и горячий инвентарь",CAPEX.HOT.007;CAPEX.HOT.014,MANDATORY,APPROVED_STRUCTURE,RICE_COOKING,,BLOCKED,Only dish aggregate is available: active 8 min / total 35 min; no unsupported split by operation,HOT-06: ≥20 порций по 150 г/цикл; HOT-13: Совместимость с печами,project design requirement,PLANNED,1,порция,ASSUMPTION_RECIPE_UNIT,1,CALCULATED_FROM_PROJECT_MINIMUM,1 portion / minimum 20 portions per cycle; selected-model passport and actual cycle remain absent,,,,,,BLOCKED_NO_SELECTED_MODEL_PASSPORT,BLOCKED,BLOCKED,BLOCKED_SELECTED_MODEL_AND_SITE_VALIDATION,ESTIMATE,EVD-0010;EVD-0021;EVD-0022;EVD-0023,2026-08-03,GAP-007;GAP-017;GAP-018;GAP-019,Operations / Engineering / Procurement,Manual operation mapped to an existing work surface/inventory function.,"Chef/Operations time the operation; Procurement supplies selected-model passport; Engineering confirms asset, placement and connections"
EQM-0125,VKM-024,Рис жасмин,Гарниры,0.1.0-DRAFT,2,соединить с водой,HOT-12;HOT-13,"Столы и полки горячего участка;GN, противни и горячий инвентарь",CAPEX.HOT.013;CAPEX.HOT.014,MANDATORY,APPROVED_STRUCTURE,HOT_PREP_PORTIONING,,BLOCKED,Only dish aggregate is available: active 8 min / total 35 min; no unsupported split by operation,HOT-12: По планировке; HOT-13: Совместимость с печами,project design requirement,PLANNED,,,BLOCKED,,BLOCKED_NOT_COMPARABLE,Recipe load cannot be compared to the project requirement without tray/form/GN/load and selected-model data,,,,,,BLOCKED_NO_SELECTED_MODEL_PASSPORT,BLOCKED,BLOCKED,BLOCKED_SELECTED_MODEL_AND_SITE_VALIDATION,ESTIMATE,EVD-0010;EVD-0021;EVD-0022;EVD-0023,2026-08-03,GAP-007;GAP-017;GAP-018;GAP-019,Operations / Engineering / Procurement,Manual operation mapped to an existing work surface/inventory function.,"Chef/Operations time the operation; Procurement supplies selected-model passport; Engineering confirms asset, placement and connections"
EQM-0126,VKM-024,Рис жасмин,Гарниры,0.1.0-DRAFT,3,сварить,HOT-06;HOT-13,"Рисоварка;GN, противни и горячий инвентарь",CAPEX.HOT.007;CAPEX.HOT.014,MANDATORY,APPROVED_STRUCTURE,RICE_COOKING,,BLOCKED,Only dish aggregate is available: active 8 min / total 35 min; no unsupported split by operation,HOT-06: ≥20 порций по 150 г/цикл; HOT-13: Совместимость с печами,project design requirement,PLANNED,1,порция,ASSUMPTION_RECIPE_UNIT,1,CALCULATED_FROM_PROJECT_MINIMUM,1 portion / minimum 20 portions per cycle; selected-model passport and actual cycle remain absent,,,,,,BLOCKED_NO_SELECTED_MODEL_PASSPORT,BLOCKED,BLOCKED,BLOCKED_SELECTED_MODEL_AND_SITE_VALIDATION,ESTIMATE,EVD-0010;EVD-0021;EVD-0022;EVD-0023,2026-08-03,GAP-007;GAP-017;GAP-018;GAP-019,Operations / Engineering / Procurement,Manual operation mapped to an existing work surface/inventory function.,"Chef/Operations time the operation; Procurement supplies selected-model passport; Engineering confirms asset, placement and connections"
EQM-0127,VKM-024,Рис жасмин,Гарниры,0.1.0-DRAFT,4,дать стабилизироваться,HOT-12;HOT-13,"Столы и полки горячего участка;GN, противни и горячий инвентарь",CAPEX.HOT.013;CAPEX.HOT.014,MANDATORY,APPROVED_STRUCTURE,HOT_PREP_PORTIONING,,BLOCKED,Only dish aggregate is available: active 8 min / total 35 min; no unsupported split by operation,HOT-12: По планировке; HOT-13: Совместимость с печами,project design requirement,PLANNED,,,BLOCKED,,BLOCKED_NOT_COMPARABLE,Recipe load cannot be compared to the project requirement without tray/form/GN/load and selected-model data,,,,,,BLOCKED_NO_SELECTED_MODEL_PASSPORT,BLOCKED,BLOCKED,BLOCKED_SELECTED_MODEL_AND_SITE_VALIDATION,ESTIMATE,EVD-0010;EVD-0021;EVD-0022;EVD-0023,2026-08-03,GAP-007;GAP-017;GAP-018;GAP-019,Operations / Engineering / Procurement,Manual operation mapped to an existing work surface/inventory function.,"Chef/Operations time the operation; Procurement supplies selected-model passport; Engineering confirms asset, placement and connections"
EQM-0128,VKM-024,Рис жасмин,Гарниры,0.1.0-DRAFT,5,внести масла и соль,HOT-12;HOT-13,"Столы и полки горячего участка;GN, противни и горячий инвентарь",CAPEX.HOT.013;CAPEX.HOT.014,MANDATORY,APPROVED_STRUCTURE,HOT_PREP_PORTIONING,,BLOCKED,Only dish aggregate is available: active 8 min / total 35 min; no unsupported split by operation,HOT-12: По планировке; HOT-13: Совместимость с печами,project design requirement,PLANNED,,,BLOCKED,,BLOCKED_NOT_COMPARABLE,Recipe load cannot be compared to the project requirement without tray/form/GN/load and selected-model data,,,,,,BLOCKED_NO_SELECTED_MODEL_PASSPORT,BLOCKED,BLOCKED,BLOCKED_SELECTED_MODEL_AND_SITE_VALIDATION,ESTIMATE,EVD-0010;EVD-0021;EVD-0022;EVD-0023,2026-08-03,GAP-007;GAP-017;GAP-018;GAP-019,Operations / Engineering / Procurement,Manual operation mapped to an existing work surface/inventory function.,"Chef/Operations time the operation; Procurement supplies selected-model passport; Engineering confirms asset, placement and connections"
EQM-0129,VKM-024,Рис жасмин,Гарниры,0.1.0-DRAFT,6,разрыхлить и порционировать,HOT-12;HOT-13,"Столы и полки горячего участка;GN, противни и горячий инвентарь",CAPEX.HOT.013;CAPEX.HOT.014,MANDATORY,APPROVED_STRUCTURE,HOT_PREP_PORTIONING,,BLOCKED,Only dish aggregate is available: active 8 min / total 35 min; no unsupported split by operation,HOT-12: По планировке; HOT-13: Совместимость с печами,project design requirement,PLANNED,,,BLOCKED,,BLOCKED_NOT_COMPARABLE,Recipe load cannot be compared to the project requirement without tray/form/GN/load and selected-model data,,,,,,BLOCKED_NO_SELECTED_MODEL_PASSPORT,BLOCKED,BLOCKED,BLOCKED_SELECTED_MODEL_AND_SITE_VALIDATION,ESTIMATE,EVD-0010;EVD-0021;EVD-0022;EVD-0023,2026-08-03,GAP-007;GAP-017;GAP-018;GAP-019,Operations / Engineering / Procurement,Manual operation mapped to an existing work surface/inventory function.,"Chef/Operations time the operation; Procurement supplies selected-model passport; Engineering confirms asset, placement and connections"
EQM-0130,VKM-025,Горячие овощи,Гарниры,0.1.0-DRAFT,1,Подготовить и одинаково нарезать овощи,HOT-12;HOT-13,"Столы и полки горячего участка;GN, противни и горячий инвентарь",CAPEX.HOT.013;CAPEX.HOT.014,MANDATORY,APPROVED_STRUCTURE,HOT_PREP_PORTIONING,,BLOCKED,Only dish aggregate is available: active 15 min / total 22 min; no unsupported split by operation,HOT-12: По планировке; HOT-13: Совместимость с печами,project design requirement,PLANNED,,,BLOCKED,,BLOCKED_NOT_COMPARABLE,Recipe load cannot be compared to the project requirement without tray/form/GN/load and selected-model data,,,,,,BLOCKED_NO_SELECTED_MODEL_PASSPORT,BLOCKED,BLOCKED,BLOCKED_SELECTED_MODEL_AND_SITE_VALIDATION,ESTIMATE,EVD-0010;EVD-0021;EVD-0022;EVD-0023,2026-08-03,GAP-007;GAP-017;GAP-018;GAP-019,Operations / Engineering / Procurement,Manual operation mapped to an existing work surface/inventory function.,"Chef/Operations time the operation; Procurement supplies selected-model passport; Engineering confirms asset, placement and connections"
EQM-0131,VKM-025,Горячие овощи,Гарниры,0.1.0-DRAFT,2,обрабатывать партиями,HOT-03;HOT-13,"WOK-пост;GN, противни и горячий инвентарь",CAPEX.HOT.003;CAPEX.HOT.014,MANDATORY,APPROVED_STRUCTURE,WOK_COOKING,,BLOCKED,Only dish aggregate is available: active 15 min / total 22 min; no unsupported split by operation,HOT-03: ≥5 порций/час; HOT-13: Совместимость с печами,project design requirement,PLANNED,1,порция,ASSUMPTION_RECIPE_UNIT,1,CALCULATED_FROM_PROJECT_THROUGHPUT,1 portion / project minimum 5 portions per hour; this is not a passport cycle,,,,,,BLOCKED_NO_SELECTED_MODEL_PASSPORT,BLOCKED,BLOCKED,BLOCKED_SELECTED_MODEL_AND_SITE_VALIDATION,ESTIMATE,EVD-0010;EVD-0021;EVD-0022;EVD-0023,2026-08-03,GAP-007;GAP-017;GAP-018;GAP-019,Operations / Engineering / Procurement,Manual operation mapped to an existing work surface/inventory function.,"Chef/Operations time the operation; Procurement supplies selected-model passport; Engineering confirms asset, placement and connections"
EQM-0132,VKM-025,Горячие овощи,Гарниры,0.1.0-DRAFT,3,соединить,HOT-12;HOT-13,"Столы и полки горячего участка;GN, противни и горячий инвентарь",CAPEX.HOT.013;CAPEX.HOT.014,MANDATORY,APPROVED_STRUCTURE,HOT_PREP_PORTIONING,,BLOCKED,Only dish aggregate is available: active 15 min / total 22 min; no unsupported split by operation,HOT-12: По планировке; HOT-13: Совместимость с печами,project design requirement,PLANNED,,,BLOCKED,,BLOCKED_NOT_COMPARABLE,Recipe load cannot be compared to the project requirement without tray/form/GN/load and selected-model data,,,,,,BLOCKED_NO_SELECTED_MODEL_PASSPORT,BLOCKED,BLOCKED,BLOCKED_SELECTED_MODEL_AND_SITE_VALIDATION,ESTIMATE,EVD-0010;EVD-0021;EVD-0022;EVD-0023,2026-08-03,GAP-007;GAP-017;GAP-018;GAP-019,Operations / Engineering / Procurement,Manual operation mapped to an existing work surface/inventory function.,"Chef/Operations time the operation; Procurement supplies selected-model passport; Engineering confirms asset, placement and connections"
EQM-0133,VKM-025,Горячие овощи,Гарниры,0.1.0-DRAFT,4,приправить,HOT-12;HOT-13,"Столы и полки горячего участка;GN, противни и горячий инвентарь",CAPEX.HOT.013;CAPEX.HOT.014,MANDATORY,APPROVED_STRUCTURE,HOT_PREP_PORTIONING,,BLOCKED,Only dish aggregate is available: active 15 min / total 22 min; no unsupported split by operation,HOT-12: По планировке; HOT-13: Совместимость с печами,project design requirement,PLANNED,,,BLOCKED,,BLOCKED_NOT_COMPARABLE,Recipe load cannot be compared to the project requirement without tray/form/GN/load and selected-model data,,,,,,BLOCKED_NO_SELECTED_MODEL_PASSPORT,BLOCKED,BLOCKED,BLOCKED_SELECTED_MODEL_AND_SITE_VALIDATION,ESTIMATE,EVD-0010;EVD-0021;EVD-0022;EVD-0023,2026-08-03,GAP-007;GAP-017;GAP-018;GAP-019,Operations / Engineering / Procurement,Manual operation mapped to an existing work surface/inventory function.,"Chef/Operations time the operation; Procurement supplies selected-model passport; Engineering confirms asset, placement and connections"
EQM-0134,VKM-025,Горячие овощи,Гарниры,0.1.0-DRAFT,5,порционировать,HOT-12;HOT-13,"Столы и полки горячего участка;GN, противни и горячий инвентарь",CAPEX.HOT.013;CAPEX.HOT.014,MANDATORY,APPROVED_STRUCTURE,HOT_PREP_PORTIONING,,BLOCKED,Only dish aggregate is available: active 15 min / total 22 min; no unsupported split by operation,HOT-12: По планировке; HOT-13: Совместимость с печами,project design requirement,PLANNED,,,BLOCKED,,BLOCKED_NOT_COMPARABLE,Recipe load cannot be compared to the project requirement without tray/form/GN/load and selected-model data,,,,,,BLOCKED_NO_SELECTED_MODEL_PASSPORT,BLOCKED,BLOCKED,BLOCKED_SELECTED_MODEL_AND_SITE_VALIDATION,ESTIMATE,EVD-0010;EVD-0021;EVD-0022;EVD-0023,2026-08-03,GAP-007;GAP-017;GAP-018;GAP-019,Operations / Engineering / Procurement,Manual operation mapped to an existing work surface/inventory function.,"Chef/Operations time the operation; Procurement supplies selected-model passport; Engineering confirms asset, placement and connections"
EQM-0135,VKM-029,Черничный торт VARSHAVKA,Десерты,0.1.0-DRAFT,1,Приготовить и выпечь бисквит,BAK-04;BAK-02;BAK-07,Планетарный миксер;Пекарская печь;Кондитерские формы и инвентарь,CAPEX.BAK.004;CAPEX.BAK.002;CAPEX.BAK.007,MANDATORY,APPROVED_STRUCTURE,MIXING_FORMING_THERMAL_PROCESS,,BLOCKED,Only dish aggregate is available: active 120 min / total 600 min; no unsupported split by operation,"BAK-04: 10–20 л; BAK-02: 6×600×400; программирование; пар; BAK-07: Торт, кростата, мадлены",project design requirement,PLANNED,,,BLOCKED,,BLOCKED_NOT_COMPARABLE,Recipe load cannot be compared to the project requirement without tray/form/GN/load and selected-model data,,,,,,BLOCKED_NO_SELECTED_MODEL_PASSPORT,BLOCKED,BLOCKED,BLOCKED_SELECTED_MODEL_AND_SITE_VALIDATION,ESTIMATE,EVD-0010;EVD-0021;EVD-0022;EVD-0023,2026-08-03,GAP-007;GAP-017;GAP-018;GAP-019,Operations / Engineering / Procurement,Manual operation mapped to an existing work surface/inventory function.,"Chef/Operations time the operation; Procurement supplies selected-model passport; Engineering confirms asset, placement and connections"
EQM-0136,VKM-029,Черничный торт VARSHAVKA,Десерты,0.1.0-DRAFT,2,охладить,BAK-06;STO-09,Мобильный стеллаж охлаждения;Кондитерское хранение,CAPEX.BAK.006;CAPEX.STO.009,MANDATORY,APPROVED_STRUCTURE,COOLING,,BLOCKED,Only dish aggregate is available: active 120 min / total 600 min; no unsupported split by operation,BAK-06: 16–20 противней; STO-09: Противни и изделия,project design requirement,PLANNED,,,BLOCKED,,BLOCKED_NOT_COMPARABLE,Recipe load cannot be compared to the project requirement without tray/form/GN/load and selected-model data,,,,,,BLOCKED_NO_SELECTED_MODEL_PASSPORT,BLOCKED,BLOCKED,BLOCKED_SELECTED_MODEL_AND_SITE_VALIDATION,ESTIMATE,EVD-0010;EVD-0021;EVD-0022;EVD-0023,2026-08-03,GAP-007;GAP-017;GAP-018;GAP-019,Operations / Engineering / Procurement,Manual operation mapped to an existing work surface/inventory function.,"Chef/Operations time the operation; Procurement supplies selected-model passport; Engineering confirms asset, placement and connections"
EQM-0137,VKM-029,Черничный торт VARSHAVKA,Десерты,0.1.0-DRAFT,3,"приготовить крем, компоте и глазурь",BAK-04;BAK-07;HOT-05B,Планетарный миксер;Кондитерские формы и инвентарь;Индукционная плита 2 зоны,CAPEX.BAK.004;CAPEX.BAK.007;CAPEX.HOT.006,MANDATORY,APPROVED_STRUCTURE,MIXING_AND_HEATED_COMPONENT_PREP,,BLOCKED,Only dish aggregate is available: active 120 min / total 600 min; no unsupported split by operation,"BAK-04: 10–20 л; BAK-07: Торт, кростата, мадлены; HOT-05B: 2 зоны",project design requirement,PLANNED,,,BLOCKED,,BLOCKED_NOT_COMPARABLE,Recipe load cannot be compared to the project requirement without tray/form/GN/load and selected-model data,,,,,,BLOCKED_NO_SELECTED_MODEL_PASSPORT,BLOCKED,BLOCKED,BLOCKED_SELECTED_MODEL_AND_SITE_VALIDATION,ESTIMATE,EVD-0010;EVD-0021;EVD-0022;EVD-0023,2026-08-03,GAP-007;GAP-017;GAP-018;GAP-019,Operations / Engineering / Procurement,Manual operation mapped to an existing work surface/inventory function.,"Chef/Operations time the operation; Procurement supplies selected-model passport; Engineering confirms asset, placement and connections"
EQM-0138,VKM-029,Черничный торт VARSHAVKA,Десерты,0.1.0-DRAFT,4,собрать слоями,BAK-07,Кондитерские формы и инвентарь,CAPEX.BAK.007,MANDATORY,APPROVED_STRUCTURE,FORMING_DECORATING_PORTIONING,,BLOCKED,Only dish aggregate is available: active 120 min / total 600 min; no unsupported split by operation,"BAK-07: Торт, кростата, мадлены",project design requirement,PLANNED,,,BLOCKED,,BLOCKED_NOT_COMPARABLE,Recipe load cannot be compared to the project requirement without tray/form/GN/load and selected-model data,,,,,,BLOCKED_NO_SELECTED_MODEL_PASSPORT,BLOCKED,BLOCKED,BLOCKED_SELECTED_MODEL_AND_SITE_VALIDATION,ESTIMATE,EVD-0010;EVD-0021;EVD-0022;EVD-0023,2026-08-03,GAP-007;GAP-017;GAP-018;GAP-019,Operations / Engineering / Procurement,Manual operation mapped to an existing work surface/inventory function.,"Chef/Operations time the operation; Procurement supplies selected-model passport; Engineering confirms asset, placement and connections"
EQM-0139,VKM-029,Черничный торт VARSHAVKA,Десерты,0.1.0-DRAFT,5,стабилизировать,STO-09,Кондитерское хранение,CAPEX.STO.009,MANDATORY,APPROVED_STRUCTURE,CONTROLLED_HOLDING,,BLOCKED,Only dish aggregate is available: active 120 min / total 600 min; no unsupported split by operation,STO-09: Противни и изделия,project design requirement,PLANNED,,,BLOCKED,,BLOCKED_NOT_COMPARABLE,Recipe load cannot be compared to the project requirement without tray/form/GN/load and selected-model data,,,,,,BLOCKED_NO_SELECTED_MODEL_PASSPORT,BLOCKED,BLOCKED,BLOCKED_SELECTED_MODEL_AND_SITE_VALIDATION,ESTIMATE,EVD-0010;EVD-0021;EVD-0022;EVD-0023,2026-08-03,GAP-007;GAP-017;GAP-018;GAP-019,Operations / Engineering / Procurement,Manual operation mapped to an existing work surface/inventory function.,"Chef/Operations time the operation; Procurement supplies selected-model passport; Engineering confirms asset, placement and connections"
EQM-0140,VKM-029,Черничный торт VARSHAVKA,Десерты,0.1.0-DRAFT,6,покрыть и декорировать,BAK-07,Кондитерские формы и инвентарь,CAPEX.BAK.007,MANDATORY,APPROVED_STRUCTURE,FORMING_DECORATING_PORTIONING,,BLOCKED,Only dish aggregate is available: active 120 min / total 600 min; no unsupported split by operation,"BAK-07: Торт, кростата, мадлены",project design requirement,PLANNED,,,BLOCKED,,BLOCKED_NOT_COMPARABLE,Recipe load cannot be compared to the project requirement without tray/form/GN/load and selected-model data,,,,,,BLOCKED_NO_SELECTED_MODEL_PASSPORT,BLOCKED,BLOCKED,BLOCKED_SELECTED_MODEL_AND_SITE_VALIDATION,ESTIMATE,EVD-0010;EVD-0021;EVD-0022;EVD-0023,2026-08-03,GAP-007;GAP-017;GAP-018;GAP-019,Operations / Engineering / Procurement,Manual operation mapped to an existing work surface/inventory function.,"Chef/Operations time the operation; Procurement supplies selected-model passport; Engineering confirms asset, placement and connections"
EQM-0141,VKM-029,Черничный торт VARSHAVKA,Десерты,0.1.0-DRAFT,7,разделить на 12 порций,BAK-07,Кондитерские формы и инвентарь,CAPEX.BAK.007,MANDATORY,APPROVED_STRUCTURE,FORMING_DECORATING_PORTIONING,,BLOCKED,Only dish aggregate is available: active 120 min / total 600 min; no unsupported split by operation,"BAK-07: Торт, кростата, мадлены",project design requirement,PLANNED,,,BLOCKED,,BLOCKED_NOT_COMPARABLE,Recipe load cannot be compared to the project requirement without tray/form/GN/load and selected-model data,,,,,,BLOCKED_NO_SELECTED_MODEL_PASSPORT,BLOCKED,BLOCKED,BLOCKED_SELECTED_MODEL_AND_SITE_VALIDATION,ESTIMATE,EVD-0010;EVD-0021;EVD-0022;EVD-0023,2026-08-03,GAP-007;GAP-017;GAP-018;GAP-019,Operations / Engineering / Procurement,Manual operation mapped to an existing work surface/inventory function.,"Chef/Operations time the operation; Procurement supplies selected-model passport; Engineering confirms asset, placement and connections"
EQM-0142,VKM-030,Кростата с солёной карамелью,Десерты,0.1.0-DRAFT,1,Замесить песочное тесто,BAK-04;BAK-07,Планетарный миксер;Кондитерские формы и инвентарь,CAPEX.BAK.004;CAPEX.BAK.007,MANDATORY,APPROVED_STRUCTURE,MIXING_COMPONENT_PREP,,BLOCKED,Only dish aggregate is available: active 90 min / total 420 min; no unsupported split by operation,"BAK-04: 10–20 л; BAK-07: Торт, кростата, мадлены",project design requirement,PLANNED,,,BLOCKED,,BLOCKED_NOT_COMPARABLE,Recipe load cannot be compared to the project requirement without tray/form/GN/load and selected-model data,,,,,,BLOCKED_NO_SELECTED_MODEL_PASSPORT,BLOCKED,BLOCKED,BLOCKED_SELECTED_MODEL_AND_SITE_VALIDATION,ESTIMATE,EVD-0010;EVD-0021;EVD-0022;EVD-0023,2026-08-03,GAP-007;GAP-017;GAP-018;GAP-019,Operations / Engineering / Procurement,Manual operation mapped to an existing work surface/inventory function.,"Chef/Operations time the operation; Procurement supplies selected-model passport; Engineering confirms asset, placement and connections"
EQM-0143,VKM-030,Кростата с солёной карамелью,Десерты,0.1.0-DRAFT,2,охладить,BAK-06;STO-09,Мобильный стеллаж охлаждения;Кондитерское хранение,CAPEX.BAK.006;CAPEX.STO.009,MANDATORY,APPROVED_STRUCTURE,COOLING,,BLOCKED,Only dish aggregate is available: active 90 min / total 420 min; no unsupported split by operation,BAK-06: 16–20 противней; STO-09: Противни и изделия,project design requirement,PLANNED,,,BLOCKED,,BLOCKED_NOT_COMPARABLE,Recipe load cannot be compared to the project requirement without tray/form/GN/load and selected-model data,,,,,,BLOCKED_NO_SELECTED_MODEL_PASSPORT,BLOCKED,BLOCKED,BLOCKED_SELECTED_MODEL_AND_SITE_VALIDATION,ESTIMATE,EVD-0010;EVD-0021;EVD-0022;EVD-0023,2026-08-03,GAP-007;GAP-017;GAP-018;GAP-019,Operations / Engineering / Procurement,Manual operation mapped to an existing work surface/inventory function.,"Chef/Operations time the operation; Procurement supplies selected-model passport; Engineering confirms asset, placement and connections"
EQM-0144,VKM-030,Кростата с солёной карамелью,Десерты,0.1.0-DRAFT,3,сформовать и выпечь основу,BAK-02;BAK-07,Пекарская печь;Кондитерские формы и инвентарь,CAPEX.BAK.002;CAPEX.BAK.007,MANDATORY,APPROVED_STRUCTURE,THERMAL_PROCESS,,BLOCKED,Only dish aggregate is available: active 90 min / total 420 min; no unsupported split by operation,"BAK-02: 6×600×400; программирование; пар; BAK-07: Торт, кростата, мадлены",project design requirement,PLANNED,,,BLOCKED,,BLOCKED_NOT_COMPARABLE,Recipe load cannot be compared to the project requirement without tray/form/GN/load and selected-model data,,,,,,BLOCKED_NO_SELECTED_MODEL_PASSPORT,BLOCKED,BLOCKED,BLOCKED_SELECTED_MODEL_AND_SITE_VALIDATION,ESTIMATE,EVD-0010;EVD-0021;EVD-0022;EVD-0023,2026-08-03,GAP-007;GAP-017;GAP-018;GAP-019,Operations / Engineering / Procurement,Manual operation mapped to an existing work surface/inventory function.,"Chef/Operations time the operation; Procurement supplies selected-model passport; Engineering confirms asset, placement and connections"
EQM-0145,VKM-030,Кростата с солёной карамелью,Десерты,0.1.0-DRAFT,4,приготовить карамель и крем,BAK-04;BAK-07;HOT-05B,Планетарный миксер;Кондитерские формы и инвентарь;Индукционная плита 2 зоны,CAPEX.BAK.004;CAPEX.BAK.007;CAPEX.HOT.006,MANDATORY,APPROVED_STRUCTURE,MIXING_AND_HEATED_COMPONENT_PREP,,BLOCKED,Only dish aggregate is available: active 90 min / total 420 min; no unsupported split by operation,"BAK-04: 10–20 л; BAK-07: Торт, кростата, мадлены; HOT-05B: 2 зоны",project design requirement,PLANNED,,,BLOCKED,,BLOCKED_NOT_COMPARABLE,Recipe load cannot be compared to the project requirement without tray/form/GN/load and selected-model data,,,,,,BLOCKED_NO_SELECTED_MODEL_PASSPORT,BLOCKED,BLOCKED,BLOCKED_SELECTED_MODEL_AND_SITE_VALIDATION,ESTIMATE,EVD-0010;EVD-0021;EVD-0022;EVD-0023,2026-08-03,GAP-007;GAP-017;GAP-018;GAP-019,Operations / Engineering / Procurement,Manual operation mapped to an existing work surface/inventory function.,"Chef/Operations time the operation; Procurement supplies selected-model passport; Engineering confirms asset, placement and connections"
EQM-0146,VKM-030,Кростата с солёной карамелью,Десерты,0.1.0-DRAFT,5,наполнить,BAK-07,Кондитерские формы и инвентарь,CAPEX.BAK.007,MANDATORY,APPROVED_STRUCTURE,FORMING_DECORATING_PORTIONING,,BLOCKED,Only dish aggregate is available: active 90 min / total 420 min; no unsupported split by operation,"BAK-07: Торт, кростата, мадлены",project design requirement,PLANNED,,,BLOCKED,,BLOCKED_NOT_COMPARABLE,Recipe load cannot be compared to the project requirement without tray/form/GN/load and selected-model data,,,,,,BLOCKED_NO_SELECTED_MODEL_PASSPORT,BLOCKED,BLOCKED,BLOCKED_SELECTED_MODEL_AND_SITE_VALIDATION,ESTIMATE,EVD-0010;EVD-0021;EVD-0022;EVD-0023,2026-08-03,GAP-007;GAP-017;GAP-018;GAP-019,Operations / Engineering / Procurement,Manual operation mapped to an existing work surface/inventory function.,"Chef/Operations time the operation; Procurement supplies selected-model passport; Engineering confirms asset, placement and connections"
EQM-0147,VKM-030,Кростата с солёной карамелью,Десерты,0.1.0-DRAFT,6,стабилизировать,STO-09,Кондитерское хранение,CAPEX.STO.009,MANDATORY,APPROVED_STRUCTURE,CONTROLLED_HOLDING,,BLOCKED,Only dish aggregate is available: active 90 min / total 420 min; no unsupported split by operation,STO-09: Противни и изделия,project design requirement,PLANNED,,,BLOCKED,,BLOCKED_NOT_COMPARABLE,Recipe load cannot be compared to the project requirement without tray/form/GN/load and selected-model data,,,,,,BLOCKED_NO_SELECTED_MODEL_PASSPORT,BLOCKED,BLOCKED,BLOCKED_SELECTED_MODEL_AND_SITE_VALIDATION,ESTIMATE,EVD-0010;EVD-0021;EVD-0022;EVD-0023,2026-08-03,GAP-007;GAP-017;GAP-018;GAP-019,Operations / Engineering / Procurement,Manual operation mapped to an existing work surface/inventory function.,"Chef/Operations time the operation; Procurement supplies selected-model passport; Engineering confirms asset, placement and connections"
EQM-0148,VKM-030,Кростата с солёной карамелью,Десерты,0.1.0-DRAFT,7,декорировать,BAK-07,Кондитерские формы и инвентарь,CAPEX.BAK.007,MANDATORY,APPROVED_STRUCTURE,FORMING_DECORATING_PORTIONING,,BLOCKED,Only dish aggregate is available: active 90 min / total 420 min; no unsupported split by operation,"BAK-07: Торт, кростата, мадлены",project design requirement,PLANNED,,,BLOCKED,,BLOCKED_NOT_COMPARABLE,Recipe load cannot be compared to the project requirement without tray/form/GN/load and selected-model data,,,,,,BLOCKED_NO_SELECTED_MODEL_PASSPORT,BLOCKED,BLOCKED,BLOCKED_SELECTED_MODEL_AND_SITE_VALIDATION,ESTIMATE,EVD-0010;EVD-0021;EVD-0022;EVD-0023,2026-08-03,GAP-007;GAP-017;GAP-018;GAP-019,Operations / Engineering / Procurement,Manual operation mapped to an existing work surface/inventory function.,"Chef/Operations time the operation; Procurement supplies selected-model passport; Engineering confirms asset, placement and connections"
EQM-0149,VKM-030,Кростата с солёной карамелью,Десерты,0.1.0-DRAFT,8,разделить на 10 порций,BAK-07,Кондитерские формы и инвентарь,CAPEX.BAK.007,MANDATORY,APPROVED_STRUCTURE,FORMING_DECORATING_PORTIONING,,BLOCKED,Only dish aggregate is available: active 90 min / total 420 min; no unsupported split by operation,"BAK-07: Торт, кростата, мадлены",project design requirement,PLANNED,,,BLOCKED,,BLOCKED_NOT_COMPARABLE,Recipe load cannot be compared to the project requirement without tray/form/GN/load and selected-model data,,,,,,BLOCKED_NO_SELECTED_MODEL_PASSPORT,BLOCKED,BLOCKED,BLOCKED_SELECTED_MODEL_AND_SITE_VALIDATION,ESTIMATE,EVD-0010;EVD-0021;EVD-0022;EVD-0023,2026-08-03,GAP-007;GAP-017;GAP-018;GAP-019,Operations / Engineering / Procurement,Manual operation mapped to an existing work surface/inventory function.,"Chef/Operations time the operation; Procurement supplies selected-model passport; Engineering confirms asset, placement and connections"
EQM-0150,VKM-031,Мадлен,Десерты,0.1.0-DRAFT,1,Смешать тесто,BAK-04;BAK-07,Планетарный миксер;Кондитерские формы и инвентарь,CAPEX.BAK.004;CAPEX.BAK.007,MANDATORY,APPROVED_STRUCTURE,MIXING_COMPONENT_PREP,,BLOCKED,Only dish aggregate is available: active 30 min / total 120 min; no unsupported split by operation,"BAK-04: 10–20 л; BAK-07: Торт, кростата, мадлены",project design requirement,PLANNED,,,BLOCKED,,BLOCKED_NOT_COMPARABLE,Recipe load cannot be compared to the project requirement without tray/form/GN/load and selected-model data,,,,,,BLOCKED_NO_SELECTED_MODEL_PASSPORT,BLOCKED,BLOCKED,BLOCKED_SELECTED_MODEL_AND_SITE_VALIDATION,ESTIMATE,EVD-0010;EVD-0021;EVD-0022;EVD-0023,2026-08-03,GAP-007;GAP-017;GAP-018;GAP-019,Operations / Engineering / Procurement,Manual operation mapped to an existing work surface/inventory function.,"Chef/Operations time the operation; Procurement supplies selected-model passport; Engineering confirms asset, placement and connections"
EQM-0151,VKM-031,Мадлен,Десерты,0.1.0-DRAFT,2,дать ему стабилизироваться,STO-09,Кондитерское хранение,CAPEX.STO.009,MANDATORY,APPROVED_STRUCTURE,CONTROLLED_HOLDING,,BLOCKED,Only dish aggregate is available: active 30 min / total 120 min; no unsupported split by operation,STO-09: Противни и изделия,project design requirement,PLANNED,,,BLOCKED,,BLOCKED_NOT_COMPARABLE,Recipe load cannot be compared to the project requirement without tray/form/GN/load and selected-model data,,,,,,BLOCKED_NO_SELECTED_MODEL_PASSPORT,BLOCKED,BLOCKED,BLOCKED_SELECTED_MODEL_AND_SITE_VALIDATION,ESTIMATE,EVD-0010;EVD-0021;EVD-0022;EVD-0023,2026-08-03,GAP-007;GAP-017;GAP-018;GAP-019,Operations / Engineering / Procurement,Manual operation mapped to an existing work surface/inventory function.,"Chef/Operations time the operation; Procurement supplies selected-model passport; Engineering confirms asset, placement and connections"
EQM-0152,VKM-031,Мадлен,Десерты,0.1.0-DRAFT,3,дозировать в формы,BAK-07,Кондитерские формы и инвентарь,CAPEX.BAK.007,MANDATORY,APPROVED_STRUCTURE,FORMING_DECORATING_PORTIONING,,BLOCKED,Only dish aggregate is available: active 30 min / total 120 min; no unsupported split by operation,"BAK-07: Торт, кростата, мадлены",project design requirement,PLANNED,,,BLOCKED,,BLOCKED_NOT_COMPARABLE,Recipe load cannot be compared to the project requirement without tray/form/GN/load and selected-model data,,,,,,BLOCKED_NO_SELECTED_MODEL_PASSPORT,BLOCKED,BLOCKED,BLOCKED_SELECTED_MODEL_AND_SITE_VALIDATION,ESTIMATE,EVD-0010;EVD-0021;EVD-0022;EVD-0023,2026-08-03,GAP-007;GAP-017;GAP-018;GAP-019,Operations / Engineering / Procurement,Manual operation mapped to an existing work surface/inventory function.,"Chef/Operations time the operation; Procurement supplies selected-model passport; Engineering confirms asset, placement and connections"
EQM-0153,VKM-031,Мадлен,Десерты,0.1.0-DRAFT,4,выпечь,BAK-02;BAK-07,Пекарская печь;Кондитерские формы и инвентарь,CAPEX.BAK.002;CAPEX.BAK.007,MANDATORY,APPROVED_STRUCTURE,THERMAL_PROCESS,,BLOCKED,Only dish aggregate is available: active 30 min / total 120 min; no unsupported split by operation,"BAK-02: 6×600×400; программирование; пар; BAK-07: Торт, кростата, мадлены",project design requirement,PLANNED,,,BLOCKED,,BLOCKED_NOT_COMPARABLE,Recipe load cannot be compared to the project requirement without tray/form/GN/load and selected-model data,,,,,,BLOCKED_NO_SELECTED_MODEL_PASSPORT,BLOCKED,BLOCKED,BLOCKED_SELECTED_MODEL_AND_SITE_VALIDATION,ESTIMATE,EVD-0010;EVD-0021;EVD-0022;EVD-0023,2026-08-03,GAP-007;GAP-017;GAP-018;GAP-019,Operations / Engineering / Procurement,Manual operation mapped to an existing work surface/inventory function.,"Chef/Operations time the operation; Procurement supplies selected-model passport; Engineering confirms asset, placement and connections"
EQM-0154,VKM-031,Мадлен,Десерты,0.1.0-DRAFT,5,охладить,BAK-06;STO-09,Мобильный стеллаж охлаждения;Кондитерское хранение,CAPEX.BAK.006;CAPEX.STO.009,MANDATORY,APPROVED_STRUCTURE,COOLING,,BLOCKED,Only dish aggregate is available: active 30 min / total 120 min; no unsupported split by operation,BAK-06: 16–20 противней; STO-09: Противни и изделия,project design requirement,PLANNED,,,BLOCKED,,BLOCKED_NOT_COMPARABLE,Recipe load cannot be compared to the project requirement without tray/form/GN/load and selected-model data,,,,,,BLOCKED_NO_SELECTED_MODEL_PASSPORT,BLOCKED,BLOCKED,BLOCKED_SELECTED_MODEL_AND_SITE_VALIDATION,ESTIMATE,EVD-0010;EVD-0021;EVD-0022;EVD-0023,2026-08-03,GAP-007;GAP-017;GAP-018;GAP-019,Operations / Engineering / Procurement,Manual operation mapped to an existing work surface/inventory function.,"Chef/Operations time the operation; Procurement supplies selected-model passport; Engineering confirms asset, placement and connections"
EQM-0155,VKM-031,Мадлен,Десерты,0.1.0-DRAFT,6,сформировать 20 одинаковых изделий,BAK-07,Кондитерские формы и инвентарь,CAPEX.BAK.007,MANDATORY,APPROVED_STRUCTURE,FORMING_DECORATING_PORTIONING,,BLOCKED,Only dish aggregate is available: active 30 min / total 120 min; no unsupported split by operation,"BAK-07: Торт, кростата, мадлены",project design requirement,PLANNED,,,BLOCKED,,BLOCKED_NOT_COMPARABLE,Recipe load cannot be compared to the project requirement without tray/form/GN/load and selected-model data,,,,,,BLOCKED_NO_SELECTED_MODEL_PASSPORT,BLOCKED,BLOCKED,BLOCKED_SELECTED_MODEL_AND_SITE_VALIDATION,ESTIMATE,EVD-0010;EVD-0021;EVD-0022;EVD-0023,2026-08-03,GAP-007;GAP-017;GAP-018;GAP-019,Operations / Engineering / Procurement,Manual operation mapped to an existing work surface/inventory function.,"Chef/Operations time the operation; Procurement supplies selected-model passport; Engineering confirms asset, placement and connections"
