decision_id,dish_code,dish_name,decision_area,required_decision,options,recommended_option,evidence_ids,impact_cost,impact_price,impact_safety,impact_equipment,decision_owner,unblock_condition,current_status
OCD-0001,VKM-001,Маргарита,RECIPE_FREEZE,"Принять, скорректировать или отклонить построчную рецептуру 0.1.0-DRAFT.",A: принять проект без изменений после контрольной серии; B: скорректировать нормы/состав через Change Request; C: отклонить и разработать новую версию.,"B — провести контрольную серию, зафиксировать отклонения и выпустить versioned Change Request до Chef freeze.",EVD-0007;EVD-0008,Меняет нормы и полный COGS.,Меняет нижнюю границу проектной цены и food cost.,Без frozen exact-SKU recipe safety-профиль нельзя разблокировать.,"Меняет операции, загрузку и требуемый инвентарь.",Chef,"Подписан versioned Chef decision; все строки имеют принятое значение, источник и статус не ниже DRAFT_ACCEPTED; FoodSafety получает точный blob/version.",OPEN
OCD-0002,VKM-001,Маргарита,YIELD_AND_TOLERANCE,"Установить целевой выход, фактические потери и допустимые отклонения.",A: принять проектный выход после измерений; B: заменить измеренным выходом/допуском; C: назначить дополнительную серию.,"B — взвесить входы, отходы, полуфабрикаты и финальный выход минимум в одной документированной серии; допуск выводить из измерений, не назначать заранее.",EVD-0005;EVD-0008,Фактический выход меняет стоимость порции.,"Влияет на цену, food cost и маржу.",Недостоверный выход мешает валидировать порционирование и режим.,Влияет на размер партии и число циклов.,Chef / Operations,Контрольная форма заполнена фактическими массами; арифметика reconciled; Chef утвердил выход и допуск; новая версия связана с recipe blob.,OPEN
OCD-0003,VKM-001,Маргарита,SEMI_FINISHED_STRUCTURE,"Зафиксировать состав, вариант партии и повторное использование каждого связанного полуфабриката.",A: единая общая формула; B: отдельные варианты с технологическим основанием; C: покупной компонент с точным SKU.,A для реально одинаковых заготовок; B только при документированном технологическом различии; C только после фиксации SKU и спецификации.,EVD-0009;EVD-0007;EVD-0008,Устраняет двойной учёт и определяет стоимость VSF.,Меняет полный COGS и ценовой коридор.,"Точный процесс/SKU нужен для аллергенов, хранения и прослеживаемости.","Определяет объём партии, хранение, тару и циклы.",Chef / Procurement,"Chef утвердил VSF mapping и variant; выбранный вариант имеет формулу, фактический/принятый выход и правило single-count; при C приложена спецификация SKU.",OPEN
OCD-0004,VKM-001,Маргарита,PROCESS_AND_ORGANOLEPTIC,"Утвердить последовательность, фактическое время, подачу и измеримые органолептические критерии.",A: принять проект после проработки; B: скорректировать процесс/подачу; C: отклонить результат и повторить.,"B — выполнить проработку, записать фактические время и наблюдения по внешнему виду, цвету, запаху, вкусу и текстуре; решение не заполнять до испытания.",EVD-0010;EVD-0011;EVD-0030,Время и операции меняют трудоёмкость и расход ресурсов.,Влияет на минимальную цену и пропускную способность канала.,Процесс должен пройти повторный FoodSafety review.,"Фиксирует оборудование, время цикла и число партий.",Chef,Заполнен протокол проработки; Chef вынес APPROVED/REWORK/REJECTED; критерии и допустимые отклонения связаны с точной recipe version.,OPEN
OCD-0005,VKM-001,Маргарита,STORAGE_REALIZATION_GATE,Определить фактический маршрут по каналам и передать его на version-locked FoodSafety/ППК решение по хранению и реализации.,A: только немедленная подача; B: хранение/охлаждение/разогрев; C: доставка/навынос; допускается документированная комбинация.,"Сначала выбрать только реально планируемые маршруты; затем FoodSafety/ППК устанавливает доказанные режимы по точной рецептуре, SKU и процессу. До этого сохранять BLOCK.",EVD-0013;EVD-0014;EVD-FS-001;EVD-FS-003,"Может добавить упаковку, списания и контроль.",Меняет переменные расходы и цену по каналу.,"Прямо определяет safety veto, маркировку и контрольные точки.","Может потребовать охлаждение, хранение, термоконтроль и отдельные мощности.",Chef / Owner / FoodSafety / ППК,Маршрут утверждён Owner/Chef; exact recipe/SKU/process переданы FoodSafety; получено документированное version-locked решение температур/сроков/CCP и повторный review снимает либо сохраняет veto.,OPEN
OCD-0006,VKM-002,Четыре сыра,RECIPE_FREEZE,"Принять, скорректировать или отклонить построчную рецептуру 0.1.0-DRAFT.",A: принять проект без изменений после контрольной серии; B: скорректировать нормы/состав через Change Request; C: отклонить и разработать новую версию.,"B — провести контрольную серию, зафиксировать отклонения и выпустить versioned Change Request до Chef freeze.",EVD-0007;EVD-0008,Меняет нормы и полный COGS.,Меняет нижнюю границу проектной цены и food cost.,Без frozen exact-SKU recipe safety-профиль нельзя разблокировать.,"Меняет операции, загрузку и требуемый инвентарь.",Chef,"Подписан versioned Chef decision; все строки имеют принятое значение, источник и статус не ниже DRAFT_ACCEPTED; FoodSafety получает точный blob/version.",OPEN
OCD-0007,VKM-002,Четыре сыра,YIELD_AND_TOLERANCE,"Установить целевой выход, фактические потери и допустимые отклонения.",A: принять проектный выход после измерений; B: заменить измеренным выходом/допуском; C: назначить дополнительную серию.,"B — взвесить входы, отходы, полуфабрикаты и финальный выход минимум в одной документированной серии; допуск выводить из измерений, не назначать заранее.",EVD-0005;EVD-0008,Фактический выход меняет стоимость порции.,"Влияет на цену, food cost и маржу.",Недостоверный выход мешает валидировать порционирование и режим.,Влияет на размер партии и число циклов.,Chef / Operations,Контрольная форма заполнена фактическими массами; арифметика reconciled; Chef утвердил выход и допуск; новая версия связана с recipe blob.,OPEN
OCD-0008,VKM-002,Четыре сыра,SEMI_FINISHED_STRUCTURE,"Зафиксировать состав, вариант партии и повторное использование каждого связанного полуфабриката.",A: единая общая формула; B: отдельные варианты с технологическим основанием; C: покупной компонент с точным SKU.,A для реально одинаковых заготовок; B только при документированном технологическом различии; C только после фиксации SKU и спецификации.,EVD-0009;EVD-0007;EVD-0008,Устраняет двойной учёт и определяет стоимость VSF.,Меняет полный COGS и ценовой коридор.,"Точный процесс/SKU нужен для аллергенов, хранения и прослеживаемости.","Определяет объём партии, хранение, тару и циклы.",Chef / Procurement,"Chef утвердил VSF mapping и variant; выбранный вариант имеет формулу, фактический/принятый выход и правило single-count; при C приложена спецификация SKU.",OPEN
OCD-0009,VKM-002,Четыре сыра,PROCESS_AND_ORGANOLEPTIC,"Утвердить последовательность, фактическое время, подачу и измеримые органолептические критерии.",A: принять проект после проработки; B: скорректировать процесс/подачу; C: отклонить результат и повторить.,"B — выполнить проработку, записать фактические время и наблюдения по внешнему виду, цвету, запаху, вкусу и текстуре; решение не заполнять до испытания.",EVD-0010;EVD-0011;EVD-0030,Время и операции меняют трудоёмкость и расход ресурсов.,Влияет на минимальную цену и пропускную способность канала.,Процесс должен пройти повторный FoodSafety review.,"Фиксирует оборудование, время цикла и число партий.",Chef,Заполнен протокол проработки; Chef вынес APPROVED/REWORK/REJECTED; критерии и допустимые отклонения связаны с точной recipe version.,OPEN
OCD-0010,VKM-002,Четыре сыра,STORAGE_REALIZATION_GATE,Определить фактический маршрут по каналам и передать его на version-locked FoodSafety/ППК решение по хранению и реализации.,A: только немедленная подача; B: хранение/охлаждение/разогрев; C: доставка/навынос; допускается документированная комбинация.,"Сначала выбрать только реально планируемые маршруты; затем FoodSafety/ППК устанавливает доказанные режимы по точной рецептуре, SKU и процессу. До этого сохранять BLOCK.",EVD-0013;EVD-0014;EVD-FS-001;EVD-FS-003,"Может добавить упаковку, списания и контроль.",Меняет переменные расходы и цену по каналу.,"Прямо определяет safety veto, маркировку и контрольные точки.","Может потребовать охлаждение, хранение, термоконтроль и отдельные мощности.",Chef / Owner / FoodSafety / ППК,Маршрут утверждён Owner/Chef; exact recipe/SKU/process переданы FoodSafety; получено документированное version-locked решение температур/сроков/CCP и повторный review снимает либо сохраняет veto.,OPEN
OCD-0011,VKM-003,Грибная с ветчиной,RECIPE_FREEZE,"Принять, скорректировать или отклонить построчную рецептуру 0.1.0-DRAFT.",A: принять проект без изменений после контрольной серии; B: скорректировать нормы/состав через Change Request; C: отклонить и разработать новую версию.,"B — провести контрольную серию, зафиксировать отклонения и выпустить versioned Change Request до Chef freeze.",EVD-0007;EVD-0008,Меняет нормы и полный COGS.,Меняет нижнюю границу проектной цены и food cost.,Без frozen exact-SKU recipe safety-профиль нельзя разблокировать.,"Меняет операции, загрузку и требуемый инвентарь.",Chef,"Подписан versioned Chef decision; все строки имеют принятое значение, источник и статус не ниже DRAFT_ACCEPTED; FoodSafety получает точный blob/version.",OPEN
OCD-0012,VKM-003,Грибная с ветчиной,YIELD_AND_TOLERANCE,"Установить целевой выход, фактические потери и допустимые отклонения.",A: принять проектный выход после измерений; B: заменить измеренным выходом/допуском; C: назначить дополнительную серию.,"B — взвесить входы, отходы, полуфабрикаты и финальный выход минимум в одной документированной серии; допуск выводить из измерений, не назначать заранее.",EVD-0005;EVD-0008,Фактический выход меняет стоимость порции.,"Влияет на цену, food cost и маржу.",Недостоверный выход мешает валидировать порционирование и режим.,Влияет на размер партии и число циклов.,Chef / Operations,Контрольная форма заполнена фактическими массами; арифметика reconciled; Chef утвердил выход и допуск; новая версия связана с recipe blob.,OPEN
OCD-0013,VKM-003,Грибная с ветчиной,SEMI_FINISHED_STRUCTURE,"Зафиксировать состав, вариант партии и повторное использование каждого связанного полуфабриката.",A: единая общая формула; B: отдельные варианты с технологическим основанием; C: покупной компонент с точным SKU.,A для реально одинаковых заготовок; B только при документированном технологическом различии; C только после фиксации SKU и спецификации.,EVD-0009;EVD-0007;EVD-0008,Устраняет двойной учёт и определяет стоимость VSF.,Меняет полный COGS и ценовой коридор.,"Точный процесс/SKU нужен для аллергенов, хранения и прослеживаемости.","Определяет объём партии, хранение, тару и циклы.",Chef / Procurement,"Chef утвердил VSF mapping и variant; выбранный вариант имеет формулу, фактический/принятый выход и правило single-count; при C приложена спецификация SKU.",OPEN
OCD-0014,VKM-003,Грибная с ветчиной,PROCESS_AND_ORGANOLEPTIC,"Утвердить последовательность, фактическое время, подачу и измеримые органолептические критерии.",A: принять проект после проработки; B: скорректировать процесс/подачу; C: отклонить результат и повторить.,"B — выполнить проработку, записать фактические время и наблюдения по внешнему виду, цвету, запаху, вкусу и текстуре; решение не заполнять до испытания.",EVD-0010;EVD-0011;EVD-0030,Время и операции меняют трудоёмкость и расход ресурсов.,Влияет на минимальную цену и пропускную способность канала.,Процесс должен пройти повторный FoodSafety review.,"Фиксирует оборудование, время цикла и число партий.",Chef,Заполнен протокол проработки; Chef вынес APPROVED/REWORK/REJECTED; критерии и допустимые отклонения связаны с точной recipe version.,OPEN
OCD-0015,VKM-003,Грибная с ветчиной,STORAGE_REALIZATION_GATE,Определить фактический маршрут по каналам и передать его на version-locked FoodSafety/ППК решение по хранению и реализации.,A: только немедленная подача; B: хранение/охлаждение/разогрев; C: доставка/навынос; допускается документированная комбинация.,"Сначала выбрать только реально планируемые маршруты; затем FoodSafety/ППК устанавливает доказанные режимы по точной рецептуре, SKU и процессу. До этого сохранять BLOCK.",EVD-0013;EVD-0014;EVD-FS-001;EVD-FS-003,"Может добавить упаковку, списания и контроль.",Меняет переменные расходы и цену по каналу.,"Прямо определяет safety veto, маркировку и контрольные точки.","Может потребовать охлаждение, хранение, термоконтроль и отдельные мощности.",Chef / Owner / FoodSafety / ППК,Маршрут утверждён Owner/Chef; exact recipe/SKU/process переданы FoodSafety; получено документированное version-locked решение температур/сроков/CCP и повторный review снимает либо сохраняет veto.,OPEN
OCD-0016,VKM-004,Пепперони,RECIPE_FREEZE,"Принять, скорректировать или отклонить построчную рецептуру 0.1.0-DRAFT.",A: принять проект без изменений после контрольной серии; B: скорректировать нормы/состав через Change Request; C: отклонить и разработать новую версию.,"B — провести контрольную серию, зафиксировать отклонения и выпустить versioned Change Request до Chef freeze.",EVD-0007;EVD-0008,Меняет нормы и полный COGS.,Меняет нижнюю границу проектной цены и food cost.,Без frozen exact-SKU recipe safety-профиль нельзя разблокировать.,"Меняет операции, загрузку и требуемый инвентарь.",Chef,"Подписан versioned Chef decision; все строки имеют принятое значение, источник и статус не ниже DRAFT_ACCEPTED; FoodSafety получает точный blob/version.",OPEN
OCD-0017,VKM-004,Пепперони,YIELD_AND_TOLERANCE,"Установить целевой выход, фактические потери и допустимые отклонения.",A: принять проектный выход после измерений; B: заменить измеренным выходом/допуском; C: назначить дополнительную серию.,"B — взвесить входы, отходы, полуфабрикаты и финальный выход минимум в одной документированной серии; допуск выводить из измерений, не назначать заранее.",EVD-0005;EVD-0008,Фактический выход меняет стоимость порции.,"Влияет на цену, food cost и маржу.",Недостоверный выход мешает валидировать порционирование и режим.,Влияет на размер партии и число циклов.,Chef / Operations,Контрольная форма заполнена фактическими массами; арифметика reconciled; Chef утвердил выход и допуск; новая версия связана с recipe blob.,OPEN
OCD-0018,VKM-004,Пепперони,SEMI_FINISHED_STRUCTURE,"Зафиксировать состав, вариант партии и повторное использование каждого связанного полуфабриката.",A: единая общая формула; B: отдельные варианты с технологическим основанием; C: покупной компонент с точным SKU.,A для реально одинаковых заготовок; B только при документированном технологическом различии; C только после фиксации SKU и спецификации.,EVD-0009;EVD-0007;EVD-0008,Устраняет двойной учёт и определяет стоимость VSF.,Меняет полный COGS и ценовой коридор.,"Точный процесс/SKU нужен для аллергенов, хранения и прослеживаемости.","Определяет объём партии, хранение, тару и циклы.",Chef / Procurement,"Chef утвердил VSF mapping и variant; выбранный вариант имеет формулу, фактический/принятый выход и правило single-count; при C приложена спецификация SKU.",OPEN
OCD-0019,VKM-004,Пепперони,PROCESS_AND_ORGANOLEPTIC,"Утвердить последовательность, фактическое время, подачу и измеримые органолептические критерии.",A: принять проект после проработки; B: скорректировать процесс/подачу; C: отклонить результат и повторить.,"B — выполнить проработку, записать фактические время и наблюдения по внешнему виду, цвету, запаху, вкусу и текстуре; решение не заполнять до испытания.",EVD-0010;EVD-0011;EVD-0030,Время и операции меняют трудоёмкость и расход ресурсов.,Влияет на минимальную цену и пропускную способность канала.,Процесс должен пройти повторный FoodSafety review.,"Фиксирует оборудование, время цикла и число партий.",Chef,Заполнен протокол проработки; Chef вынес APPROVED/REWORK/REJECTED; критерии и допустимые отклонения связаны с точной recipe version.,OPEN
OCD-0020,VKM-004,Пепперони,STORAGE_REALIZATION_GATE,Определить фактический маршрут по каналам и передать его на version-locked FoodSafety/ППК решение по хранению и реализации.,A: только немедленная подача; B: хранение/охлаждение/разогрев; C: доставка/навынос; допускается документированная комбинация.,"Сначала выбрать только реально планируемые маршруты; затем FoodSafety/ППК устанавливает доказанные режимы по точной рецептуре, SKU и процессу. До этого сохранять BLOCK.",EVD-0013;EVD-0014;EVD-FS-001;EVD-FS-003,"Может добавить упаковку, списания и контроль.",Меняет переменные расходы и цену по каналу.,"Прямо определяет safety veto, маркировку и контрольные точки.","Может потребовать охлаждение, хранение, термоконтроль и отдельные мощности.",Chef / Owner / FoodSafety / ППК,Маршрут утверждён Owner/Chef; exact recipe/SKU/process переданы FoodSafety; получено документированное version-locked решение температур/сроков/CCP и повторный review снимает либо сохраняет veto.,OPEN
OCD-0021,VKM-005,Белая чиабатта,RECIPE_FREEZE,"Принять, скорректировать или отклонить построчную рецептуру 0.1.0-DRAFT.",A: принять проект без изменений после контрольной серии; B: скорректировать нормы/состав через Change Request; C: отклонить и разработать новую версию.,"B — провести контрольную серию, зафиксировать отклонения и выпустить versioned Change Request до Chef freeze.",EVD-0007;EVD-0008,Меняет нормы и полный COGS.,Меняет нижнюю границу проектной цены и food cost.,Без frozen exact-SKU recipe safety-профиль нельзя разблокировать.,"Меняет операции, загрузку и требуемый инвентарь.",Chef,"Подписан versioned Chef decision; все строки имеют принятое значение, источник и статус не ниже DRAFT_ACCEPTED; FoodSafety получает точный blob/version.",OPEN
OCD-0022,VKM-005,Белая чиабатта,YIELD_AND_TOLERANCE,"Установить целевой выход, фактические потери и допустимые отклонения.",A: принять проектный выход после измерений; B: заменить измеренным выходом/допуском; C: назначить дополнительную серию.,"B — взвесить входы, отходы, полуфабрикаты и финальный выход минимум в одной документированной серии; допуск выводить из измерений, не назначать заранее.",EVD-0005;EVD-0008,Фактический выход меняет стоимость порции.,"Влияет на цену, food cost и маржу.",Недостоверный выход мешает валидировать порционирование и режим.,Влияет на размер партии и число циклов.,Chef / Operations,Контрольная форма заполнена фактическими массами; арифметика reconciled; Chef утвердил выход и допуск; новая версия связана с recipe blob.,OPEN
OCD-0023,VKM-005,Белая чиабатта,SEMI_FINISHED_STRUCTURE,"Зафиксировать состав, вариант партии и повторное использование каждого связанного полуфабриката.",A: единая общая формула; B: отдельные варианты с технологическим основанием; C: покупной компонент с точным SKU.,A для реально одинаковых заготовок; B только при документированном технологическом различии; C только после фиксации SKU и спецификации.,EVD-0009;EVD-0007;EVD-0008,Устраняет двойной учёт и определяет стоимость VSF.,Меняет полный COGS и ценовой коридор.,"Точный процесс/SKU нужен для аллергенов, хранения и прослеживаемости.","Определяет объём партии, хранение, тару и циклы.",Chef / Procurement,"Chef утвердил VSF mapping и variant; выбранный вариант имеет формулу, фактический/принятый выход и правило single-count; при C приложена спецификация SKU.",OPEN
OCD-0024,VKM-005,Белая чиабатта,PROCESS_AND_ORGANOLEPTIC,"Утвердить последовательность, фактическое время, подачу и измеримые органолептические критерии.",A: принять проект после проработки; B: скорректировать процесс/подачу; C: отклонить результат и повторить.,"B — выполнить проработку, записать фактические время и наблюдения по внешнему виду, цвету, запаху, вкусу и текстуре; решение не заполнять до испытания.",EVD-0010;EVD-0011;EVD-0030,Время и операции меняют трудоёмкость и расход ресурсов.,Влияет на минимальную цену и пропускную способность канала.,Процесс должен пройти повторный FoodSafety review.,"Фиксирует оборудование, время цикла и число партий.",Chef,Заполнен протокол проработки; Chef вынес APPROVED/REWORK/REJECTED; критерии и допустимые отклонения связаны с точной recipe version.,OPEN
OCD-0025,VKM-005,Белая чиабатта,STORAGE_REALIZATION_GATE,Определить фактический маршрут по каналам и передать его на version-locked FoodSafety/ППК решение по хранению и реализации.,A: только немедленная подача; B: хранение/охлаждение/разогрев; C: доставка/навынос; допускается документированная комбинация.,"Сначала выбрать только реально планируемые маршруты; затем FoodSafety/ППК устанавливает доказанные режимы по точной рецептуре, SKU и процессу. До этого сохранять BLOCK.",EVD-0013;EVD-0014;EVD-FS-001;EVD-FS-003,"Может добавить упаковку, списания и контроль.",Меняет переменные расходы и цену по каналу.,"Прямо определяет safety veto, маркировку и контрольные точки.","Может потребовать охлаждение, хранение, термоконтроль и отдельные мощности.",Chef / Owner / FoodSafety / ППК,Маршрут утверждён Owner/Chef; exact recipe/SKU/process переданы FoodSafety; получено документированное version-locked решение температур/сроков/CCP и повторный review снимает либо сохраняет veto.,OPEN
OCD-0026,VKM-006,Томатная чиабатта,RECIPE_FREEZE,"Принять, скорректировать или отклонить построчную рецептуру 0.1.0-DRAFT.",A: принять проект без изменений после контрольной серии; B: скорректировать нормы/состав через Change Request; C: отклонить и разработать новую версию.,"B — провести контрольную серию, зафиксировать отклонения и выпустить versioned Change Request до Chef freeze.",EVD-0007;EVD-0008,Меняет нормы и полный COGS.,Меняет нижнюю границу проектной цены и food cost.,Без frozen exact-SKU recipe safety-профиль нельзя разблокировать.,"Меняет операции, загрузку и требуемый инвентарь.",Chef,"Подписан versioned Chef decision; все строки имеют принятое значение, источник и статус не ниже DRAFT_ACCEPTED; FoodSafety получает точный blob/version.",OPEN
OCD-0027,VKM-006,Томатная чиабатта,YIELD_AND_TOLERANCE,"Установить целевой выход, фактические потери и допустимые отклонения.",A: принять проектный выход после измерений; B: заменить измеренным выходом/допуском; C: назначить дополнительную серию.,"B — взвесить входы, отходы, полуфабрикаты и финальный выход минимум в одной документированной серии; допуск выводить из измерений, не назначать заранее.",EVD-0005;EVD-0008,Фактический выход меняет стоимость порции.,"Влияет на цену, food cost и маржу.",Недостоверный выход мешает валидировать порционирование и режим.,Влияет на размер партии и число циклов.,Chef / Operations,Контрольная форма заполнена фактическими массами; арифметика reconciled; Chef утвердил выход и допуск; новая версия связана с recipe blob.,OPEN
OCD-0028,VKM-006,Томатная чиабатта,SEMI_FINISHED_STRUCTURE,"Зафиксировать состав, вариант партии и повторное использование каждого связанного полуфабриката.",A: единая общая формула; B: отдельные варианты с технологическим основанием; C: покупной компонент с точным SKU.,A для реально одинаковых заготовок; B только при документированном технологическом различии; C только после фиксации SKU и спецификации.,EVD-0009;EVD-0007;EVD-0008,Устраняет двойной учёт и определяет стоимость VSF.,Меняет полный COGS и ценовой коридор.,"Точный процесс/SKU нужен для аллергенов, хранения и прослеживаемости.","Определяет объём партии, хранение, тару и циклы.",Chef / Procurement,"Chef утвердил VSF mapping и variant; выбранный вариант имеет формулу, фактический/принятый выход и правило single-count; при C приложена спецификация SKU.",OPEN
OCD-0029,VKM-006,Томатная чиабатта,PROCESS_AND_ORGANOLEPTIC,"Утвердить последовательность, фактическое время, подачу и измеримые органолептические критерии.",A: принять проект после проработки; B: скорректировать процесс/подачу; C: отклонить результат и повторить.,"B — выполнить проработку, записать фактические время и наблюдения по внешнему виду, цвету, запаху, вкусу и текстуре; решение не заполнять до испытания.",EVD-0010;EVD-0011;EVD-0030,Время и операции меняют трудоёмкость и расход ресурсов.,Влияет на минимальную цену и пропускную способность канала.,Процесс должен пройти повторный FoodSafety review.,"Фиксирует оборудование, время цикла и число партий.",Chef,Заполнен протокол проработки; Chef вынес APPROVED/REWORK/REJECTED; критерии и допустимые отклонения связаны с точной recipe version.,OPEN
OCD-0030,VKM-006,Томатная чиабатта,STORAGE_REALIZATION_GATE,Определить фактический маршрут по каналам и передать его на version-locked FoodSafety/ППК решение по хранению и реализации.,A: только немедленная подача; B: хранение/охлаждение/разогрев; C: доставка/навынос; допускается документированная комбинация.,"Сначала выбрать только реально планируемые маршруты; затем FoodSafety/ППК устанавливает доказанные режимы по точной рецептуре, SKU и процессу. До этого сохранять BLOCK.",EVD-0013;EVD-0014;EVD-FS-001;EVD-FS-003,"Может добавить упаковку, списания и контроль.",Меняет переменные расходы и цену по каналу.,"Прямо определяет safety veto, маркировку и контрольные точки.","Может потребовать охлаждение, хранение, термоконтроль и отдельные мощности.",Chef / Owner / FoodSafety / ППК,Маршрут утверждён Owner/Chef; exact recipe/SKU/process переданы FoodSafety; получено документированное version-locked решение температур/сроков/CCP и повторный review снимает либо сохраняет veto.,OPEN
OCD-0031,VKM-007,Бородинский хлеб,RECIPE_FREEZE,"Принять, скорректировать или отклонить построчную рецептуру 0.1.0-DRAFT.",A: принять проект без изменений после контрольной серии; B: скорректировать нормы/состав через Change Request; C: отклонить и разработать новую версию.,"B — провести контрольную серию, зафиксировать отклонения и выпустить versioned Change Request до Chef freeze.",EVD-0007;EVD-0008,Меняет нормы и полный COGS.,Меняет нижнюю границу проектной цены и food cost.,Без frozen exact-SKU recipe safety-профиль нельзя разблокировать.,"Меняет операции, загрузку и требуемый инвентарь.",Chef,"Подписан versioned Chef decision; все строки имеют принятое значение, источник и статус не ниже DRAFT_ACCEPTED; FoodSafety получает точный blob/version.",OPEN
OCD-0032,VKM-007,Бородинский хлеб,YIELD_AND_TOLERANCE,"Установить целевой выход, фактические потери и допустимые отклонения.",A: принять проектный выход после измерений; B: заменить измеренным выходом/допуском; C: назначить дополнительную серию.,"B — взвесить входы, отходы, полуфабрикаты и финальный выход минимум в одной документированной серии; допуск выводить из измерений, не назначать заранее.",EVD-0005;EVD-0008,Фактический выход меняет стоимость порции.,"Влияет на цену, food cost и маржу.",Недостоверный выход мешает валидировать порционирование и режим.,Влияет на размер партии и число циклов.,Chef / Operations,Контрольная форма заполнена фактическими массами; арифметика reconciled; Chef утвердил выход и допуск; новая версия связана с recipe blob.,OPEN
OCD-0033,VKM-007,Бородинский хлеб,SEMI_FINISHED_STRUCTURE,"Зафиксировать состав, вариант партии и повторное использование каждого связанного полуфабриката.",A: единая общая формула; B: отдельные варианты с технологическим основанием; C: покупной компонент с точным SKU.,A для реально одинаковых заготовок; B только при документированном технологическом различии; C только после фиксации SKU и спецификации.,EVD-0009;EVD-0007;EVD-0008,Устраняет двойной учёт и определяет стоимость VSF.,Меняет полный COGS и ценовой коридор.,"Точный процесс/SKU нужен для аллергенов, хранения и прослеживаемости.","Определяет объём партии, хранение, тару и циклы.",Chef / Procurement,"Chef утвердил VSF mapping и variant; выбранный вариант имеет формулу, фактический/принятый выход и правило single-count; при C приложена спецификация SKU.",OPEN
OCD-0034,VKM-007,Бородинский хлеб,PROCESS_AND_ORGANOLEPTIC,"Утвердить последовательность, фактическое время, подачу и измеримые органолептические критерии.",A: принять проект после проработки; B: скорректировать процесс/подачу; C: отклонить результат и повторить.,"B — выполнить проработку, записать фактические время и наблюдения по внешнему виду, цвету, запаху, вкусу и текстуре; решение не заполнять до испытания.",EVD-0010;EVD-0011;EVD-0030,Время и операции меняют трудоёмкость и расход ресурсов.,Влияет на минимальную цену и пропускную способность канала.,Процесс должен пройти повторный FoodSafety review.,"Фиксирует оборудование, время цикла и число партий.",Chef,Заполнен протокол проработки; Chef вынес APPROVED/REWORK/REJECTED; критерии и допустимые отклонения связаны с точной recipe version.,OPEN
OCD-0035,VKM-007,Бородинский хлеб,STORAGE_REALIZATION_GATE,Определить фактический маршрут по каналам и передать его на version-locked FoodSafety/ППК решение по хранению и реализации.,A: только немедленная подача; B: хранение/охлаждение/разогрев; C: доставка/навынос; допускается документированная комбинация.,"Сначала выбрать только реально планируемые маршруты; затем FoodSafety/ППК устанавливает доказанные режимы по точной рецептуре, SKU и процессу. До этого сохранять BLOCK.",EVD-0013;EVD-0014;EVD-FS-001;EVD-FS-003,"Может добавить упаковку, списания и контроль.",Меняет переменные расходы и цену по каналу.,"Прямо определяет safety veto, маркировку и контрольные точки.","Может потребовать охлаждение, хранение, термоконтроль и отдельные мощности.",Chef / Owner / FoodSafety / ППК,Маршрут утверждён Owner/Chef; exact recipe/SKU/process переданы FoodSafety; получено документированное version-locked решение температур/сроков/CCP и повторный review снимает либо сохраняет veto.,OPEN
OCD-0036,VKM-008,Бриошь,RECIPE_FREEZE,"Принять, скорректировать или отклонить построчную рецептуру 0.1.0-DRAFT.",A: принять проект без изменений после контрольной серии; B: скорректировать нормы/состав через Change Request; C: отклонить и разработать новую версию.,"B — провести контрольную серию, зафиксировать отклонения и выпустить versioned Change Request до Chef freeze.",EVD-0007;EVD-0008,Меняет нормы и полный COGS.,Меняет нижнюю границу проектной цены и food cost.,Без frozen exact-SKU recipe safety-профиль нельзя разблокировать.,"Меняет операции, загрузку и требуемый инвентарь.",Chef,"Подписан versioned Chef decision; все строки имеют принятое значение, источник и статус не ниже DRAFT_ACCEPTED; FoodSafety получает точный blob/version.",OPEN
OCD-0037,VKM-008,Бриошь,YIELD_AND_TOLERANCE,"Установить целевой выход, фактические потери и допустимые отклонения.",A: принять проектный выход после измерений; B: заменить измеренным выходом/допуском; C: назначить дополнительную серию.,"B — взвесить входы, отходы, полуфабрикаты и финальный выход минимум в одной документированной серии; допуск выводить из измерений, не назначать заранее.",EVD-0005;EVD-0008,Фактический выход меняет стоимость порции.,"Влияет на цену, food cost и маржу.",Недостоверный выход мешает валидировать порционирование и режим.,Влияет на размер партии и число циклов.,Chef / Operations,Контрольная форма заполнена фактическими массами; арифметика reconciled; Chef утвердил выход и допуск; новая версия связана с recipe blob.,OPEN
OCD-0038,VKM-008,Бриошь,SEMI_FINISHED_STRUCTURE,"Зафиксировать состав, вариант партии и повторное использование каждого связанного полуфабриката.",A: единая общая формула; B: отдельные варианты с технологическим основанием; C: покупной компонент с точным SKU.,A для реально одинаковых заготовок; B только при документированном технологическом различии; C только после фиксации SKU и спецификации.,EVD-0009;EVD-0007;EVD-0008,Устраняет двойной учёт и определяет стоимость VSF.,Меняет полный COGS и ценовой коридор.,"Точный процесс/SKU нужен для аллергенов, хранения и прослеживаемости.","Определяет объём партии, хранение, тару и циклы.",Chef / Procurement,"Chef утвердил VSF mapping и variant; выбранный вариант имеет формулу, фактический/принятый выход и правило single-count; при C приложена спецификация SKU.",OPEN
OCD-0039,VKM-008,Бриошь,PROCESS_AND_ORGANOLEPTIC,"Утвердить последовательность, фактическое время, подачу и измеримые органолептические критерии.",A: принять проект после проработки; B: скорректировать процесс/подачу; C: отклонить результат и повторить.,"B — выполнить проработку, записать фактические время и наблюдения по внешнему виду, цвету, запаху, вкусу и текстуре; решение не заполнять до испытания.",EVD-0010;EVD-0011;EVD-0030,Время и операции меняют трудоёмкость и расход ресурсов.,Влияет на минимальную цену и пропускную способность канала.,Процесс должен пройти повторный FoodSafety review.,"Фиксирует оборудование, время цикла и число партий.",Chef,Заполнен протокол проработки; Chef вынес APPROVED/REWORK/REJECTED; критерии и допустимые отклонения связаны с точной recipe version.,OPEN
OCD-0040,VKM-008,Бриошь,STORAGE_REALIZATION_GATE,Определить фактический маршрут по каналам и передать его на version-locked FoodSafety/ППК решение по хранению и реализации.,A: только немедленная подача; B: хранение/охлаждение/разогрев; C: доставка/навынос; допускается документированная комбинация.,"Сначала выбрать только реально планируемые маршруты; затем FoodSafety/ППК устанавливает доказанные режимы по точной рецептуре, SKU и процессу. До этого сохранять BLOCK.",EVD-0013;EVD-0014;EVD-FS-001;EVD-FS-003,"Может добавить упаковку, списания и контроль.",Меняет переменные расходы и цену по каналу.,"Прямо определяет safety veto, маркировку и контрольные точки.","Может потребовать охлаждение, хранение, термоконтроль и отдельные мощности.",Chef / Owner / FoodSafety / ППК,Маршрут утверждён Owner/Chef; exact recipe/SKU/process переданы FoodSafety; получено документированное version-locked решение температур/сроков/CCP и повторный review снимает либо сохраняет veto.,OPEN
OCD-0041,VKM-009,Буррата с томатами,RECIPE_FREEZE,"Принять, скорректировать или отклонить построчную рецептуру 0.1.0-DRAFT.",A: принять проект без изменений после контрольной серии; B: скорректировать нормы/состав через Change Request; C: отклонить и разработать новую версию.,"B — провести контрольную серию, зафиксировать отклонения и выпустить versioned Change Request до Chef freeze.",EVD-0007;EVD-0008,Меняет нормы и полный COGS.,Меняет нижнюю границу проектной цены и food cost.,Без frozen exact-SKU recipe safety-профиль нельзя разблокировать.,"Меняет операции, загрузку и требуемый инвентарь.",Chef,"Подписан versioned Chef decision; все строки имеют принятое значение, источник и статус не ниже DRAFT_ACCEPTED; FoodSafety получает точный blob/version.",OPEN
OCD-0042,VKM-009,Буррата с томатами,YIELD_AND_TOLERANCE,"Установить целевой выход, фактические потери и допустимые отклонения.",A: принять проектный выход после измерений; B: заменить измеренным выходом/допуском; C: назначить дополнительную серию.,"B — взвесить входы, отходы, полуфабрикаты и финальный выход минимум в одной документированной серии; допуск выводить из измерений, не назначать заранее.",EVD-0005;EVD-0008,Фактический выход меняет стоимость порции.,"Влияет на цену, food cost и маржу.",Недостоверный выход мешает валидировать порционирование и режим.,Влияет на размер партии и число циклов.,Chef / Operations,Контрольная форма заполнена фактическими массами; арифметика reconciled; Chef утвердил выход и допуск; новая версия связана с recipe blob.,OPEN
OCD-0043,VKM-009,Буррата с томатами,SEMI_FINISHED_STRUCTURE,"Зафиксировать состав, вариант партии и повторное использование каждого связанного полуфабриката.",A: единая общая формула; B: отдельные варианты с технологическим основанием; C: покупной компонент с точным SKU.,A для реально одинаковых заготовок; B только при документированном технологическом различии; C только после фиксации SKU и спецификации.,EVD-0009;EVD-0007;EVD-0008,Устраняет двойной учёт и определяет стоимость VSF.,Меняет полный COGS и ценовой коридор.,"Точный процесс/SKU нужен для аллергенов, хранения и прослеживаемости.","Определяет объём партии, хранение, тару и циклы.",Chef / Procurement,"Chef утвердил VSF mapping и variant; выбранный вариант имеет формулу, фактический/принятый выход и правило single-count; при C приложена спецификация SKU.",OPEN
OCD-0044,VKM-009,Буррата с томатами,PROCESS_AND_ORGANOLEPTIC,"Утвердить последовательность, фактическое время, подачу и измеримые органолептические критерии.",A: принять проект после проработки; B: скорректировать процесс/подачу; C: отклонить результат и повторить.,"B — выполнить проработку, записать фактические время и наблюдения по внешнему виду, цвету, запаху, вкусу и текстуре; решение не заполнять до испытания.",EVD-0010;EVD-0011;EVD-0030,Время и операции меняют трудоёмкость и расход ресурсов.,Влияет на минимальную цену и пропускную способность канала.,Процесс должен пройти повторный FoodSafety review.,"Фиксирует оборудование, время цикла и число партий.",Chef,Заполнен протокол проработки; Chef вынес APPROVED/REWORK/REJECTED; критерии и допустимые отклонения связаны с точной recipe version.,OPEN
OCD-0045,VKM-009,Буррата с томатами,STORAGE_REALIZATION_GATE,Определить фактический маршрут по каналам и передать его на version-locked FoodSafety/ППК решение по хранению и реализации.,A: только немедленная подача; B: хранение/охлаждение/разогрев; C: доставка/навынос; допускается документированная комбинация.,"Сначала выбрать только реально планируемые маршруты; затем FoodSafety/ППК устанавливает доказанные режимы по точной рецептуре, SKU и процессу. До этого сохранять BLOCK.",EVD-0013;EVD-0014;EVD-FS-001;EVD-FS-003,"Может добавить упаковку, списания и контроль.",Меняет переменные расходы и цену по каналу.,"Прямо определяет safety veto, маркировку и контрольные точки.","Может потребовать охлаждение, хранение, термоконтроль и отдельные мощности.",Chef / Owner / FoodSafety / ППК,Маршрут утверждён Owner/Chef; exact recipe/SKU/process переданы FoodSafety; получено документированное version-locked решение температур/сроков/CCP и повторный review снимает либо сохраняет veto.,OPEN
OCD-0046,VKM-010,Микс-салат с креветками и яблоком,RECIPE_FREEZE,"Принять, скорректировать или отклонить построчную рецептуру 0.1.0-DRAFT.",A: принять проект без изменений после контрольной серии; B: скорректировать нормы/состав через Change Request; C: отклонить и разработать новую версию.,"B — провести контрольную серию, зафиксировать отклонения и выпустить versioned Change Request до Chef freeze.",EVD-0007;EVD-0008,Меняет нормы и полный COGS.,Меняет нижнюю границу проектной цены и food cost.,Без frozen exact-SKU recipe safety-профиль нельзя разблокировать.,"Меняет операции, загрузку и требуемый инвентарь.",Chef,"Подписан versioned Chef decision; все строки имеют принятое значение, источник и статус не ниже DRAFT_ACCEPTED; FoodSafety получает точный blob/version.",OPEN
OCD-0047,VKM-010,Микс-салат с креветками и яблоком,YIELD_AND_TOLERANCE,"Установить целевой выход, фактические потери и допустимые отклонения.",A: принять проектный выход после измерений; B: заменить измеренным выходом/допуском; C: назначить дополнительную серию.,"B — взвесить входы, отходы, полуфабрикаты и финальный выход минимум в одной документированной серии; допуск выводить из измерений, не назначать заранее.",EVD-0005;EVD-0008,Фактический выход меняет стоимость порции.,"Влияет на цену, food cost и маржу.",Недостоверный выход мешает валидировать порционирование и режим.,Влияет на размер партии и число циклов.,Chef / Operations,Контрольная форма заполнена фактическими массами; арифметика reconciled; Chef утвердил выход и допуск; новая версия связана с recipe blob.,OPEN
OCD-0048,VKM-010,Микс-салат с креветками и яблоком,SEMI_FINISHED_STRUCTURE,"Зафиксировать состав, вариант партии и повторное использование каждого связанного полуфабриката.",A: единая общая формула; B: отдельные варианты с технологическим основанием; C: покупной компонент с точным SKU.,A для реально одинаковых заготовок; B только при документированном технологическом различии; C только после фиксации SKU и спецификации.,EVD-0009;EVD-0007;EVD-0008,Устраняет двойной учёт и определяет стоимость VSF.,Меняет полный COGS и ценовой коридор.,"Точный процесс/SKU нужен для аллергенов, хранения и прослеживаемости.","Определяет объём партии, хранение, тару и циклы.",Chef / Procurement,"Chef утвердил VSF mapping и variant; выбранный вариант имеет формулу, фактический/принятый выход и правило single-count; при C приложена спецификация SKU.",OPEN
OCD-0049,VKM-010,Микс-салат с креветками и яблоком,PROCESS_AND_ORGANOLEPTIC,"Утвердить последовательность, фактическое время, подачу и измеримые органолептические критерии.",A: принять проект после проработки; B: скорректировать процесс/подачу; C: отклонить результат и повторить.,"B — выполнить проработку, записать фактические время и наблюдения по внешнему виду, цвету, запаху, вкусу и текстуре; решение не заполнять до испытания.",EVD-0010;EVD-0011;EVD-0030,Время и операции меняют трудоёмкость и расход ресурсов.,Влияет на минимальную цену и пропускную способность канала.,Процесс должен пройти повторный FoodSafety review.,"Фиксирует оборудование, время цикла и число партий.",Chef,Заполнен протокол проработки; Chef вынес APPROVED/REWORK/REJECTED; критерии и допустимые отклонения связаны с точной recipe version.,OPEN
OCD-0050,VKM-010,Микс-салат с креветками и яблоком,STORAGE_REALIZATION_GATE,Определить фактический маршрут по каналам и передать его на version-locked FoodSafety/ППК решение по хранению и реализации.,A: только немедленная подача; B: хранение/охлаждение/разогрев; C: доставка/навынос; допускается документированная комбинация.,"Сначала выбрать только реально планируемые маршруты; затем FoodSafety/ППК устанавливает доказанные режимы по точной рецептуре, SKU и процессу. До этого сохранять BLOCK.",EVD-0013;EVD-0014;EVD-FS-001;EVD-FS-003,"Может добавить упаковку, списания и контроль.",Меняет переменные расходы и цену по каналу.,"Прямо определяет safety veto, маркировку и контрольные точки.","Может потребовать охлаждение, хранение, термоконтроль и отдельные мощности.",Chef / Owner / FoodSafety / ППК,Маршрут утверждён Owner/Chef; exact recipe/SKU/process переданы FoodSafety; получено документированное version-locked решение температур/сроков/CCP и повторный review снимает либо сохраняет veto.,OPEN
OCD-0051,VKM-011,Греческий,RECIPE_FREEZE,"Принять, скорректировать или отклонить построчную рецептуру 0.1.0-DRAFT.",A: принять проект без изменений после контрольной серии; B: скорректировать нормы/состав через Change Request; C: отклонить и разработать новую версию.,"B — провести контрольную серию, зафиксировать отклонения и выпустить versioned Change Request до Chef freeze.",EVD-0007;EVD-0008,Меняет нормы и полный COGS.,Меняет нижнюю границу проектной цены и food cost.,Без frozen exact-SKU recipe safety-профиль нельзя разблокировать.,"Меняет операции, загрузку и требуемый инвентарь.",Chef,"Подписан versioned Chef decision; все строки имеют принятое значение, источник и статус не ниже DRAFT_ACCEPTED; FoodSafety получает точный blob/version.",OPEN
OCD-0052,VKM-011,Греческий,YIELD_AND_TOLERANCE,"Установить целевой выход, фактические потери и допустимые отклонения.",A: принять проектный выход после измерений; B: заменить измеренным выходом/допуском; C: назначить дополнительную серию.,"B — взвесить входы, отходы, полуфабрикаты и финальный выход минимум в одной документированной серии; допуск выводить из измерений, не назначать заранее.",EVD-0005;EVD-0008,Фактический выход меняет стоимость порции.,"Влияет на цену, food cost и маржу.",Недостоверный выход мешает валидировать порционирование и режим.,Влияет на размер партии и число циклов.,Chef / Operations,Контрольная форма заполнена фактическими массами; арифметика reconciled; Chef утвердил выход и допуск; новая версия связана с recipe blob.,OPEN
OCD-0053,VKM-011,Греческий,SEMI_FINISHED_STRUCTURE,"Зафиксировать состав, вариант партии и повторное использование каждого связанного полуфабриката.",A: единая общая формула; B: отдельные варианты с технологическим основанием; C: покупной компонент с точным SKU.,A для реально одинаковых заготовок; B только при документированном технологическом различии; C только после фиксации SKU и спецификации.,EVD-0009;EVD-0007;EVD-0008,Устраняет двойной учёт и определяет стоимость VSF.,Меняет полный COGS и ценовой коридор.,"Точный процесс/SKU нужен для аллергенов, хранения и прослеживаемости.","Определяет объём партии, хранение, тару и циклы.",Chef / Procurement,"Chef утвердил VSF mapping и variant; выбранный вариант имеет формулу, фактический/принятый выход и правило single-count; при C приложена спецификация SKU.",OPEN
OCD-0054,VKM-011,Греческий,PROCESS_AND_ORGANOLEPTIC,"Утвердить последовательность, фактическое время, подачу и измеримые органолептические критерии.",A: принять проект после проработки; B: скорректировать процесс/подачу; C: отклонить результат и повторить.,"B — выполнить проработку, записать фактические время и наблюдения по внешнему виду, цвету, запаху, вкусу и текстуре; решение не заполнять до испытания.",EVD-0010;EVD-0011;EVD-0030,Время и операции меняют трудоёмкость и расход ресурсов.,Влияет на минимальную цену и пропускную способность канала.,Процесс должен пройти повторный FoodSafety review.,"Фиксирует оборудование, время цикла и число партий.",Chef,Заполнен протокол проработки; Chef вынес APPROVED/REWORK/REJECTED; критерии и допустимые отклонения связаны с точной recipe version.,OPEN
OCD-0055,VKM-011,Греческий,STORAGE_REALIZATION_GATE,Определить фактический маршрут по каналам и передать его на version-locked FoodSafety/ППК решение по хранению и реализации.,A: только немедленная подача; B: хранение/охлаждение/разогрев; C: доставка/навынос; допускается документированная комбинация.,"Сначала выбрать только реально планируемые маршруты; затем FoodSafety/ППК устанавливает доказанные режимы по точной рецептуре, SKU и процессу. До этого сохранять BLOCK.",EVD-0013;EVD-0014;EVD-FS-001;EVD-FS-003,"Может добавить упаковку, списания и контроль.",Меняет переменные расходы и цену по каналу.,"Прямо определяет safety veto, маркировку и контрольные точки.","Может потребовать охлаждение, хранение, термоконтроль и отдельные мощности.",Chef / Owner / FoodSafety / ППК,Маршрут утверждён Owner/Chef; exact recipe/SKU/process переданы FoodSafety; получено документированное version-locked решение температур/сроков/CCP и повторный review снимает либо сохраняет veto.,OPEN
OCD-0056,VKM-012,Винегрет,RECIPE_FREEZE,"Принять, скорректировать или отклонить построчную рецептуру 0.1.0-DRAFT.",A: принять проект без изменений после контрольной серии; B: скорректировать нормы/состав через Change Request; C: отклонить и разработать новую версию.,"B — провести контрольную серию, зафиксировать отклонения и выпустить versioned Change Request до Chef freeze.",EVD-0007;EVD-0008,Меняет нормы и полный COGS.,Меняет нижнюю границу проектной цены и food cost.,Без frozen exact-SKU recipe safety-профиль нельзя разблокировать.,"Меняет операции, загрузку и требуемый инвентарь.",Chef,"Подписан versioned Chef decision; все строки имеют принятое значение, источник и статус не ниже DRAFT_ACCEPTED; FoodSafety получает точный blob/version.",OPEN
OCD-0057,VKM-012,Винегрет,YIELD_AND_TOLERANCE,"Установить целевой выход, фактические потери и допустимые отклонения.",A: принять проектный выход после измерений; B: заменить измеренным выходом/допуском; C: назначить дополнительную серию.,"B — взвесить входы, отходы, полуфабрикаты и финальный выход минимум в одной документированной серии; допуск выводить из измерений, не назначать заранее.",EVD-0005;EVD-0008,Фактический выход меняет стоимость порции.,"Влияет на цену, food cost и маржу.",Недостоверный выход мешает валидировать порционирование и режим.,Влияет на размер партии и число циклов.,Chef / Operations,Контрольная форма заполнена фактическими массами; арифметика reconciled; Chef утвердил выход и допуск; новая версия связана с recipe blob.,OPEN
OCD-0058,VKM-012,Винегрет,SEMI_FINISHED_STRUCTURE,"Зафиксировать состав, вариант партии и повторное использование каждого связанного полуфабриката.",A: единая общая формула; B: отдельные варианты с технологическим основанием; C: покупной компонент с точным SKU.,A для реально одинаковых заготовок; B только при документированном технологическом различии; C только после фиксации SKU и спецификации.,EVD-0009;EVD-0007;EVD-0008,Устраняет двойной учёт и определяет стоимость VSF.,Меняет полный COGS и ценовой коридор.,"Точный процесс/SKU нужен для аллергенов, хранения и прослеживаемости.","Определяет объём партии, хранение, тару и циклы.",Chef / Procurement,"Chef утвердил VSF mapping и variant; выбранный вариант имеет формулу, фактический/принятый выход и правило single-count; при C приложена спецификация SKU.",OPEN
OCD-0059,VKM-012,Винегрет,PROCESS_AND_ORGANOLEPTIC,"Утвердить последовательность, фактическое время, подачу и измеримые органолептические критерии.",A: принять проект после проработки; B: скорректировать процесс/подачу; C: отклонить результат и повторить.,"B — выполнить проработку, записать фактические время и наблюдения по внешнему виду, цвету, запаху, вкусу и текстуре; решение не заполнять до испытания.",EVD-0010;EVD-0011;EVD-0030,Время и операции меняют трудоёмкость и расход ресурсов.,Влияет на минимальную цену и пропускную способность канала.,Процесс должен пройти повторный FoodSafety review.,"Фиксирует оборудование, время цикла и число партий.",Chef,Заполнен протокол проработки; Chef вынес APPROVED/REWORK/REJECTED; критерии и допустимые отклонения связаны с точной recipe version.,OPEN
OCD-0060,VKM-012,Винегрет,STORAGE_REALIZATION_GATE,Определить фактический маршрут по каналам и передать его на version-locked FoodSafety/ППК решение по хранению и реализации.,A: только немедленная подача; B: хранение/охлаждение/разогрев; C: доставка/навынос; допускается документированная комбинация.,"Сначала выбрать только реально планируемые маршруты; затем FoodSafety/ППК устанавливает доказанные режимы по точной рецептуре, SKU и процессу. До этого сохранять BLOCK.",EVD-0013;EVD-0014;EVD-FS-001;EVD-FS-003,"Может добавить упаковку, списания и контроль.",Меняет переменные расходы и цену по каналу.,"Прямо определяет safety veto, маркировку и контрольные точки.","Может потребовать охлаждение, хранение, термоконтроль и отдельные мощности.",Chef / Owner / FoodSafety / ППК,Маршрут утверждён Owner/Chef; exact recipe/SKU/process переданы FoodSafety; получено документированное version-locked решение температур/сроков/CCP и повторный review снимает либо сохраняет veto.,OPEN
OCD-0061,VKM-013,Слабосолёный лосось,RECIPE_FREEZE,"Принять, скорректировать или отклонить построчную рецептуру 0.1.0-DRAFT.",A: принять проект без изменений после контрольной серии; B: скорректировать нормы/состав через Change Request; C: отклонить и разработать новую версию.,"B — провести контрольную серию, зафиксировать отклонения и выпустить versioned Change Request до Chef freeze.",EVD-0007;EVD-0008,Меняет нормы и полный COGS.,Меняет нижнюю границу проектной цены и food cost.,Без frozen exact-SKU recipe safety-профиль нельзя разблокировать.,"Меняет операции, загрузку и требуемый инвентарь.",Chef,"Подписан versioned Chef decision; все строки имеют принятое значение, источник и статус не ниже DRAFT_ACCEPTED; FoodSafety получает точный blob/version.",OPEN
OCD-0062,VKM-013,Слабосолёный лосось,YIELD_AND_TOLERANCE,"Установить целевой выход, фактические потери и допустимые отклонения.",A: принять проектный выход после измерений; B: заменить измеренным выходом/допуском; C: назначить дополнительную серию.,"B — взвесить входы, отходы, полуфабрикаты и финальный выход минимум в одной документированной серии; допуск выводить из измерений, не назначать заранее.",EVD-0005;EVD-0008,Фактический выход меняет стоимость порции.,"Влияет на цену, food cost и маржу.",Недостоверный выход мешает валидировать порционирование и режим.,Влияет на размер партии и число циклов.,Chef / Operations,Контрольная форма заполнена фактическими массами; арифметика reconciled; Chef утвердил выход и допуск; новая версия связана с recipe blob.,OPEN
OCD-0063,VKM-013,Слабосолёный лосось,SEMI_FINISHED_STRUCTURE,"Зафиксировать состав, вариант партии и повторное использование каждого связанного полуфабриката.",A: единая общая формула; B: отдельные варианты с технологическим основанием; C: покупной компонент с точным SKU.,A для реально одинаковых заготовок; B только при документированном технологическом различии; C только после фиксации SKU и спецификации.,EVD-0009;EVD-0007;EVD-0008,Устраняет двойной учёт и определяет стоимость VSF.,Меняет полный COGS и ценовой коридор.,"Точный процесс/SKU нужен для аллергенов, хранения и прослеживаемости.","Определяет объём партии, хранение, тару и циклы.",Chef / Procurement,"Chef утвердил VSF mapping и variant; выбранный вариант имеет формулу, фактический/принятый выход и правило single-count; при C приложена спецификация SKU.",OPEN
OCD-0064,VKM-013,Слабосолёный лосось,PROCESS_AND_ORGANOLEPTIC,"Утвердить последовательность, фактическое время, подачу и измеримые органолептические критерии.",A: принять проект после проработки; B: скорректировать процесс/подачу; C: отклонить результат и повторить.,"B — выполнить проработку, записать фактические время и наблюдения по внешнему виду, цвету, запаху, вкусу и текстуре; решение не заполнять до испытания.",EVD-0010;EVD-0011;EVD-0030,Время и операции меняют трудоёмкость и расход ресурсов.,Влияет на минимальную цену и пропускную способность канала.,Процесс должен пройти повторный FoodSafety review.,"Фиксирует оборудование, время цикла и число партий.",Chef,Заполнен протокол проработки; Chef вынес APPROVED/REWORK/REJECTED; критерии и допустимые отклонения связаны с точной recipe version.,OPEN
OCD-0065,VKM-013,Слабосолёный лосось,STORAGE_REALIZATION_GATE,Определить фактический маршрут по каналам и передать его на version-locked FoodSafety/ППК решение по хранению и реализации.,A: только немедленная подача; B: хранение/охлаждение/разогрев; C: доставка/навынос; допускается документированная комбинация.,"Сначала выбрать только реально планируемые маршруты; затем FoodSafety/ППК устанавливает доказанные режимы по точной рецептуре, SKU и процессу. До этого сохранять BLOCK.",EVD-0013;EVD-0014;EVD-FS-001;EVD-FS-003,"Может добавить упаковку, списания и контроль.",Меняет переменные расходы и цену по каналу.,"Прямо определяет safety veto, маркировку и контрольные точки.","Может потребовать охлаждение, хранение, термоконтроль и отдельные мощности.",Chef / Owner / FoodSafety / ППК,Маршрут утверждён Owner/Chef; exact recipe/SKU/process переданы FoodSafety; получено документированное version-locked решение температур/сроков/CCP и повторный review снимает либо сохраняет veto.,OPEN
OCD-0066,VKM-014,Сельдь с запечённым картофелем,RECIPE_FREEZE,"Принять, скорректировать или отклонить построчную рецептуру 0.1.0-DRAFT.",A: принять проект без изменений после контрольной серии; B: скорректировать нормы/состав через Change Request; C: отклонить и разработать новую версию.,"B — провести контрольную серию, зафиксировать отклонения и выпустить versioned Change Request до Chef freeze.",EVD-0007;EVD-0008,Меняет нормы и полный COGS.,Меняет нижнюю границу проектной цены и food cost.,Без frozen exact-SKU recipe safety-профиль нельзя разблокировать.,"Меняет операции, загрузку и требуемый инвентарь.",Chef,"Подписан versioned Chef decision; все строки имеют принятое значение, источник и статус не ниже DRAFT_ACCEPTED; FoodSafety получает точный blob/version.",OPEN
OCD-0067,VKM-014,Сельдь с запечённым картофелем,YIELD_AND_TOLERANCE,"Установить целевой выход, фактические потери и допустимые отклонения.",A: принять проектный выход после измерений; B: заменить измеренным выходом/допуском; C: назначить дополнительную серию.,"B — взвесить входы, отходы, полуфабрикаты и финальный выход минимум в одной документированной серии; допуск выводить из измерений, не назначать заранее.",EVD-0005;EVD-0008,Фактический выход меняет стоимость порции.,"Влияет на цену, food cost и маржу.",Недостоверный выход мешает валидировать порционирование и режим.,Влияет на размер партии и число циклов.,Chef / Operations,Контрольная форма заполнена фактическими массами; арифметика reconciled; Chef утвердил выход и допуск; новая версия связана с recipe blob.,OPEN
OCD-0068,VKM-014,Сельдь с запечённым картофелем,SEMI_FINISHED_STRUCTURE,"Зафиксировать состав, вариант партии и повторное использование каждого связанного полуфабриката.",A: единая общая формула; B: отдельные варианты с технологическим основанием; C: покупной компонент с точным SKU.,A для реально одинаковых заготовок; B только при документированном технологическом различии; C только после фиксации SKU и спецификации.,EVD-0009;EVD-0007;EVD-0008,Устраняет двойной учёт и определяет стоимость VSF.,Меняет полный COGS и ценовой коридор.,"Точный процесс/SKU нужен для аллергенов, хранения и прослеживаемости.","Определяет объём партии, хранение, тару и циклы.",Chef / Procurement,"Chef утвердил VSF mapping и variant; выбранный вариант имеет формулу, фактический/принятый выход и правило single-count; при C приложена спецификация SKU.",OPEN
OCD-0069,VKM-014,Сельдь с запечённым картофелем,PROCESS_AND_ORGANOLEPTIC,"Утвердить последовательность, фактическое время, подачу и измеримые органолептические критерии.",A: принять проект после проработки; B: скорректировать процесс/подачу; C: отклонить результат и повторить.,"B — выполнить проработку, записать фактические время и наблюдения по внешнему виду, цвету, запаху, вкусу и текстуре; решение не заполнять до испытания.",EVD-0010;EVD-0011;EVD-0030,Время и операции меняют трудоёмкость и расход ресурсов.,Влияет на минимальную цену и пропускную способность канала.,Процесс должен пройти повторный FoodSafety review.,"Фиксирует оборудование, время цикла и число партий.",Chef,Заполнен протокол проработки; Chef вынес APPROVED/REWORK/REJECTED; критерии и допустимые отклонения связаны с точной recipe version.,OPEN
OCD-0070,VKM-014,Сельдь с запечённым картофелем,STORAGE_REALIZATION_GATE,Определить фактический маршрут по каналам и передать его на version-locked FoodSafety/ППК решение по хранению и реализации.,A: только немедленная подача; B: хранение/охлаждение/разогрев; C: доставка/навынос; допускается документированная комбинация.,"Сначала выбрать только реально планируемые маршруты; затем FoodSafety/ППК устанавливает доказанные режимы по точной рецептуре, SKU и процессу. До этого сохранять BLOCK.",EVD-0013;EVD-0014;EVD-FS-001;EVD-FS-003,"Может добавить упаковку, списания и контроль.",Меняет переменные расходы и цену по каналу.,"Прямо определяет safety veto, маркировку и контрольные точки.","Может потребовать охлаждение, хранение, термоконтроль и отдельные мощности.",Chef / Owner / FoodSafety / ППК,Маршрут утверждён Owner/Chef; exact recipe/SKU/process переданы FoodSafety; получено документированное version-locked решение температур/сроков/CCP и повторный review снимает либо сохраняет veto.,OPEN
OCD-0071,VKM-015,Оливки и маслины,RECIPE_FREEZE,"Принять, скорректировать или отклонить построчную рецептуру 0.1.0-DRAFT.",A: принять проект без изменений после контрольной серии; B: скорректировать нормы/состав через Change Request; C: отклонить и разработать новую версию.,"B — провести контрольную серию, зафиксировать отклонения и выпустить versioned Change Request до Chef freeze.",EVD-0007;EVD-0008,Меняет нормы и полный COGS.,Меняет нижнюю границу проектной цены и food cost.,Без frozen exact-SKU recipe safety-профиль нельзя разблокировать.,"Меняет операции, загрузку и требуемый инвентарь.",Chef,"Подписан versioned Chef decision; все строки имеют принятое значение, источник и статус не ниже DRAFT_ACCEPTED; FoodSafety получает точный blob/version.",OPEN
OCD-0072,VKM-015,Оливки и маслины,YIELD_AND_TOLERANCE,"Установить целевой выход, фактические потери и допустимые отклонения.",A: принять проектный выход после измерений; B: заменить измеренным выходом/допуском; C: назначить дополнительную серию.,"B — взвесить входы, отходы, полуфабрикаты и финальный выход минимум в одной документированной серии; допуск выводить из измерений, не назначать заранее.",EVD-0005;EVD-0008,Фактический выход меняет стоимость порции.,"Влияет на цену, food cost и маржу.",Недостоверный выход мешает валидировать порционирование и режим.,Влияет на размер партии и число циклов.,Chef / Operations,Контрольная форма заполнена фактическими массами; арифметика reconciled; Chef утвердил выход и допуск; новая версия связана с recipe blob.,OPEN
OCD-0073,VKM-015,Оливки и маслины,SEMI_FINISHED_STRUCTURE,"Зафиксировать состав, вариант партии и повторное использование каждого связанного полуфабриката.",A: единая общая формула; B: отдельные варианты с технологическим основанием; C: покупной компонент с точным SKU.,A для реально одинаковых заготовок; B только при документированном технологическом различии; C только после фиксации SKU и спецификации.,EVD-0009;EVD-0007;EVD-0008,Устраняет двойной учёт и определяет стоимость VSF.,Меняет полный COGS и ценовой коридор.,"Точный процесс/SKU нужен для аллергенов, хранения и прослеживаемости.","Определяет объём партии, хранение, тару и циклы.",Chef / Procurement,"Chef утвердил VSF mapping и variant; выбранный вариант имеет формулу, фактический/принятый выход и правило single-count; при C приложена спецификация SKU.",OPEN
OCD-0074,VKM-015,Оливки и маслины,PROCESS_AND_ORGANOLEPTIC,"Утвердить последовательность, фактическое время, подачу и измеримые органолептические критерии.",A: принять проект после проработки; B: скорректировать процесс/подачу; C: отклонить результат и повторить.,"B — выполнить проработку, записать фактические время и наблюдения по внешнему виду, цвету, запаху, вкусу и текстуре; решение не заполнять до испытания.",EVD-0010;EVD-0011;EVD-0030,Время и операции меняют трудоёмкость и расход ресурсов.,Влияет на минимальную цену и пропускную способность канала.,Процесс должен пройти повторный FoodSafety review.,"Фиксирует оборудование, время цикла и число партий.",Chef,Заполнен протокол проработки; Chef вынес APPROVED/REWORK/REJECTED; критерии и допустимые отклонения связаны с точной recipe version.,OPEN
OCD-0075,VKM-015,Оливки и маслины,STORAGE_REALIZATION_GATE,Определить фактический маршрут по каналам и передать его на version-locked FoodSafety/ППК решение по хранению и реализации.,A: только немедленная подача; B: хранение/охлаждение/разогрев; C: доставка/навынос; допускается документированная комбинация.,"Сначала выбрать только реально планируемые маршруты; затем FoodSafety/ППК устанавливает доказанные режимы по точной рецептуре, SKU и процессу. До этого сохранять BLOCK.",EVD-0013;EVD-0014;EVD-FS-001;EVD-FS-003,"Может добавить упаковку, списания и контроль.",Меняет переменные расходы и цену по каналу.,"Прямо определяет safety veto, маркировку и контрольные точки.","Может потребовать охлаждение, хранение, термоконтроль и отдельные мощности.",Chef / Owner / FoodSafety / ППК,Маршрут утверждён Owner/Chef; exact recipe/SKU/process переданы FoodSafety; получено документированное version-locked решение температур/сроков/CCP и повторный review снимает либо сохраняет veto.,OPEN
OCD-0076,VKM-016,Ассорти фирменных солений,RECIPE_FREEZE,"Принять, скорректировать или отклонить построчную рецептуру 0.1.0-DRAFT.",A: принять проект без изменений после контрольной серии; B: скорректировать нормы/состав через Change Request; C: отклонить и разработать новую версию.,"B — провести контрольную серию, зафиксировать отклонения и выпустить versioned Change Request до Chef freeze.",EVD-0007;EVD-0008,Меняет нормы и полный COGS.,Меняет нижнюю границу проектной цены и food cost.,Без frozen exact-SKU recipe safety-профиль нельзя разблокировать.,"Меняет операции, загрузку и требуемый инвентарь.",Chef,"Подписан versioned Chef decision; все строки имеют принятое значение, источник и статус не ниже DRAFT_ACCEPTED; FoodSafety получает точный blob/version.",OPEN
OCD-0077,VKM-016,Ассорти фирменных солений,YIELD_AND_TOLERANCE,"Установить целевой выход, фактические потери и допустимые отклонения.",A: принять проектный выход после измерений; B: заменить измеренным выходом/допуском; C: назначить дополнительную серию.,"B — взвесить входы, отходы, полуфабрикаты и финальный выход минимум в одной документированной серии; допуск выводить из измерений, не назначать заранее.",EVD-0005;EVD-0008,Фактический выход меняет стоимость порции.,"Влияет на цену, food cost и маржу.",Недостоверный выход мешает валидировать порционирование и режим.,Влияет на размер партии и число циклов.,Chef / Operations,Контрольная форма заполнена фактическими массами; арифметика reconciled; Chef утвердил выход и допуск; новая версия связана с recipe blob.,OPEN
OCD-0078,VKM-016,Ассорти фирменных солений,SEMI_FINISHED_STRUCTURE,"Зафиксировать состав, вариант партии и повторное использование каждого связанного полуфабриката.",A: единая общая формула; B: отдельные варианты с технологическим основанием; C: покупной компонент с точным SKU.,A для реально одинаковых заготовок; B только при документированном технологическом различии; C только после фиксации SKU и спецификации.,EVD-0009;EVD-0007;EVD-0008,Устраняет двойной учёт и определяет стоимость VSF.,Меняет полный COGS и ценовой коридор.,"Точный процесс/SKU нужен для аллергенов, хранения и прослеживаемости.","Определяет объём партии, хранение, тару и циклы.",Chef / Procurement,"Chef утвердил VSF mapping и variant; выбранный вариант имеет формулу, фактический/принятый выход и правило single-count; при C приложена спецификация SKU.",OPEN
OCD-0079,VKM-016,Ассорти фирменных солений,PROCESS_AND_ORGANOLEPTIC,"Утвердить последовательность, фактическое время, подачу и измеримые органолептические критерии.",A: принять проект после проработки; B: скорректировать процесс/подачу; C: отклонить результат и повторить.,"B — выполнить проработку, записать фактические время и наблюдения по внешнему виду, цвету, запаху, вкусу и текстуре; решение не заполнять до испытания.",EVD-0010;EVD-0011;EVD-0030,Время и операции меняют трудоёмкость и расход ресурсов.,Влияет на минимальную цену и пропускную способность канала.,Процесс должен пройти повторный FoodSafety review.,"Фиксирует оборудование, время цикла и число партий.",Chef,Заполнен протокол проработки; Chef вынес APPROVED/REWORK/REJECTED; критерии и допустимые отклонения связаны с точной recipe version.,OPEN
OCD-0080,VKM-016,Ассорти фирменных солений,STORAGE_REALIZATION_GATE,Определить фактический маршрут по каналам и передать его на version-locked FoodSafety/ППК решение по хранению и реализации.,A: только немедленная подача; B: хранение/охлаждение/разогрев; C: доставка/навынос; допускается документированная комбинация.,"Сначала выбрать только реально планируемые маршруты; затем FoodSafety/ППК устанавливает доказанные режимы по точной рецептуре, SKU и процессу. До этого сохранять BLOCK.",EVD-0013;EVD-0014;EVD-FS-001;EVD-FS-003,"Может добавить упаковку, списания и контроль.",Меняет переменные расходы и цену по каналу.,"Прямо определяет safety veto, маркировку и контрольные точки.","Может потребовать охлаждение, хранение, термоконтроль и отдельные мощности.",Chef / Owner / FoodSafety / ППК,Маршрут утверждён Owner/Chef; exact recipe/SKU/process переданы FoodSafety; получено документированное version-locked решение температур/сроков/CCP и повторный review снимает либо сохраняет veto.,OPEN
OCD-0081,VKM-017,Ростбиф с луком и гренкой,RECIPE_FREEZE,"Принять, скорректировать или отклонить построчную рецептуру 0.1.0-DRAFT.",A: принять проект без изменений после контрольной серии; B: скорректировать нормы/состав через Change Request; C: отклонить и разработать новую версию.,"B — провести контрольную серию, зафиксировать отклонения и выпустить versioned Change Request до Chef freeze.",EVD-0007;EVD-0008,Меняет нормы и полный COGS.,Меняет нижнюю границу проектной цены и food cost.,Без frozen exact-SKU recipe safety-профиль нельзя разблокировать.,"Меняет операции, загрузку и требуемый инвентарь.",Chef,"Подписан versioned Chef decision; все строки имеют принятое значение, источник и статус не ниже DRAFT_ACCEPTED; FoodSafety получает точный blob/version.",OPEN
OCD-0082,VKM-017,Ростбиф с луком и гренкой,YIELD_AND_TOLERANCE,"Установить целевой выход, фактические потери и допустимые отклонения.",A: принять проектный выход после измерений; B: заменить измеренным выходом/допуском; C: назначить дополнительную серию.,"B — взвесить входы, отходы, полуфабрикаты и финальный выход минимум в одной документированной серии; допуск выводить из измерений, не назначать заранее.",EVD-0005;EVD-0008,Фактический выход меняет стоимость порции.,"Влияет на цену, food cost и маржу.",Недостоверный выход мешает валидировать порционирование и режим.,Влияет на размер партии и число циклов.,Chef / Operations,Контрольная форма заполнена фактическими массами; арифметика reconciled; Chef утвердил выход и допуск; новая версия связана с recipe blob.,OPEN
OCD-0083,VKM-017,Ростбиф с луком и гренкой,SEMI_FINISHED_STRUCTURE,"Зафиксировать состав, вариант партии и повторное использование каждого связанного полуфабриката.",A: единая общая формула; B: отдельные варианты с технологическим основанием; C: покупной компонент с точным SKU.,A для реально одинаковых заготовок; B только при документированном технологическом различии; C только после фиксации SKU и спецификации.,EVD-0009;EVD-0007;EVD-0008,Устраняет двойной учёт и определяет стоимость VSF.,Меняет полный COGS и ценовой коридор.,"Точный процесс/SKU нужен для аллергенов, хранения и прослеживаемости.","Определяет объём партии, хранение, тару и циклы.",Chef / Procurement,"Chef утвердил VSF mapping и variant; выбранный вариант имеет формулу, фактический/принятый выход и правило single-count; при C приложена спецификация SKU.",OPEN
OCD-0084,VKM-017,Ростбиф с луком и гренкой,PROCESS_AND_ORGANOLEPTIC,"Утвердить последовательность, фактическое время, подачу и измеримые органолептические критерии.",A: принять проект после проработки; B: скорректировать процесс/подачу; C: отклонить результат и повторить.,"B — выполнить проработку, записать фактические время и наблюдения по внешнему виду, цвету, запаху, вкусу и текстуре; решение не заполнять до испытания.",EVD-0010;EVD-0011;EVD-0030,Время и операции меняют трудоёмкость и расход ресурсов.,Влияет на минимальную цену и пропускную способность канала.,Процесс должен пройти повторный FoodSafety review.,"Фиксирует оборудование, время цикла и число партий.",Chef,Заполнен протокол проработки; Chef вынес APPROVED/REWORK/REJECTED; критерии и допустимые отклонения связаны с точной recipe version.,OPEN
OCD-0085,VKM-017,Ростбиф с луком и гренкой,STORAGE_REALIZATION_GATE,Определить фактический маршрут по каналам и передать его на version-locked FoodSafety/ППК решение по хранению и реализации.,A: только немедленная подача; B: хранение/охлаждение/разогрев; C: доставка/навынос; допускается документированная комбинация.,"Сначала выбрать только реально планируемые маршруты; затем FoodSafety/ППК устанавливает доказанные режимы по точной рецептуре, SKU и процессу. До этого сохранять BLOCK.",EVD-0013;EVD-0014;EVD-FS-001;EVD-FS-003,"Может добавить упаковку, списания и контроль.",Меняет переменные расходы и цену по каналу.,"Прямо определяет safety veto, маркировку и контрольные точки.","Может потребовать охлаждение, хранение, термоконтроль и отдельные мощности.",Chef / Owner / FoodSafety / ППК,Маршрут утверждён Owner/Chef; exact recipe/SKU/process переданы FoodSafety; получено документированное version-locked решение температур/сроков/CCP и повторный review снимает либо сохраняет veto.,OPEN
OCD-0086,VKM-018,Традиционный красный борщ,RECIPE_FREEZE,"Принять, скорректировать или отклонить построчную рецептуру 0.1.0-DRAFT.",A: принять проект без изменений после контрольной серии; B: скорректировать нормы/состав через Change Request; C: отклонить и разработать новую версию.,"B — провести контрольную серию, зафиксировать отклонения и выпустить versioned Change Request до Chef freeze.",EVD-0007;EVD-0008,Меняет нормы и полный COGS.,Меняет нижнюю границу проектной цены и food cost.,Без frozen exact-SKU recipe safety-профиль нельзя разблокировать.,"Меняет операции, загрузку и требуемый инвентарь.",Chef,"Подписан versioned Chef decision; все строки имеют принятое значение, источник и статус не ниже DRAFT_ACCEPTED; FoodSafety получает точный blob/version.",OPEN
OCD-0087,VKM-018,Традиционный красный борщ,YIELD_AND_TOLERANCE,"Установить целевой выход, фактические потери и допустимые отклонения.",A: принять проектный выход после измерений; B: заменить измеренным выходом/допуском; C: назначить дополнительную серию.,"B — взвесить входы, отходы, полуфабрикаты и финальный выход минимум в одной документированной серии; допуск выводить из измерений, не назначать заранее.",EVD-0005;EVD-0008,Фактический выход меняет стоимость порции.,"Влияет на цену, food cost и маржу.",Недостоверный выход мешает валидировать порционирование и режим.,Влияет на размер партии и число циклов.,Chef / Operations,Контрольная форма заполнена фактическими массами; арифметика reconciled; Chef утвердил выход и допуск; новая версия связана с recipe blob.,OPEN
OCD-0088,VKM-018,Традиционный красный борщ,SEMI_FINISHED_STRUCTURE,"Зафиксировать состав, вариант партии и повторное использование каждого связанного полуфабриката.",A: единая общая формула; B: отдельные варианты с технологическим основанием; C: покупной компонент с точным SKU.,A для реально одинаковых заготовок; B только при документированном технологическом различии; C только после фиксации SKU и спецификации.,EVD-0009;EVD-0007;EVD-0008,Устраняет двойной учёт и определяет стоимость VSF.,Меняет полный COGS и ценовой коридор.,"Точный процесс/SKU нужен для аллергенов, хранения и прослеживаемости.","Определяет объём партии, хранение, тару и циклы.",Chef / Procurement,"Chef утвердил VSF mapping и variant; выбранный вариант имеет формулу, фактический/принятый выход и правило single-count; при C приложена спецификация SKU.",OPEN
OCD-0089,VKM-018,Традиционный красный борщ,PROCESS_AND_ORGANOLEPTIC,"Утвердить последовательность, фактическое время, подачу и измеримые органолептические критерии.",A: принять проект после проработки; B: скорректировать процесс/подачу; C: отклонить результат и повторить.,"B — выполнить проработку, записать фактические время и наблюдения по внешнему виду, цвету, запаху, вкусу и текстуре; решение не заполнять до испытания.",EVD-0010;EVD-0011;EVD-0030,Время и операции меняют трудоёмкость и расход ресурсов.,Влияет на минимальную цену и пропускную способность канала.,Процесс должен пройти повторный FoodSafety review.,"Фиксирует оборудование, время цикла и число партий.",Chef,Заполнен протокол проработки; Chef вынес APPROVED/REWORK/REJECTED; критерии и допустимые отклонения связаны с точной recipe version.,OPEN
OCD-0090,VKM-018,Традиционный красный борщ,STORAGE_REALIZATION_GATE,Определить фактический маршрут по каналам и передать его на version-locked FoodSafety/ППК решение по хранению и реализации.,A: только немедленная подача; B: хранение/охлаждение/разогрев; C: доставка/навынос; допускается документированная комбинация.,"Сначала выбрать только реально планируемые маршруты; затем FoodSafety/ППК устанавливает доказанные режимы по точной рецептуре, SKU и процессу. До этого сохранять BLOCK.",EVD-0013;EVD-0014;EVD-FS-001;EVD-FS-003,"Может добавить упаковку, списания и контроль.",Меняет переменные расходы и цену по каналу.,"Прямо определяет safety veto, маркировку и контрольные точки.","Может потребовать охлаждение, хранение, термоконтроль и отдельные мощности.",Chef / Owner / FoodSafety / ППК,Маршрут утверждён Owner/Chef; exact recipe/SKU/process переданы FoodSafety; получено документированное version-locked решение температур/сроков/CCP и повторный review снимает либо сохраняет veto.,OPEN
OCD-0091,VKM-019,Мурманская треска со сливочно-горчичным соусом,RECIPE_FREEZE,"Принять, скорректировать или отклонить построчную рецептуру 0.1.0-DRAFT.",A: принять проект без изменений после контрольной серии; B: скорректировать нормы/состав через Change Request; C: отклонить и разработать новую версию.,"B — провести контрольную серию, зафиксировать отклонения и выпустить versioned Change Request до Chef freeze.",EVD-0007;EVD-0008,Меняет нормы и полный COGS.,Меняет нижнюю границу проектной цены и food cost.,Без frozen exact-SKU recipe safety-профиль нельзя разблокировать.,"Меняет операции, загрузку и требуемый инвентарь.",Chef,"Подписан versioned Chef decision; все строки имеют принятое значение, источник и статус не ниже DRAFT_ACCEPTED; FoodSafety получает точный blob/version.",OPEN
OCD-0092,VKM-019,Мурманская треска со сливочно-горчичным соусом,YIELD_AND_TOLERANCE,"Установить целевой выход, фактические потери и допустимые отклонения.",A: принять проектный выход после измерений; B: заменить измеренным выходом/допуском; C: назначить дополнительную серию.,"B — взвесить входы, отходы, полуфабрикаты и финальный выход минимум в одной документированной серии; допуск выводить из измерений, не назначать заранее.",EVD-0005;EVD-0008,Фактический выход меняет стоимость порции.,"Влияет на цену, food cost и маржу.",Недостоверный выход мешает валидировать порционирование и режим.,Влияет на размер партии и число циклов.,Chef / Operations,Контрольная форма заполнена фактическими массами; арифметика reconciled; Chef утвердил выход и допуск; новая версия связана с recipe blob.,OPEN
OCD-0093,VKM-019,Мурманская треска со сливочно-горчичным соусом,SEMI_FINISHED_STRUCTURE,"Зафиксировать состав, вариант партии и повторное использование каждого связанного полуфабриката.",A: единая общая формула; B: отдельные варианты с технологическим основанием; C: покупной компонент с точным SKU.,A для реально одинаковых заготовок; B только при документированном технологическом различии; C только после фиксации SKU и спецификации.,EVD-0009;EVD-0007;EVD-0008,Устраняет двойной учёт и определяет стоимость VSF.,Меняет полный COGS и ценовой коридор.,"Точный процесс/SKU нужен для аллергенов, хранения и прослеживаемости.","Определяет объём партии, хранение, тару и циклы.",Chef / Procurement,"Chef утвердил VSF mapping и variant; выбранный вариант имеет формулу, фактический/принятый выход и правило single-count; при C приложена спецификация SKU.",OPEN
OCD-0094,VKM-019,Мурманская треска со сливочно-горчичным соусом,PROCESS_AND_ORGANOLEPTIC,"Утвердить последовательность, фактическое время, подачу и измеримые органолептические критерии.",A: принять проект после проработки; B: скорректировать процесс/подачу; C: отклонить результат и повторить.,"B — выполнить проработку, записать фактические время и наблюдения по внешнему виду, цвету, запаху, вкусу и текстуре; решение не заполнять до испытания.",EVD-0010;EVD-0011;EVD-0030,Время и операции меняют трудоёмкость и расход ресурсов.,Влияет на минимальную цену и пропускную способность канала.,Процесс должен пройти повторный FoodSafety review.,"Фиксирует оборудование, время цикла и число партий.",Chef,Заполнен протокол проработки; Chef вынес APPROVED/REWORK/REJECTED; критерии и допустимые отклонения связаны с точной recipe version.,OPEN
OCD-0095,VKM-019,Мурманская треска со сливочно-горчичным соусом,STORAGE_REALIZATION_GATE,Определить фактический маршрут по каналам и передать его на version-locked FoodSafety/ППК решение по хранению и реализации.,A: только немедленная подача; B: хранение/охлаждение/разогрев; C: доставка/навынос; допускается документированная комбинация.,"Сначала выбрать только реально планируемые маршруты; затем FoodSafety/ППК устанавливает доказанные режимы по точной рецептуре, SKU и процессу. До этого сохранять BLOCK.",EVD-0013;EVD-0014;EVD-FS-001;EVD-FS-003,"Может добавить упаковку, списания и контроль.",Меняет переменные расходы и цену по каналу.,"Прямо определяет safety veto, маркировку и контрольные точки.","Может потребовать охлаждение, хранение, термоконтроль и отдельные мощности.",Chef / Owner / FoodSafety / ППК,Маршрут утверждён Owner/Chef; exact recipe/SKU/process переданы FoodSafety; получено документированное version-locked решение температур/сроков/CCP и повторный review снимает либо сохраняет veto.,OPEN
OCD-0096,VKM-020,Креветки по-тайски,RECIPE_FREEZE,"Принять, скорректировать или отклонить построчную рецептуру 0.1.0-DRAFT.",A: принять проект без изменений после контрольной серии; B: скорректировать нормы/состав через Change Request; C: отклонить и разработать новую версию.,"B — провести контрольную серию, зафиксировать отклонения и выпустить versioned Change Request до Chef freeze.",EVD-0007;EVD-0008,Меняет нормы и полный COGS.,Меняет нижнюю границу проектной цены и food cost.,Без frozen exact-SKU recipe safety-профиль нельзя разблокировать.,"Меняет операции, загрузку и требуемый инвентарь.",Chef,"Подписан versioned Chef decision; все строки имеют принятое значение, источник и статус не ниже DRAFT_ACCEPTED; FoodSafety получает точный blob/version.",OPEN
OCD-0097,VKM-020,Креветки по-тайски,YIELD_AND_TOLERANCE,"Установить целевой выход, фактические потери и допустимые отклонения.",A: принять проектный выход после измерений; B: заменить измеренным выходом/допуском; C: назначить дополнительную серию.,"B — взвесить входы, отходы, полуфабрикаты и финальный выход минимум в одной документированной серии; допуск выводить из измерений, не назначать заранее.",EVD-0005;EVD-0008,Фактический выход меняет стоимость порции.,"Влияет на цену, food cost и маржу.",Недостоверный выход мешает валидировать порционирование и режим.,Влияет на размер партии и число циклов.,Chef / Operations,Контрольная форма заполнена фактическими массами; арифметика reconciled; Chef утвердил выход и допуск; новая версия связана с recipe blob.,OPEN
OCD-0098,VKM-020,Креветки по-тайски,SEMI_FINISHED_STRUCTURE,"Зафиксировать состав, вариант партии и повторное использование каждого связанного полуфабриката.",A: единая общая формула; B: отдельные варианты с технологическим основанием; C: покупной компонент с точным SKU.,A для реально одинаковых заготовок; B только при документированном технологическом различии; C только после фиксации SKU и спецификации.,EVD-0009;EVD-0007;EVD-0008,Устраняет двойной учёт и определяет стоимость VSF.,Меняет полный COGS и ценовой коридор.,"Точный процесс/SKU нужен для аллергенов, хранения и прослеживаемости.","Определяет объём партии, хранение, тару и циклы.",Chef / Procurement,"Chef утвердил VSF mapping и variant; выбранный вариант имеет формулу, фактический/принятый выход и правило single-count; при C приложена спецификация SKU.",OPEN
OCD-0099,VKM-020,Креветки по-тайски,PROCESS_AND_ORGANOLEPTIC,"Утвердить последовательность, фактическое время, подачу и измеримые органолептические критерии.",A: принять проект после проработки; B: скорректировать процесс/подачу; C: отклонить результат и повторить.,"B — выполнить проработку, записать фактические время и наблюдения по внешнему виду, цвету, запаху, вкусу и текстуре; решение не заполнять до испытания.",EVD-0010;EVD-0011;EVD-0030,Время и операции меняют трудоёмкость и расход ресурсов.,Влияет на минимальную цену и пропускную способность канала.,Процесс должен пройти повторный FoodSafety review.,"Фиксирует оборудование, время цикла и число партий.",Chef,Заполнен протокол проработки; Chef вынес APPROVED/REWORK/REJECTED; критерии и допустимые отклонения связаны с точной recipe version.,OPEN
OCD-0100,VKM-020,Креветки по-тайски,STORAGE_REALIZATION_GATE,Определить фактический маршрут по каналам и передать его на version-locked FoodSafety/ППК решение по хранению и реализации.,A: только немедленная подача; B: хранение/охлаждение/разогрев; C: доставка/навынос; допускается документированная комбинация.,"Сначала выбрать только реально планируемые маршруты; затем FoodSafety/ППК устанавливает доказанные режимы по точной рецептуре, SKU и процессу. До этого сохранять BLOCK.",EVD-0013;EVD-0014;EVD-FS-001;EVD-FS-003,"Может добавить упаковку, списания и контроль.",Меняет переменные расходы и цену по каналу.,"Прямо определяет safety veto, маркировку и контрольные точки.","Может потребовать охлаждение, хранение, термоконтроль и отдельные мощности.",Chef / Owner / FoodSafety / ППК,Маршрут утверждён Owner/Chef; exact recipe/SKU/process переданы FoodSafety; получено документированное version-locked решение температур/сроков/CCP и повторный review снимает либо сохраняет veto.,OPEN
OCD-0101,VKM-021,Бургер VARSHAVKA,RECIPE_FREEZE,"Принять, скорректировать или отклонить построчную рецептуру 0.1.0-DRAFT.",A: принять проект без изменений после контрольной серии; B: скорректировать нормы/состав через Change Request; C: отклонить и разработать новую версию.,"B — провести контрольную серию, зафиксировать отклонения и выпустить versioned Change Request до Chef freeze.",EVD-0007;EVD-0008,Меняет нормы и полный COGS.,Меняет нижнюю границу проектной цены и food cost.,Без frozen exact-SKU recipe safety-профиль нельзя разблокировать.,"Меняет операции, загрузку и требуемый инвентарь.",Chef,"Подписан versioned Chef decision; все строки имеют принятое значение, источник и статус не ниже DRAFT_ACCEPTED; FoodSafety получает точный blob/version.",OPEN
OCD-0102,VKM-021,Бургер VARSHAVKA,YIELD_AND_TOLERANCE,"Установить целевой выход, фактические потери и допустимые отклонения.",A: принять проектный выход после измерений; B: заменить измеренным выходом/допуском; C: назначить дополнительную серию.,"B — взвесить входы, отходы, полуфабрикаты и финальный выход минимум в одной документированной серии; допуск выводить из измерений, не назначать заранее.",EVD-0005;EVD-0008,Фактический выход меняет стоимость порции.,"Влияет на цену, food cost и маржу.",Недостоверный выход мешает валидировать порционирование и режим.,Влияет на размер партии и число циклов.,Chef / Operations,Контрольная форма заполнена фактическими массами; арифметика reconciled; Chef утвердил выход и допуск; новая версия связана с recipe blob.,OPEN
OCD-0103,VKM-021,Бургер VARSHAVKA,SEMI_FINISHED_STRUCTURE,"Зафиксировать состав, вариант партии и повторное использование каждого связанного полуфабриката.",A: единая общая формула; B: отдельные варианты с технологическим основанием; C: покупной компонент с точным SKU.,A для реально одинаковых заготовок; B только при документированном технологическом различии; C только после фиксации SKU и спецификации.,EVD-0009;EVD-0007;EVD-0008,Устраняет двойной учёт и определяет стоимость VSF.,Меняет полный COGS и ценовой коридор.,"Точный процесс/SKU нужен для аллергенов, хранения и прослеживаемости.","Определяет объём партии, хранение, тару и циклы.",Chef / Procurement,"Chef утвердил VSF mapping и variant; выбранный вариант имеет формулу, фактический/принятый выход и правило single-count; при C приложена спецификация SKU.",OPEN
OCD-0104,VKM-021,Бургер VARSHAVKA,PROCESS_AND_ORGANOLEPTIC,"Утвердить последовательность, фактическое время, подачу и измеримые органолептические критерии.",A: принять проект после проработки; B: скорректировать процесс/подачу; C: отклонить результат и повторить.,"B — выполнить проработку, записать фактические время и наблюдения по внешнему виду, цвету, запаху, вкусу и текстуре; решение не заполнять до испытания.",EVD-0010;EVD-0011;EVD-0030,Время и операции меняют трудоёмкость и расход ресурсов.,Влияет на минимальную цену и пропускную способность канала.,Процесс должен пройти повторный FoodSafety review.,"Фиксирует оборудование, время цикла и число партий.",Chef,Заполнен протокол проработки; Chef вынес APPROVED/REWORK/REJECTED; критерии и допустимые отклонения связаны с точной recipe version.,OPEN
OCD-0105,VKM-021,Бургер VARSHAVKA,STORAGE_REALIZATION_GATE,Определить фактический маршрут по каналам и передать его на version-locked FoodSafety/ППК решение по хранению и реализации.,A: только немедленная подача; B: хранение/охлаждение/разогрев; C: доставка/навынос; допускается документированная комбинация.,"Сначала выбрать только реально планируемые маршруты; затем FoodSafety/ППК устанавливает доказанные режимы по точной рецептуре, SKU и процессу. До этого сохранять BLOCK.",EVD-0013;EVD-0014;EVD-FS-001;EVD-FS-003,"Может добавить упаковку, списания и контроль.",Меняет переменные расходы и цену по каналу.,"Прямо определяет safety veto, маркировку и контрольные точки.","Может потребовать охлаждение, хранение, термоконтроль и отдельные мощности.",Chef / Owner / FoodSafety / ППК,Маршрут утверждён Owner/Chef; exact recipe/SKU/process переданы FoodSafety; получено документированное version-locked решение температур/сроков/CCP и повторный review снимает либо сохраняет veto.,OPEN
OCD-0106,VKM-022,Миньоны из говяжьей вырезки,RECIPE_FREEZE,"Принять, скорректировать или отклонить построчную рецептуру 0.1.0-DRAFT.",A: принять проект без изменений после контрольной серии; B: скорректировать нормы/состав через Change Request; C: отклонить и разработать новую версию.,"B — провести контрольную серию, зафиксировать отклонения и выпустить versioned Change Request до Chef freeze.",EVD-0007;EVD-0008,Меняет нормы и полный COGS.,Меняет нижнюю границу проектной цены и food cost.,Без frozen exact-SKU recipe safety-профиль нельзя разблокировать.,"Меняет операции, загрузку и требуемый инвентарь.",Chef,"Подписан versioned Chef decision; все строки имеют принятое значение, источник и статус не ниже DRAFT_ACCEPTED; FoodSafety получает точный blob/version.",OPEN
OCD-0107,VKM-022,Миньоны из говяжьей вырезки,YIELD_AND_TOLERANCE,"Установить целевой выход, фактические потери и допустимые отклонения.",A: принять проектный выход после измерений; B: заменить измеренным выходом/допуском; C: назначить дополнительную серию.,"B — взвесить входы, отходы, полуфабрикаты и финальный выход минимум в одной документированной серии; допуск выводить из измерений, не назначать заранее.",EVD-0005;EVD-0008,Фактический выход меняет стоимость порции.,"Влияет на цену, food cost и маржу.",Недостоверный выход мешает валидировать порционирование и режим.,Влияет на размер партии и число циклов.,Chef / Operations,Контрольная форма заполнена фактическими массами; арифметика reconciled; Chef утвердил выход и допуск; новая версия связана с recipe blob.,OPEN
OCD-0108,VKM-022,Миньоны из говяжьей вырезки,SEMI_FINISHED_STRUCTURE,"Зафиксировать состав, вариант партии и повторное использование каждого связанного полуфабриката.",A: единая общая формула; B: отдельные варианты с технологическим основанием; C: покупной компонент с точным SKU.,A для реально одинаковых заготовок; B только при документированном технологическом различии; C только после фиксации SKU и спецификации.,EVD-0009;EVD-0007;EVD-0008,Устраняет двойной учёт и определяет стоимость VSF.,Меняет полный COGS и ценовой коридор.,"Точный процесс/SKU нужен для аллергенов, хранения и прослеживаемости.","Определяет объём партии, хранение, тару и циклы.",Chef / Procurement,"Chef утвердил VSF mapping и variant; выбранный вариант имеет формулу, фактический/принятый выход и правило single-count; при C приложена спецификация SKU.",OPEN
OCD-0109,VKM-022,Миньоны из говяжьей вырезки,PROCESS_AND_ORGANOLEPTIC,"Утвердить последовательность, фактическое время, подачу и измеримые органолептические критерии.",A: принять проект после проработки; B: скорректировать процесс/подачу; C: отклонить результат и повторить.,"B — выполнить проработку, записать фактические время и наблюдения по внешнему виду, цвету, запаху, вкусу и текстуре; решение не заполнять до испытания.",EVD-0010;EVD-0011;EVD-0030,Время и операции меняют трудоёмкость и расход ресурсов.,Влияет на минимальную цену и пропускную способность канала.,Процесс должен пройти повторный FoodSafety review.,"Фиксирует оборудование, время цикла и число партий.",Chef,Заполнен протокол проработки; Chef вынес APPROVED/REWORK/REJECTED; критерии и допустимые отклонения связаны с точной recipe version.,OPEN
OCD-0110,VKM-022,Миньоны из говяжьей вырезки,STORAGE_REALIZATION_GATE,Определить фактический маршрут по каналам и передать его на version-locked FoodSafety/ППК решение по хранению и реализации.,A: только немедленная подача; B: хранение/охлаждение/разогрев; C: доставка/навынос; допускается документированная комбинация.,"Сначала выбрать только реально планируемые маршруты; затем FoodSafety/ППК устанавливает доказанные режимы по точной рецептуре, SKU и процессу. До этого сохранять BLOCK.",EVD-0013;EVD-0014;EVD-FS-001;EVD-FS-003,"Может добавить упаковку, списания и контроль.",Меняет переменные расходы и цену по каналу.,"Прямо определяет safety veto, маркировку и контрольные точки.","Может потребовать охлаждение, хранение, термоконтроль и отдельные мощности.",Chef / Owner / FoodSafety / ППК,Маршрут утверждён Owner/Chef; exact recipe/SKU/process переданы FoodSafety; получено документированное version-locked решение температур/сроков/CCP и повторный review снимает либо сохраняет veto.,OPEN
OCD-0111,VKM-023,Запечённый картофель,RECIPE_FREEZE,"Принять, скорректировать или отклонить построчную рецептуру 0.1.0-DRAFT.",A: принять проект без изменений после контрольной серии; B: скорректировать нормы/состав через Change Request; C: отклонить и разработать новую версию.,"B — провести контрольную серию, зафиксировать отклонения и выпустить versioned Change Request до Chef freeze.",EVD-0007;EVD-0008,Меняет нормы и полный COGS.,Меняет нижнюю границу проектной цены и food cost.,Без frozen exact-SKU recipe safety-профиль нельзя разблокировать.,"Меняет операции, загрузку и требуемый инвентарь.",Chef,"Подписан versioned Chef decision; все строки имеют принятое значение, источник и статус не ниже DRAFT_ACCEPTED; FoodSafety получает точный blob/version.",OPEN
OCD-0112,VKM-023,Запечённый картофель,YIELD_AND_TOLERANCE,"Установить целевой выход, фактические потери и допустимые отклонения.",A: принять проектный выход после измерений; B: заменить измеренным выходом/допуском; C: назначить дополнительную серию.,"B — взвесить входы, отходы, полуфабрикаты и финальный выход минимум в одной документированной серии; допуск выводить из измерений, не назначать заранее.",EVD-0005;EVD-0008,Фактический выход меняет стоимость порции.,"Влияет на цену, food cost и маржу.",Недостоверный выход мешает валидировать порционирование и режим.,Влияет на размер партии и число циклов.,Chef / Operations,Контрольная форма заполнена фактическими массами; арифметика reconciled; Chef утвердил выход и допуск; новая версия связана с recipe blob.,OPEN
OCD-0113,VKM-023,Запечённый картофель,SEMI_FINISHED_STRUCTURE,"Зафиксировать состав, вариант партии и повторное использование каждого связанного полуфабриката.",A: единая общая формула; B: отдельные варианты с технологическим основанием; C: покупной компонент с точным SKU.,A для реально одинаковых заготовок; B только при документированном технологическом различии; C только после фиксации SKU и спецификации.,EVD-0009;EVD-0007;EVD-0008,Устраняет двойной учёт и определяет стоимость VSF.,Меняет полный COGS и ценовой коридор.,"Точный процесс/SKU нужен для аллергенов, хранения и прослеживаемости.","Определяет объём партии, хранение, тару и циклы.",Chef / Procurement,"Chef утвердил VSF mapping и variant; выбранный вариант имеет формулу, фактический/принятый выход и правило single-count; при C приложена спецификация SKU.",OPEN
OCD-0114,VKM-023,Запечённый картофель,PROCESS_AND_ORGANOLEPTIC,"Утвердить последовательность, фактическое время, подачу и измеримые органолептические критерии.",A: принять проект после проработки; B: скорректировать процесс/подачу; C: отклонить результат и повторить.,"B — выполнить проработку, записать фактические время и наблюдения по внешнему виду, цвету, запаху, вкусу и текстуре; решение не заполнять до испытания.",EVD-0010;EVD-0011;EVD-0030,Время и операции меняют трудоёмкость и расход ресурсов.,Влияет на минимальную цену и пропускную способность канала.,Процесс должен пройти повторный FoodSafety review.,"Фиксирует оборудование, время цикла и число партий.",Chef,Заполнен протокол проработки; Chef вынес APPROVED/REWORK/REJECTED; критерии и допустимые отклонения связаны с точной recipe version.,OPEN
OCD-0115,VKM-023,Запечённый картофель,STORAGE_REALIZATION_GATE,Определить фактический маршрут по каналам и передать его на version-locked FoodSafety/ППК решение по хранению и реализации.,A: только немедленная подача; B: хранение/охлаждение/разогрев; C: доставка/навынос; допускается документированная комбинация.,"Сначала выбрать только реально планируемые маршруты; затем FoodSafety/ППК устанавливает доказанные режимы по точной рецептуре, SKU и процессу. До этого сохранять BLOCK.",EVD-0013;EVD-0014;EVD-FS-001;EVD-FS-003,"Может добавить упаковку, списания и контроль.",Меняет переменные расходы и цену по каналу.,"Прямо определяет safety veto, маркировку и контрольные точки.","Может потребовать охлаждение, хранение, термоконтроль и отдельные мощности.",Chef / Owner / FoodSafety / ППК,Маршрут утверждён Owner/Chef; exact recipe/SKU/process переданы FoodSafety; получено документированное version-locked решение температур/сроков/CCP и повторный review снимает либо сохраняет veto.,OPEN
OCD-0116,VKM-024,Рис жасмин,RECIPE_FREEZE,"Принять, скорректировать или отклонить построчную рецептуру 0.1.0-DRAFT.",A: принять проект без изменений после контрольной серии; B: скорректировать нормы/состав через Change Request; C: отклонить и разработать новую версию.,"B — провести контрольную серию, зафиксировать отклонения и выпустить versioned Change Request до Chef freeze.",EVD-0007;EVD-0008,Меняет нормы и полный COGS.,Меняет нижнюю границу проектной цены и food cost.,Без frozen exact-SKU recipe safety-профиль нельзя разблокировать.,"Меняет операции, загрузку и требуемый инвентарь.",Chef,"Подписан versioned Chef decision; все строки имеют принятое значение, источник и статус не ниже DRAFT_ACCEPTED; FoodSafety получает точный blob/version.",OPEN
OCD-0117,VKM-024,Рис жасмин,YIELD_AND_TOLERANCE,"Установить целевой выход, фактические потери и допустимые отклонения.",A: принять проектный выход после измерений; B: заменить измеренным выходом/допуском; C: назначить дополнительную серию.,"B — взвесить входы, отходы, полуфабрикаты и финальный выход минимум в одной документированной серии; допуск выводить из измерений, не назначать заранее.",EVD-0005;EVD-0008,Фактический выход меняет стоимость порции.,"Влияет на цену, food cost и маржу.",Недостоверный выход мешает валидировать порционирование и режим.,Влияет на размер партии и число циклов.,Chef / Operations,Контрольная форма заполнена фактическими массами; арифметика reconciled; Chef утвердил выход и допуск; новая версия связана с recipe blob.,OPEN
OCD-0118,VKM-024,Рис жасмин,SEMI_FINISHED_STRUCTURE,"Зафиксировать состав, вариант партии и повторное использование каждого связанного полуфабриката.",A: единая общая формула; B: отдельные варианты с технологическим основанием; C: покупной компонент с точным SKU.,A для реально одинаковых заготовок; B только при документированном технологическом различии; C только после фиксации SKU и спецификации.,EVD-0009;EVD-0007;EVD-0008,Устраняет двойной учёт и определяет стоимость VSF.,Меняет полный COGS и ценовой коридор.,"Точный процесс/SKU нужен для аллергенов, хранения и прослеживаемости.","Определяет объём партии, хранение, тару и циклы.",Chef / Procurement,"Chef утвердил VSF mapping и variant; выбранный вариант имеет формулу, фактический/принятый выход и правило single-count; при C приложена спецификация SKU.",OPEN
OCD-0119,VKM-024,Рис жасмин,PROCESS_AND_ORGANOLEPTIC,"Утвердить последовательность, фактическое время, подачу и измеримые органолептические критерии.",A: принять проект после проработки; B: скорректировать процесс/подачу; C: отклонить результат и повторить.,"B — выполнить проработку, записать фактические время и наблюдения по внешнему виду, цвету, запаху, вкусу и текстуре; решение не заполнять до испытания.",EVD-0010;EVD-0011;EVD-0030,Время и операции меняют трудоёмкость и расход ресурсов.,Влияет на минимальную цену и пропускную способность канала.,Процесс должен пройти повторный FoodSafety review.,"Фиксирует оборудование, время цикла и число партий.",Chef,Заполнен протокол проработки; Chef вынес APPROVED/REWORK/REJECTED; критерии и допустимые отклонения связаны с точной recipe version.,OPEN
OCD-0120,VKM-024,Рис жасмин,STORAGE_REALIZATION_GATE,Определить фактический маршрут по каналам и передать его на version-locked FoodSafety/ППК решение по хранению и реализации.,A: только немедленная подача; B: хранение/охлаждение/разогрев; C: доставка/навынос; допускается документированная комбинация.,"Сначала выбрать только реально планируемые маршруты; затем FoodSafety/ППК устанавливает доказанные режимы по точной рецептуре, SKU и процессу. До этого сохранять BLOCK.",EVD-0013;EVD-0014;EVD-FS-001;EVD-FS-003,"Может добавить упаковку, списания и контроль.",Меняет переменные расходы и цену по каналу.,"Прямо определяет safety veto, маркировку и контрольные точки.","Может потребовать охлаждение, хранение, термоконтроль и отдельные мощности.",Chef / Owner / FoodSafety / ППК,Маршрут утверждён Owner/Chef; exact recipe/SKU/process переданы FoodSafety; получено документированное version-locked решение температур/сроков/CCP и повторный review снимает либо сохраняет veto.,OPEN
OCD-0121,VKM-025,Горячие овощи,RECIPE_FREEZE,"Принять, скорректировать или отклонить построчную рецептуру 0.1.0-DRAFT.",A: принять проект без изменений после контрольной серии; B: скорректировать нормы/состав через Change Request; C: отклонить и разработать новую версию.,"B — провести контрольную серию, зафиксировать отклонения и выпустить versioned Change Request до Chef freeze.",EVD-0007;EVD-0008,Меняет нормы и полный COGS.,Меняет нижнюю границу проектной цены и food cost.,Без frozen exact-SKU recipe safety-профиль нельзя разблокировать.,"Меняет операции, загрузку и требуемый инвентарь.",Chef,"Подписан versioned Chef decision; все строки имеют принятое значение, источник и статус не ниже DRAFT_ACCEPTED; FoodSafety получает точный blob/version.",OPEN
OCD-0122,VKM-025,Горячие овощи,YIELD_AND_TOLERANCE,"Установить целевой выход, фактические потери и допустимые отклонения.",A: принять проектный выход после измерений; B: заменить измеренным выходом/допуском; C: назначить дополнительную серию.,"B — взвесить входы, отходы, полуфабрикаты и финальный выход минимум в одной документированной серии; допуск выводить из измерений, не назначать заранее.",EVD-0005;EVD-0008,Фактический выход меняет стоимость порции.,"Влияет на цену, food cost и маржу.",Недостоверный выход мешает валидировать порционирование и режим.,Влияет на размер партии и число циклов.,Chef / Operations,Контрольная форма заполнена фактическими массами; арифметика reconciled; Chef утвердил выход и допуск; новая версия связана с recipe blob.,OPEN
OCD-0123,VKM-025,Горячие овощи,SEMI_FINISHED_STRUCTURE,"Зафиксировать состав, вариант партии и повторное использование каждого связанного полуфабриката.",A: единая общая формула; B: отдельные варианты с технологическим основанием; C: покупной компонент с точным SKU.,A для реально одинаковых заготовок; B только при документированном технологическом различии; C только после фиксации SKU и спецификации.,EVD-0009;EVD-0007;EVD-0008,Устраняет двойной учёт и определяет стоимость VSF.,Меняет полный COGS и ценовой коридор.,"Точный процесс/SKU нужен для аллергенов, хранения и прослеживаемости.","Определяет объём партии, хранение, тару и циклы.",Chef / Procurement,"Chef утвердил VSF mapping и variant; выбранный вариант имеет формулу, фактический/принятый выход и правило single-count; при C приложена спецификация SKU.",OPEN
OCD-0124,VKM-025,Горячие овощи,PROCESS_AND_ORGANOLEPTIC,"Утвердить последовательность, фактическое время, подачу и измеримые органолептические критерии.",A: принять проект после проработки; B: скорректировать процесс/подачу; C: отклонить результат и повторить.,"B — выполнить проработку, записать фактические время и наблюдения по внешнему виду, цвету, запаху, вкусу и текстуре; решение не заполнять до испытания.",EVD-0010;EVD-0011;EVD-0030,Время и операции меняют трудоёмкость и расход ресурсов.,Влияет на минимальную цену и пропускную способность канала.,Процесс должен пройти повторный FoodSafety review.,"Фиксирует оборудование, время цикла и число партий.",Chef,Заполнен протокол проработки; Chef вынес APPROVED/REWORK/REJECTED; критерии и допустимые отклонения связаны с точной recipe version.,OPEN
OCD-0125,VKM-025,Горячие овощи,STORAGE_REALIZATION_GATE,Определить фактический маршрут по каналам и передать его на version-locked FoodSafety/ППК решение по хранению и реализации.,A: только немедленная подача; B: хранение/охлаждение/разогрев; C: доставка/навынос; допускается документированная комбинация.,"Сначала выбрать только реально планируемые маршруты; затем FoodSafety/ППК устанавливает доказанные режимы по точной рецептуре, SKU и процессу. До этого сохранять BLOCK.",EVD-0013;EVD-0014;EVD-FS-001;EVD-FS-003,"Может добавить упаковку, списания и контроль.",Меняет переменные расходы и цену по каналу.,"Прямо определяет safety veto, маркировку и контрольные точки.","Может потребовать охлаждение, хранение, термоконтроль и отдельные мощности.",Chef / Owner / FoodSafety / ППК,Маршрут утверждён Owner/Chef; exact recipe/SKU/process переданы FoodSafety; получено документированное version-locked решение температур/сроков/CCP и повторный review снимает либо сохраняет veto.,OPEN
OCD-0126,VKM-029,Черничный торт VARSHAVKA,RECIPE_FREEZE,"Принять, скорректировать или отклонить построчную рецептуру 0.1.0-DRAFT.",A: принять проект без изменений после контрольной серии; B: скорректировать нормы/состав через Change Request; C: отклонить и разработать новую версию.,"B — провести контрольную серию, зафиксировать отклонения и выпустить versioned Change Request до Chef freeze.",EVD-0007;EVD-0008,Меняет нормы и полный COGS.,Меняет нижнюю границу проектной цены и food cost.,Без frozen exact-SKU recipe safety-профиль нельзя разблокировать.,"Меняет операции, загрузку и требуемый инвентарь.",Chef,"Подписан versioned Chef decision; все строки имеют принятое значение, источник и статус не ниже DRAFT_ACCEPTED; FoodSafety получает точный blob/version.",OPEN
OCD-0127,VKM-029,Черничный торт VARSHAVKA,YIELD_AND_TOLERANCE,"Установить целевой выход, фактические потери и допустимые отклонения.",A: принять проектный выход после измерений; B: заменить измеренным выходом/допуском; C: назначить дополнительную серию.,"B — взвесить входы, отходы, полуфабрикаты и финальный выход минимум в одной документированной серии; допуск выводить из измерений, не назначать заранее.",EVD-0005;EVD-0008,Фактический выход меняет стоимость порции.,"Влияет на цену, food cost и маржу.",Недостоверный выход мешает валидировать порционирование и режим.,Влияет на размер партии и число циклов.,Chef / Operations,Контрольная форма заполнена фактическими массами; арифметика reconciled; Chef утвердил выход и допуск; новая версия связана с recipe blob.,OPEN
OCD-0128,VKM-029,Черничный торт VARSHAVKA,SEMI_FINISHED_STRUCTURE,"Зафиксировать состав, вариант партии и повторное использование каждого связанного полуфабриката.",A: единая общая формула; B: отдельные варианты с технологическим основанием; C: покупной компонент с точным SKU.,A для реально одинаковых заготовок; B только при документированном технологическом различии; C только после фиксации SKU и спецификации.,EVD-0009;EVD-0007;EVD-0008,Устраняет двойной учёт и определяет стоимость VSF.,Меняет полный COGS и ценовой коридор.,"Точный процесс/SKU нужен для аллергенов, хранения и прослеживаемости.","Определяет объём партии, хранение, тару и циклы.",Chef / Procurement,"Chef утвердил VSF mapping и variant; выбранный вариант имеет формулу, фактический/принятый выход и правило single-count; при C приложена спецификация SKU.",OPEN
OCD-0129,VKM-029,Черничный торт VARSHAVKA,PROCESS_AND_ORGANOLEPTIC,"Утвердить последовательность, фактическое время, подачу и измеримые органолептические критерии.",A: принять проект после проработки; B: скорректировать процесс/подачу; C: отклонить результат и повторить.,"B — выполнить проработку, записать фактические время и наблюдения по внешнему виду, цвету, запаху, вкусу и текстуре; решение не заполнять до испытания.",EVD-0010;EVD-0011;EVD-0030,Время и операции меняют трудоёмкость и расход ресурсов.,Влияет на минимальную цену и пропускную способность канала.,Процесс должен пройти повторный FoodSafety review.,"Фиксирует оборудование, время цикла и число партий.",Chef,Заполнен протокол проработки; Chef вынес APPROVED/REWORK/REJECTED; критерии и допустимые отклонения связаны с точной recipe version.,OPEN
OCD-0130,VKM-029,Черничный торт VARSHAVKA,STORAGE_REALIZATION_GATE,Определить фактический маршрут по каналам и передать его на version-locked FoodSafety/ППК решение по хранению и реализации.,A: только немедленная подача; B: хранение/охлаждение/разогрев; C: доставка/навынос; допускается документированная комбинация.,"Сначала выбрать только реально планируемые маршруты; затем FoodSafety/ППК устанавливает доказанные режимы по точной рецептуре, SKU и процессу. До этого сохранять BLOCK.",EVD-0013;EVD-0014;EVD-FS-001;EVD-FS-003,"Может добавить упаковку, списания и контроль.",Меняет переменные расходы и цену по каналу.,"Прямо определяет safety veto, маркировку и контрольные точки.","Может потребовать охлаждение, хранение, термоконтроль и отдельные мощности.",Chef / Owner / FoodSafety / ППК,Маршрут утверждён Owner/Chef; exact recipe/SKU/process переданы FoodSafety; получено документированное version-locked решение температур/сроков/CCP и повторный review снимает либо сохраняет veto.,OPEN
OCD-0131,VKM-030,Кростата с солёной карамелью,RECIPE_FREEZE,"Принять, скорректировать или отклонить построчную рецептуру 0.1.0-DRAFT.",A: принять проект без изменений после контрольной серии; B: скорректировать нормы/состав через Change Request; C: отклонить и разработать новую версию.,"B — провести контрольную серию, зафиксировать отклонения и выпустить versioned Change Request до Chef freeze.",EVD-0007;EVD-0008,Меняет нормы и полный COGS.,Меняет нижнюю границу проектной цены и food cost.,Без frozen exact-SKU recipe safety-профиль нельзя разблокировать.,"Меняет операции, загрузку и требуемый инвентарь.",Chef,"Подписан versioned Chef decision; все строки имеют принятое значение, источник и статус не ниже DRAFT_ACCEPTED; FoodSafety получает точный blob/version.",OPEN
OCD-0132,VKM-030,Кростата с солёной карамелью,YIELD_AND_TOLERANCE,"Установить целевой выход, фактические потери и допустимые отклонения.",A: принять проектный выход после измерений; B: заменить измеренным выходом/допуском; C: назначить дополнительную серию.,"B — взвесить входы, отходы, полуфабрикаты и финальный выход минимум в одной документированной серии; допуск выводить из измерений, не назначать заранее.",EVD-0005;EVD-0008,Фактический выход меняет стоимость порции.,"Влияет на цену, food cost и маржу.",Недостоверный выход мешает валидировать порционирование и режим.,Влияет на размер партии и число циклов.,Chef / Operations,Контрольная форма заполнена фактическими массами; арифметика reconciled; Chef утвердил выход и допуск; новая версия связана с recipe blob.,OPEN
OCD-0133,VKM-030,Кростата с солёной карамелью,SEMI_FINISHED_STRUCTURE,"Зафиксировать состав, вариант партии и повторное использование каждого связанного полуфабриката.",A: единая общая формула; B: отдельные варианты с технологическим основанием; C: покупной компонент с точным SKU.,A для реально одинаковых заготовок; B только при документированном технологическом различии; C только после фиксации SKU и спецификации.,EVD-0009;EVD-0007;EVD-0008,Устраняет двойной учёт и определяет стоимость VSF.,Меняет полный COGS и ценовой коридор.,"Точный процесс/SKU нужен для аллергенов, хранения и прослеживаемости.","Определяет объём партии, хранение, тару и циклы.",Chef / Procurement,"Chef утвердил VSF mapping и variant; выбранный вариант имеет формулу, фактический/принятый выход и правило single-count; при C приложена спецификация SKU.",OPEN
OCD-0134,VKM-030,Кростата с солёной карамелью,PROCESS_AND_ORGANOLEPTIC,"Утвердить последовательность, фактическое время, подачу и измеримые органолептические критерии.",A: принять проект после проработки; B: скорректировать процесс/подачу; C: отклонить результат и повторить.,"B — выполнить проработку, записать фактические время и наблюдения по внешнему виду, цвету, запаху, вкусу и текстуре; решение не заполнять до испытания.",EVD-0010;EVD-0011;EVD-0030,Время и операции меняют трудоёмкость и расход ресурсов.,Влияет на минимальную цену и пропускную способность канала.,Процесс должен пройти повторный FoodSafety review.,"Фиксирует оборудование, время цикла и число партий.",Chef,Заполнен протокол проработки; Chef вынес APPROVED/REWORK/REJECTED; критерии и допустимые отклонения связаны с точной recipe version.,OPEN
OCD-0135,VKM-030,Кростата с солёной карамелью,STORAGE_REALIZATION_GATE,Определить фактический маршрут по каналам и передать его на version-locked FoodSafety/ППК решение по хранению и реализации.,A: только немедленная подача; B: хранение/охлаждение/разогрев; C: доставка/навынос; допускается документированная комбинация.,"Сначала выбрать только реально планируемые маршруты; затем FoodSafety/ППК устанавливает доказанные режимы по точной рецептуре, SKU и процессу. До этого сохранять BLOCK.",EVD-0013;EVD-0014;EVD-FS-001;EVD-FS-003,"Может добавить упаковку, списания и контроль.",Меняет переменные расходы и цену по каналу.,"Прямо определяет safety veto, маркировку и контрольные точки.","Может потребовать охлаждение, хранение, термоконтроль и отдельные мощности.",Chef / Owner / FoodSafety / ППК,Маршрут утверждён Owner/Chef; exact recipe/SKU/process переданы FoodSafety; получено документированное version-locked решение температур/сроков/CCP и повторный review снимает либо сохраняет veto.,OPEN
OCD-0136,VKM-031,Мадлен,RECIPE_FREEZE,"Принять, скорректировать или отклонить построчную рецептуру 0.1.0-DRAFT.",A: принять проект без изменений после контрольной серии; B: скорректировать нормы/состав через Change Request; C: отклонить и разработать новую версию.,"B — провести контрольную серию, зафиксировать отклонения и выпустить versioned Change Request до Chef freeze.",EVD-0007;EVD-0008,Меняет нормы и полный COGS.,Меняет нижнюю границу проектной цены и food cost.,Без frozen exact-SKU recipe safety-профиль нельзя разблокировать.,"Меняет операции, загрузку и требуемый инвентарь.",Chef,"Подписан versioned Chef decision; все строки имеют принятое значение, источник и статус не ниже DRAFT_ACCEPTED; FoodSafety получает точный blob/version.",OPEN
OCD-0137,VKM-031,Мадлен,YIELD_AND_TOLERANCE,"Установить целевой выход, фактические потери и допустимые отклонения.",A: принять проектный выход после измерений; B: заменить измеренным выходом/допуском; C: назначить дополнительную серию.,"B — взвесить входы, отходы, полуфабрикаты и финальный выход минимум в одной документированной серии; допуск выводить из измерений, не назначать заранее.",EVD-0005;EVD-0008,Фактический выход меняет стоимость порции.,"Влияет на цену, food cost и маржу.",Недостоверный выход мешает валидировать порционирование и режим.,Влияет на размер партии и число циклов.,Chef / Operations,Контрольная форма заполнена фактическими массами; арифметика reconciled; Chef утвердил выход и допуск; новая версия связана с recipe blob.,OPEN
OCD-0138,VKM-031,Мадлен,SEMI_FINISHED_STRUCTURE,"Зафиксировать состав, вариант партии и повторное использование каждого связанного полуфабриката.",A: единая общая формула; B: отдельные варианты с технологическим основанием; C: покупной компонент с точным SKU.,A для реально одинаковых заготовок; B только при документированном технологическом различии; C только после фиксации SKU и спецификации.,EVD-0009;EVD-0007;EVD-0008,Устраняет двойной учёт и определяет стоимость VSF.,Меняет полный COGS и ценовой коридор.,"Точный процесс/SKU нужен для аллергенов, хранения и прослеживаемости.","Определяет объём партии, хранение, тару и циклы.",Chef / Procurement,"Chef утвердил VSF mapping и variant; выбранный вариант имеет формулу, фактический/принятый выход и правило single-count; при C приложена спецификация SKU.",OPEN
OCD-0139,VKM-031,Мадлен,PROCESS_AND_ORGANOLEPTIC,"Утвердить последовательность, фактическое время, подачу и измеримые органолептические критерии.",A: принять проект после проработки; B: скорректировать процесс/подачу; C: отклонить результат и повторить.,"B — выполнить проработку, записать фактические время и наблюдения по внешнему виду, цвету, запаху, вкусу и текстуре; решение не заполнять до испытания.",EVD-0010;EVD-0011;EVD-0030,Время и операции меняют трудоёмкость и расход ресурсов.,Влияет на минимальную цену и пропускную способность канала.,Процесс должен пройти повторный FoodSafety review.,"Фиксирует оборудование, время цикла и число партий.",Chef,Заполнен протокол проработки; Chef вынес APPROVED/REWORK/REJECTED; критерии и допустимые отклонения связаны с точной recipe version.,OPEN
OCD-0140,VKM-031,Мадлен,STORAGE_REALIZATION_GATE,Определить фактический маршрут по каналам и передать его на version-locked FoodSafety/ППК решение по хранению и реализации.,A: только немедленная подача; B: хранение/охлаждение/разогрев; C: доставка/навынос; допускается документированная комбинация.,"Сначала выбрать только реально планируемые маршруты; затем FoodSafety/ППК устанавливает доказанные режимы по точной рецептуре, SKU и процессу. До этого сохранять BLOCK.",EVD-0013;EVD-0014;EVD-FS-001;EVD-FS-003,"Может добавить упаковку, списания и контроль.",Меняет переменные расходы и цену по каналу.,"Прямо определяет safety veto, маркировку и контрольные точки.","Может потребовать охлаждение, хранение, термоконтроль и отдельные мощности.",Chef / Owner / FoodSafety / ППК,Маршрут утверждён Owner/Chef; exact recipe/SKU/process переданы FoodSafety; получено документированное version-locked решение температур/сроков/CCP и повторный review снимает либо сохраняет veto.,OPEN
