recipe_line_id,dish_code,cost_card_code,tech_card_code,recipe_version,ingredient_id,ingredient_name,component_type,production_stage,semi_finished_candidate_code,gross_qty,gross_unit,net_qty,net_unit,projected_output_contribution,output_unit,projected_preparation_loss,projected_process_loss,parameter_status,evidence_ids,calculation_method,source_date,confirmation_owner,blocker_ids,validation_note
RCP-0001,VKM-001,VKC-001,VKT-001,0.1.0-DRAFT,ING-001,Мука пшеничная хлебопекарная,RAW_OR_FLATTENED_COMPONENT,Тесто,VSF-001,140,г,140,г,130,г,0,10,ASSUMPTION,EVD-0007;EVD-0008,Проектная декомпозиция ChefTechnologyAgent; суммы contribution нормированы к draft-выходу EVD-0005; проверить взвешиванием,2026-08-03,Chef,GAP-004;GAP-005,Не является утверждённой нормой; gross/net/output зафиксировать в контрольной серии
RCP-0002,VKM-001,VKC-001,VKT-001,0.1.0-DRAFT,ING-002,Вода питьевая,RAW_OR_FLATTENED_COMPONENT,Тесто,VSF-001,85,г,85,г,70,г,0,15,ASSUMPTION,EVD-0007;EVD-0008,Проектная декомпозиция ChefTechnologyAgent; суммы contribution нормированы к draft-выходу EVD-0005; проверить взвешиванием,2026-08-03,Chef,GAP-004;GAP-005,Не является утверждённой нормой; gross/net/output зафиксировать в контрольной серии
RCP-0003,VKM-001,VKC-001,VKT-001,0.1.0-DRAFT,ING-003,Дрожжи хлебопекарные,RAW_OR_FLATTENED_COMPONENT,Тесто,VSF-001,2,г,2,г,2,г,0,0,ASSUMPTION,EVD-0007;EVD-0008,Проектная декомпозиция ChefTechnologyAgent; суммы contribution нормированы к draft-выходу EVD-0005; проверить взвешиванием,2026-08-03,Chef,GAP-004;GAP-005,Не является утверждённой нормой; gross/net/output зафиксировать в контрольной серии
RCP-0004,VKM-001,VKC-001,VKT-001,0.1.0-DRAFT,ING-004,Соль пищевая,RAW_OR_FLATTENED_COMPONENT,Тесто,VSF-001,3,г,3,г,3,г,0,0,ASSUMPTION,EVD-0007;EVD-0008,Проектная декомпозиция ChefTechnologyAgent; суммы contribution нормированы к draft-выходу EVD-0005; проверить взвешиванием,2026-08-03,Chef,GAP-004;GAP-005,Не является утверждённой нормой; gross/net/output зафиксировать в контрольной серии
RCP-0005,VKM-001,VKC-001,VKT-001,0.1.0-DRAFT,ING-005,Масло оливковое,RAW_OR_FLATTENED_COMPONENT,Тесто,VSF-001,8,г,8,г,8,г,0,0,ASSUMPTION,EVD-0007;EVD-0008,Проектная декомпозиция ChefTechnologyAgent; суммы contribution нормированы к draft-выходу EVD-0005; проверить взвешиванием,2026-08-03,Chef,GAP-004;GAP-005,Не является утверждённой нормой; gross/net/output зафиксировать в контрольной серии
RCP-0006,VKM-001,VKC-001,VKT-001,0.1.0-DRAFT,ING-006,Томаты протёртые,RAW_OR_FLATTENED_COMPONENT,Соус,VSF-002,70,г,70,г,67,г,0,3,ASSUMPTION,EVD-0007;EVD-0008,Проектная декомпозиция ChefTechnologyAgent; суммы contribution нормированы к draft-выходу EVD-0005; проверить взвешиванием,2026-08-03,Chef,GAP-004;GAP-005,Не является утверждённой нормой; gross/net/output зафиксировать в контрольной серии
RCP-0007,VKM-001,VKC-001,VKT-001,0.1.0-DRAFT,ING-007,Чеснок,RAW_OR_FLATTENED_COMPONENT,Соус,VSF-002,2.2,г,2,г,2,г,0.2,0,ASSUMPTION,EVD-0007;EVD-0008,Проектная декомпозиция ChefTechnologyAgent; суммы contribution нормированы к draft-выходу EVD-0005; проверить взвешиванием,2026-08-03,Chef,GAP-004;GAP-005,Не является утверждённой нормой; gross/net/output зафиксировать в контрольной серии
RCP-0008,VKM-001,VKC-001,VKT-001,0.1.0-DRAFT,ING-008,Орегано,RAW_OR_FLATTENED_COMPONENT,Соус,VSF-002,1,г,1,г,1,г,0,0,ASSUMPTION,EVD-0007;EVD-0008,Проектная декомпозиция ChefTechnologyAgent; суммы contribution нормированы к draft-выходу EVD-0005; проверить взвешиванием,2026-08-03,Chef,GAP-004;GAP-005,Не является утверждённой нормой; gross/net/output зафиксировать в контрольной серии
RCP-0009,VKM-001,VKC-001,VKT-001,0.1.0-DRAFT,ING-005,Масло оливковое,RAW_OR_FLATTENED_COMPONENT,Соус,VSF-002,10,г,10,г,10,г,0,0,ASSUMPTION,EVD-0007;EVD-0008,Проектная декомпозиция ChefTechnologyAgent; суммы contribution нормированы к draft-выходу EVD-0005; проверить взвешиванием,2026-08-03,Chef,GAP-004;GAP-005,Не является утверждённой нормой; gross/net/output зафиксировать в контрольной серии
RCP-0010,VKM-001,VKC-001,VKT-001,0.1.0-DRAFT,ING-009,Моцарелла,RAW_OR_FLATTENED_COMPONENT,Сборка,,130,г,130,г,130,г,0,0,ASSUMPTION,EVD-0007;EVD-0008,Проектная декомпозиция ChefTechnologyAgent; суммы contribution нормированы к draft-выходу EVD-0005; проверить взвешиванием,2026-08-03,Chef,GAP-004;GAP-005,Не является утверждённой нормой; gross/net/output зафиксировать в контрольной серии
RCP-0011,VKM-001,VKC-001,VKT-001,0.1.0-DRAFT,ING-010,Пармезан,RAW_OR_FLATTENED_COMPONENT,Сборка,,10,г,10,г,10,г,0,0,ASSUMPTION,EVD-0007;EVD-0008,Проектная декомпозиция ChefTechnologyAgent; суммы contribution нормированы к draft-выходу EVD-0005; проверить взвешиванием,2026-08-03,Chef,GAP-004;GAP-005,Не является утверждённой нормой; gross/net/output зафиксировать в контрольной серии
RCP-0012,VKM-001,VKC-001,VKT-001,0.1.0-DRAFT,ING-011,Базилик свежий,RAW_OR_FLATTENED_COMPONENT,Сборка,,6,г,5,г,5,г,1,0,ASSUMPTION,EVD-0007;EVD-0008,Проектная декомпозиция ChefTechnologyAgent; суммы contribution нормированы к draft-выходу EVD-0005; проверить взвешиванием,2026-08-03,Chef,GAP-004;GAP-005,Не является утверждённой нормой; gross/net/output зафиксировать в контрольной серии
RCP-0013,VKM-001,VKC-001,VKT-001,0.1.0-DRAFT,ING-005,Масло оливковое,RAW_OR_FLATTENED_COMPONENT,Финиш,,12,г,12,г,12,г,0,0,ASSUMPTION,EVD-0007;EVD-0008,Проектная декомпозиция ChefTechnologyAgent; суммы contribution нормированы к draft-выходу EVD-0005; проверить взвешиванием,2026-08-03,Chef,GAP-004;GAP-005,Не является утверждённой нормой; gross/net/output зафиксировать в контрольной серии
RCP-0014,VKM-002,VKC-002,VKT-002,0.1.0-DRAFT,ING-001,Мука пшеничная хлебопекарная,RAW_OR_FLATTENED_COMPONENT,Тесто,VSF-001,140,г,140,г,130,г,0,10,ASSUMPTION,EVD-0007;EVD-0008,Проектная декомпозиция ChefTechnologyAgent; суммы contribution нормированы к draft-выходу EVD-0005; проверить взвешиванием,2026-08-03,Chef,GAP-004;GAP-005,Не является утверждённой нормой; gross/net/output зафиксировать в контрольной серии
RCP-0015,VKM-002,VKC-002,VKT-002,0.1.0-DRAFT,ING-002,Вода питьевая,RAW_OR_FLATTENED_COMPONENT,Тесто,VSF-001,85,г,85,г,70,г,0,15,ASSUMPTION,EVD-0007;EVD-0008,Проектная декомпозиция ChefTechnologyAgent; суммы contribution нормированы к draft-выходу EVD-0005; проверить взвешиванием,2026-08-03,Chef,GAP-004;GAP-005,Не является утверждённой нормой; gross/net/output зафиксировать в контрольной серии
RCP-0016,VKM-002,VKC-002,VKT-002,0.1.0-DRAFT,ING-003,Дрожжи хлебопекарные,RAW_OR_FLATTENED_COMPONENT,Тесто,VSF-001,2,г,2,г,2,г,0,0,ASSUMPTION,EVD-0007;EVD-0008,Проектная декомпозиция ChefTechnologyAgent; суммы contribution нормированы к draft-выходу EVD-0005; проверить взвешиванием,2026-08-03,Chef,GAP-004;GAP-005,Не является утверждённой нормой; gross/net/output зафиксировать в контрольной серии
RCP-0017,VKM-002,VKC-002,VKT-002,0.1.0-DRAFT,ING-004,Соль пищевая,RAW_OR_FLATTENED_COMPONENT,Тесто,VSF-001,3,г,3,г,3,г,0,0,ASSUMPTION,EVD-0007;EVD-0008,Проектная декомпозиция ChefTechnologyAgent; суммы contribution нормированы к draft-выходу EVD-0005; проверить взвешиванием,2026-08-03,Chef,GAP-004;GAP-005,Не является утверждённой нормой; gross/net/output зафиксировать в контрольной серии
RCP-0018,VKM-002,VKC-002,VKT-002,0.1.0-DRAFT,ING-005,Масло оливковое,RAW_OR_FLATTENED_COMPONENT,Тесто,VSF-001,15,г,15,г,15,г,0,0,ASSUMPTION,EVD-0007;EVD-0008,Проектная декомпозиция ChefTechnologyAgent; суммы contribution нормированы к draft-выходу EVD-0005; проверить взвешиванием,2026-08-03,Chef,GAP-004;GAP-005,Не является утверждённой нормой; gross/net/output зафиксировать в контрольной серии
RCP-0019,VKM-002,VKC-002,VKT-002,0.1.0-DRAFT,ING-006,Томаты протёртые,RAW_OR_FLATTENED_COMPONENT,Соус,VSF-002,45,г,45,г,42,г,0,3,ASSUMPTION,EVD-0007;EVD-0008,Проектная декомпозиция ChefTechnologyAgent; суммы contribution нормированы к draft-выходу EVD-0005; проверить взвешиванием,2026-08-03,Chef,GAP-004;GAP-005,Не является утверждённой нормой; gross/net/output зафиксировать в контрольной серии
RCP-0020,VKM-002,VKC-002,VKT-002,0.1.0-DRAFT,ING-007,Чеснок,RAW_OR_FLATTENED_COMPONENT,Соус,VSF-002,2.2,г,2,г,2,г,0.2,0,ASSUMPTION,EVD-0007;EVD-0008,Проектная декомпозиция ChefTechnologyAgent; суммы contribution нормированы к draft-выходу EVD-0005; проверить взвешиванием,2026-08-03,Chef,GAP-004;GAP-005,Не является утверждённой нормой; gross/net/output зафиксировать в контрольной серии
RCP-0021,VKM-002,VKC-002,VKT-002,0.1.0-DRAFT,ING-008,Орегано,RAW_OR_FLATTENED_COMPONENT,Соус,VSF-002,1,г,1,г,1,г,0,0,ASSUMPTION,EVD-0007;EVD-0008,Проектная декомпозиция ChefTechnologyAgent; суммы contribution нормированы к draft-выходу EVD-0005; проверить взвешиванием,2026-08-03,Chef,GAP-004;GAP-005,Не является утверждённой нормой; gross/net/output зафиксировать в контрольной серии
RCP-0022,VKM-002,VKC-002,VKT-002,0.1.0-DRAFT,ING-005,Масло оливковое,RAW_OR_FLATTENED_COMPONENT,Соус,VSF-002,5,г,5,г,5,г,0,0,ASSUMPTION,EVD-0007;EVD-0008,Проектная декомпозиция ChefTechnologyAgent; суммы contribution нормированы к draft-выходу EVD-0005; проверить взвешиванием,2026-08-03,Chef,GAP-004;GAP-005,Не является утверждённой нормой; gross/net/output зафиксировать в контрольной серии
RCP-0023,VKM-002,VKC-002,VKT-002,0.1.0-DRAFT,ING-009,Моцарелла,RAW_OR_FLATTENED_COMPONENT,Сборка,,90,г,90,г,90,г,0,0,ASSUMPTION,EVD-0007;EVD-0008,Проектная декомпозиция ChefTechnologyAgent; суммы contribution нормированы к draft-выходу EVD-0005; проверить взвешиванием,2026-08-03,Chef,GAP-004;GAP-005,Не является утверждённой нормой; gross/net/output зафиксировать в контрольной серии
RCP-0024,VKM-002,VKC-002,VKT-002,0.1.0-DRAFT,ING-012,Горгонзола,RAW_OR_FLATTENED_COMPONENT,Сборка,,45,г,45,г,45,г,0,0,ASSUMPTION,EVD-0007;EVD-0008,Проектная декомпозиция ChefTechnologyAgent; суммы contribution нормированы к draft-выходу EVD-0005; проверить взвешиванием,2026-08-03,Chef,GAP-004;GAP-005,Не является утверждённой нормой; gross/net/output зафиксировать в контрольной серии
RCP-0025,VKM-002,VKC-002,VKT-002,0.1.0-DRAFT,ING-010,Пармезан,RAW_OR_FLATTENED_COMPONENT,Сборка,,35,г,35,г,35,г,0,0,ASSUMPTION,EVD-0007;EVD-0008,Проектная декомпозиция ChefTechnologyAgent; суммы contribution нормированы к draft-выходу EVD-0005; проверить взвешиванием,2026-08-03,Chef,GAP-004;GAP-005,Не является утверждённой нормой; gross/net/output зафиксировать в контрольной серии
RCP-0026,VKM-002,VKC-002,VKT-002,0.1.0-DRAFT,ING-013,Фонтина или иной четвёртый сыр,RAW_OR_FLATTENED_COMPONENT,Сборка,,30,г,30,г,30,г,0,0,ASSUMPTION,EVD-0007;EVD-0008,Проектная декомпозиция ChefTechnologyAgent; суммы contribution нормированы к draft-выходу EVD-0005; проверить взвешиванием,2026-08-03,Chef,GAP-004;GAP-005,Не является утверждённой нормой; gross/net/output зафиксировать в контрольной серии
RCP-0027,VKM-002,VKC-002,VKT-002,0.1.0-DRAFT,ING-005,Масло оливковое,RAW_OR_FLATTENED_COMPONENT,Финиш,,10,г,10,г,10,г,0,0,ASSUMPTION,EVD-0007;EVD-0008,Проектная декомпозиция ChefTechnologyAgent; суммы contribution нормированы к draft-выходу EVD-0005; проверить взвешиванием,2026-08-03,Chef,GAP-004;GAP-005,Не является утверждённой нормой; gross/net/output зафиксировать в контрольной серии
RCP-0028,VKM-003,VKC-003,VKT-003,0.1.0-DRAFT,ING-001,Мука пшеничная хлебопекарная,RAW_OR_FLATTENED_COMPONENT,Тесто,VSF-001,140,г,140,г,130,г,0,10,ASSUMPTION,EVD-0007;EVD-0008,Проектная декомпозиция ChefTechnologyAgent; суммы contribution нормированы к draft-выходу EVD-0005; проверить взвешиванием,2026-08-03,Chef,GAP-004;GAP-005,Не является утверждённой нормой; gross/net/output зафиксировать в контрольной серии
RCP-0029,VKM-003,VKC-003,VKT-003,0.1.0-DRAFT,ING-002,Вода питьевая,RAW_OR_FLATTENED_COMPONENT,Тесто,VSF-001,85,г,85,г,70,г,0,15,ASSUMPTION,EVD-0007;EVD-0008,Проектная декомпозиция ChefTechnologyAgent; суммы contribution нормированы к draft-выходу EVD-0005; проверить взвешиванием,2026-08-03,Chef,GAP-004;GAP-005,Не является утверждённой нормой; gross/net/output зафиксировать в контрольной серии
RCP-0030,VKM-003,VKC-003,VKT-003,0.1.0-DRAFT,ING-003,Дрожжи хлебопекарные,RAW_OR_FLATTENED_COMPONENT,Тесто,VSF-001,2,г,2,г,2,г,0,0,ASSUMPTION,EVD-0007;EVD-0008,Проектная декомпозиция ChefTechnologyAgent; суммы contribution нормированы к draft-выходу EVD-0005; проверить взвешиванием,2026-08-03,Chef,GAP-004;GAP-005,Не является утверждённой нормой; gross/net/output зафиксировать в контрольной серии
RCP-0031,VKM-003,VKC-003,VKT-003,0.1.0-DRAFT,ING-004,Соль пищевая,RAW_OR_FLATTENED_COMPONENT,Тесто,VSF-001,3,г,3,г,3,г,0,0,ASSUMPTION,EVD-0007;EVD-0008,Проектная декомпозиция ChefTechnologyAgent; суммы contribution нормированы к draft-выходу EVD-0005; проверить взвешиванием,2026-08-03,Chef,GAP-004;GAP-005,Не является утверждённой нормой; gross/net/output зафиксировать в контрольной серии
RCP-0032,VKM-003,VKC-003,VKT-003,0.1.0-DRAFT,ING-005,Масло оливковое,RAW_OR_FLATTENED_COMPONENT,Тесто,VSF-001,15,г,15,г,15,г,0,0,ASSUMPTION,EVD-0007;EVD-0008,Проектная декомпозиция ChefTechnologyAgent; суммы contribution нормированы к draft-выходу EVD-0005; проверить взвешиванием,2026-08-03,Chef,GAP-004;GAP-005,Не является утверждённой нормой; gross/net/output зафиксировать в контрольной серии
RCP-0033,VKM-003,VKC-003,VKT-003,0.1.0-DRAFT,ING-006,Томаты протёртые,RAW_OR_FLATTENED_COMPONENT,Соус,VSF-002,63,г,63,г,60,г,0,3,ASSUMPTION,EVD-0007;EVD-0008,Проектная декомпозиция ChefTechnologyAgent; суммы contribution нормированы к draft-выходу EVD-0005; проверить взвешиванием,2026-08-03,Chef,GAP-004;GAP-005,Не является утверждённой нормой; gross/net/output зафиксировать в контрольной серии
RCP-0034,VKM-003,VKC-003,VKT-003,0.1.0-DRAFT,ING-007,Чеснок,RAW_OR_FLATTENED_COMPONENT,Соус,VSF-002,2.2,г,2,г,2,г,0.2,0,ASSUMPTION,EVD-0007;EVD-0008,Проектная декомпозиция ChefTechnologyAgent; суммы contribution нормированы к draft-выходу EVD-0005; проверить взвешиванием,2026-08-03,Chef,GAP-004;GAP-005,Не является утверждённой нормой; gross/net/output зафиксировать в контрольной серии
RCP-0035,VKM-003,VKC-003,VKT-003,0.1.0-DRAFT,ING-008,Орегано,RAW_OR_FLATTENED_COMPONENT,Соус,VSF-002,1,г,1,г,1,г,0,0,ASSUMPTION,EVD-0007;EVD-0008,Проектная декомпозиция ChefTechnologyAgent; суммы contribution нормированы к draft-выходу EVD-0005; проверить взвешиванием,2026-08-03,Chef,GAP-004;GAP-005,Не является утверждённой нормой; gross/net/output зафиксировать в контрольной серии
RCP-0036,VKM-003,VKC-003,VKT-003,0.1.0-DRAFT,ING-005,Масло оливковое,RAW_OR_FLATTENED_COMPONENT,Соус,VSF-002,7,г,7,г,7,г,0,0,ASSUMPTION,EVD-0007;EVD-0008,Проектная декомпозиция ChefTechnologyAgent; суммы contribution нормированы к draft-выходу EVD-0005; проверить взвешиванием,2026-08-03,Chef,GAP-004;GAP-005,Не является утверждённой нормой; gross/net/output зафиксировать в контрольной серии
RCP-0037,VKM-003,VKC-003,VKT-003,0.1.0-DRAFT,ING-009,Моцарелла,RAW_OR_FLATTENED_COMPONENT,Сборка,,90,г,90,г,90,г,0,0,ASSUMPTION,EVD-0007;EVD-0008,Проектная декомпозиция ChefTechnologyAgent; суммы contribution нормированы к draft-выходу EVD-0005; проверить взвешиванием,2026-08-03,Chef,GAP-004;GAP-005,Не является утверждённой нормой; gross/net/output зафиксировать в контрольной серии
RCP-0038,VKM-003,VKC-003,VKT-003,0.1.0-DRAFT,ING-014,Ветчина,RAW_OR_FLATTENED_COMPONENT,Сборка,,60,г,60,г,60,г,0,0,ASSUMPTION,EVD-0007;EVD-0008,Проектная декомпозиция ChefTechnologyAgent; суммы contribution нормированы к draft-выходу EVD-0005; проверить взвешиванием,2026-08-03,Chef,GAP-004;GAP-005,Не является утверждённой нормой; gross/net/output зафиксировать в контрольной серии
RCP-0039,VKM-003,VKC-003,VKT-003,0.1.0-DRAFT,ING-015,Шампиньоны,RAW_OR_FLATTENED_COMPONENT,Сборка,,50,г,48,г,45,г,2,3,ASSUMPTION,EVD-0007;EVD-0008,Проектная декомпозиция ChefTechnologyAgent; суммы contribution нормированы к draft-выходу EVD-0005; проверить взвешиванием,2026-08-03,Chef,GAP-004;GAP-005,Не является утверждённой нормой; gross/net/output зафиксировать в контрольной серии
RCP-0040,VKM-003,VKC-003,VKT-003,0.1.0-DRAFT,ING-016,Лук репчатый,RAW_OR_FLATTENED_COMPONENT,Сборка,,12,г,10,г,10,г,2,0,ASSUMPTION,EVD-0007;EVD-0008,Проектная декомпозиция ChefTechnologyAgent; суммы contribution нормированы к draft-выходу EVD-0005; проверить взвешиванием,2026-08-03,Chef,GAP-004;GAP-005,Не является утверждённой нормой; gross/net/output зафиксировать в контрольной серии
RCP-0041,VKM-003,VKC-003,VKT-003,0.1.0-DRAFT,ING-005,Масло оливковое,RAW_OR_FLATTENED_COMPONENT,Финиш,,5,г,5,г,5,г,0,0,ASSUMPTION,EVD-0007;EVD-0008,Проектная декомпозиция ChefTechnologyAgent; суммы contribution нормированы к draft-выходу EVD-0005; проверить взвешиванием,2026-08-03,Chef,GAP-004;GAP-005,Не является утверждённой нормой; gross/net/output зафиксировать в контрольной серии
RCP-0042,VKM-004,VKC-004,VKT-004,0.1.0-DRAFT,ING-001,Мука пшеничная хлебопекарная,RAW_OR_FLATTENED_COMPONENT,Тесто,VSF-001,140,г,140,г,130,г,0,10,ASSUMPTION,EVD-0007;EVD-0008,Проектная декомпозиция ChefTechnologyAgent; суммы contribution нормированы к draft-выходу EVD-0005; проверить взвешиванием,2026-08-03,Chef,GAP-004;GAP-005,Не является утверждённой нормой; gross/net/output зафиксировать в контрольной серии
RCP-0043,VKM-004,VKC-004,VKT-004,0.1.0-DRAFT,ING-002,Вода питьевая,RAW_OR_FLATTENED_COMPONENT,Тесто,VSF-001,85,г,85,г,70,г,0,15,ASSUMPTION,EVD-0007;EVD-0008,Проектная декомпозиция ChefTechnologyAgent; суммы contribution нормированы к draft-выходу EVD-0005; проверить взвешиванием,2026-08-03,Chef,GAP-004;GAP-005,Не является утверждённой нормой; gross/net/output зафиксировать в контрольной серии
RCP-0044,VKM-004,VKC-004,VKT-004,0.1.0-DRAFT,ING-003,Дрожжи хлебопекарные,RAW_OR_FLATTENED_COMPONENT,Тесто,VSF-001,2,г,2,г,2,г,0,0,ASSUMPTION,EVD-0007;EVD-0008,Проектная декомпозиция ChefTechnologyAgent; суммы contribution нормированы к draft-выходу EVD-0005; проверить взвешиванием,2026-08-03,Chef,GAP-004;GAP-005,Не является утверждённой нормой; gross/net/output зафиксировать в контрольной серии
RCP-0045,VKM-004,VKC-004,VKT-004,0.1.0-DRAFT,ING-004,Соль пищевая,RAW_OR_FLATTENED_COMPONENT,Тесто,VSF-001,3,г,3,г,3,г,0,0,ASSUMPTION,EVD-0007;EVD-0008,Проектная декомпозиция ChefTechnologyAgent; суммы contribution нормированы к draft-выходу EVD-0005; проверить взвешиванием,2026-08-03,Chef,GAP-004;GAP-005,Не является утверждённой нормой; gross/net/output зафиксировать в контрольной серии
RCP-0046,VKM-004,VKC-004,VKT-004,0.1.0-DRAFT,ING-005,Масло оливковое,RAW_OR_FLATTENED_COMPONENT,Тесто,VSF-001,15,г,15,г,15,г,0,0,ASSUMPTION,EVD-0007;EVD-0008,Проектная декомпозиция ChefTechnologyAgent; суммы contribution нормированы к draft-выходу EVD-0005; проверить взвешиванием,2026-08-03,Chef,GAP-004;GAP-005,Не является утверждённой нормой; gross/net/output зафиксировать в контрольной серии
RCP-0047,VKM-004,VKC-004,VKT-004,0.1.0-DRAFT,ING-006,Томаты протёртые,RAW_OR_FLATTENED_COMPONENT,Соус,VSF-002,63,г,63,г,60,г,0,3,ASSUMPTION,EVD-0007;EVD-0008,Проектная декомпозиция ChefTechnologyAgent; суммы contribution нормированы к draft-выходу EVD-0005; проверить взвешиванием,2026-08-03,Chef,GAP-004;GAP-005,Не является утверждённой нормой; gross/net/output зафиксировать в контрольной серии
RCP-0048,VKM-004,VKC-004,VKT-004,0.1.0-DRAFT,ING-007,Чеснок,RAW_OR_FLATTENED_COMPONENT,Соус,VSF-002,2.2,г,2,г,2,г,0.2,0,ASSUMPTION,EVD-0007;EVD-0008,Проектная декомпозиция ChefTechnologyAgent; суммы contribution нормированы к draft-выходу EVD-0005; проверить взвешиванием,2026-08-03,Chef,GAP-004;GAP-005,Не является утверждённой нормой; gross/net/output зафиксировать в контрольной серии
RCP-0049,VKM-004,VKC-004,VKT-004,0.1.0-DRAFT,ING-008,Орегано,RAW_OR_FLATTENED_COMPONENT,Соус,VSF-002,1,г,1,г,1,г,0,0,ASSUMPTION,EVD-0007;EVD-0008,Проектная декомпозиция ChefTechnologyAgent; суммы contribution нормированы к draft-выходу EVD-0005; проверить взвешиванием,2026-08-03,Chef,GAP-004;GAP-005,Не является утверждённой нормой; gross/net/output зафиксировать в контрольной серии
RCP-0050,VKM-004,VKC-004,VKT-004,0.1.0-DRAFT,ING-005,Масло оливковое,RAW_OR_FLATTENED_COMPONENT,Соус,VSF-002,7,г,7,г,7,г,0,0,ASSUMPTION,EVD-0007;EVD-0008,Проектная декомпозиция ChefTechnologyAgent; суммы contribution нормированы к draft-выходу EVD-0005; проверить взвешиванием,2026-08-03,Chef,GAP-004;GAP-005,Не является утверждённой нормой; gross/net/output зафиксировать в контрольной серии
RCP-0051,VKM-004,VKC-004,VKT-004,0.1.0-DRAFT,ING-009,Моцарелла,RAW_OR_FLATTENED_COMPONENT,Сборка,,110,г,110,г,110,г,0,0,ASSUMPTION,EVD-0007;EVD-0008,Проектная декомпозиция ChefTechnologyAgent; суммы contribution нормированы к draft-выходу EVD-0005; проверить взвешиванием,2026-08-03,Chef,GAP-004;GAP-005,Не является утверждённой нормой; gross/net/output зафиксировать в контрольной серии
RCP-0052,VKM-004,VKC-004,VKT-004,0.1.0-DRAFT,ING-017,Пепперони,RAW_OR_FLATTENED_COMPONENT,Сборка,,90,г,90,г,90,г,0,0,ASSUMPTION,EVD-0007;EVD-0008,Проектная декомпозиция ChefTechnologyAgent; суммы contribution нормированы к draft-выходу EVD-0005; проверить взвешиванием,2026-08-03,Chef,GAP-004;GAP-005,Не является утверждённой нормой; gross/net/output зафиксировать в контрольной серии
RCP-0053,VKM-004,VKC-004,VKT-004,0.1.0-DRAFT,ING-005,Масло оливковое,RAW_OR_FLATTENED_COMPONENT,Финиш,,10,г,10,г,10,г,0,0,ASSUMPTION,EVD-0007;EVD-0008,Проектная декомпозиция ChefTechnologyAgent; суммы contribution нормированы к draft-выходу EVD-0005; проверить взвешиванием,2026-08-03,Chef,GAP-004;GAP-005,Не является утверждённой нормой; gross/net/output зафиксировать в контрольной серии
RCP-0054,VKM-005,VKC-005,VKT-005,0.1.0-DRAFT,ING-001,Мука пшеничная хлебопекарная,RAW_OR_FLATTENED_COMPONENT,Тесто,VSF-003,60,г,60,г,55,г,0,5,ASSUMPTION,EVD-0007;EVD-0008,Проектная декомпозиция ChefTechnologyAgent; суммы contribution нормированы к draft-выходу EVD-0005; проверить взвешиванием,2026-08-03,Chef,GAP-004;GAP-005,Не является утверждённой нормой; gross/net/output зафиксировать в контрольной серии
RCP-0055,VKM-005,VKC-005,VKT-005,0.1.0-DRAFT,ING-002,Вода питьевая,RAW_OR_FLATTENED_COMPONENT,Тесто,VSF-003,40,г,40,г,34,г,0,6,ASSUMPTION,EVD-0007;EVD-0008,Проектная декомпозиция ChefTechnologyAgent; суммы contribution нормированы к draft-выходу EVD-0005; проверить взвешиванием,2026-08-03,Chef,GAP-004;GAP-005,Не является утверждённой нормой; gross/net/output зафиксировать в контрольной серии
RCP-0056,VKM-005,VKC-005,VKT-005,0.1.0-DRAFT,ING-003,Дрожжи хлебопекарные,RAW_OR_FLATTENED_COMPONENT,Тесто,VSF-003,1,г,1,г,1,г,0,0,ASSUMPTION,EVD-0007;EVD-0008,Проектная декомпозиция ChefTechnologyAgent; суммы contribution нормированы к draft-выходу EVD-0005; проверить взвешиванием,2026-08-03,Chef,GAP-004;GAP-005,Не является утверждённой нормой; gross/net/output зафиксировать в контрольной серии
RCP-0057,VKM-005,VKC-005,VKT-005,0.1.0-DRAFT,ING-004,Соль пищевая,RAW_OR_FLATTENED_COMPONENT,Тесто,VSF-003,2,г,2,г,2,г,0,0,ASSUMPTION,EVD-0007;EVD-0008,Проектная декомпозиция ChefTechnologyAgent; суммы contribution нормированы к draft-выходу EVD-0005; проверить взвешиванием,2026-08-03,Chef,GAP-004;GAP-005,Не является утверждённой нормой; gross/net/output зафиксировать в контрольной серии
RCP-0058,VKM-005,VKC-005,VKT-005,0.1.0-DRAFT,ING-005,Масло оливковое,RAW_OR_FLATTENED_COMPONENT,Тесто,VSF-003,8,г,8,г,8,г,0,0,ASSUMPTION,EVD-0007;EVD-0008,Проектная декомпозиция ChefTechnologyAgent; суммы contribution нормированы к draft-выходу EVD-0005; проверить взвешиванием,2026-08-03,Chef,GAP-004;GAP-005,Не является утверждённой нормой; gross/net/output зафиксировать в контрольной серии
RCP-0059,VKM-006,VKC-006,VKT-006,0.1.0-DRAFT,ING-001,Мука пшеничная хлебопекарная,RAW_OR_FLATTENED_COMPONENT,Тесто,VSF-004,55,г,55,г,50,г,0,5,ASSUMPTION,EVD-0007;EVD-0008,Проектная декомпозиция ChefTechnologyAgent; суммы contribution нормированы к draft-выходу EVD-0005; проверить взвешиванием,2026-08-03,Chef,GAP-004;GAP-005,Не является утверждённой нормой; gross/net/output зафиксировать в контрольной серии
RCP-0060,VKM-006,VKC-006,VKT-006,0.1.0-DRAFT,ING-002,Вода питьевая,RAW_OR_FLATTENED_COMPONENT,Тесто,VSF-004,31,г,31,г,25,г,0,6,ASSUMPTION,EVD-0007;EVD-0008,Проектная декомпозиция ChefTechnologyAgent; суммы contribution нормированы к draft-выходу EVD-0005; проверить взвешиванием,2026-08-03,Chef,GAP-004;GAP-005,Не является утверждённой нормой; gross/net/output зафиксировать в контрольной серии
RCP-0061,VKM-006,VKC-006,VKT-006,0.1.0-DRAFT,ING-018,Пюре томатное,RAW_OR_FLATTENED_COMPONENT,Тесто,VSF-004,13,г,13,г,12,г,0,1,ASSUMPTION,EVD-0007;EVD-0008,Проектная декомпозиция ChefTechnologyAgent; суммы contribution нормированы к draft-выходу EVD-0005; проверить взвешиванием,2026-08-03,Chef,GAP-004;GAP-005,Не является утверждённой нормой; gross/net/output зафиксировать в контрольной серии
RCP-0062,VKM-006,VKC-006,VKT-006,0.1.0-DRAFT,ING-019,Томаты вяленые,RAW_OR_FLATTENED_COMPONENT,Тесто,VSF-004,8,г,8,г,8,г,0,0,ASSUMPTION,EVD-0007;EVD-0008,Проектная декомпозиция ChefTechnologyAgent; суммы contribution нормированы к draft-выходу EVD-0005; проверить взвешиванием,2026-08-03,Chef,GAP-004;GAP-005,Не является утверждённой нормой; gross/net/output зафиксировать в контрольной серии
RCP-0063,VKM-006,VKC-006,VKT-006,0.1.0-DRAFT,ING-005,Масло оливковое,RAW_OR_FLATTENED_COMPONENT,Тесто,VSF-004,3,г,3,г,3,г,0,0,ASSUMPTION,EVD-0007;EVD-0008,Проектная декомпозиция ChefTechnologyAgent; суммы contribution нормированы к draft-выходу EVD-0005; проверить взвешиванием,2026-08-03,Chef,GAP-004;GAP-005,Не является утверждённой нормой; gross/net/output зафиксировать в контрольной серии
RCP-0064,VKM-006,VKC-006,VKT-006,0.1.0-DRAFT,ING-003,Дрожжи хлебопекарные,RAW_OR_FLATTENED_COMPONENT,Тесто,VSF-004,1,г,1,г,1,г,0,0,ASSUMPTION,EVD-0007;EVD-0008,Проектная декомпозиция ChefTechnologyAgent; суммы contribution нормированы к draft-выходу EVD-0005; проверить взвешиванием,2026-08-03,Chef,GAP-004;GAP-005,Не является утверждённой нормой; gross/net/output зафиксировать в контрольной серии
RCP-0065,VKM-006,VKC-006,VKT-006,0.1.0-DRAFT,ING-004,Соль пищевая,RAW_OR_FLATTENED_COMPONENT,Тесто,VSF-004,1,г,1,г,1,г,0,0,ASSUMPTION,EVD-0007;EVD-0008,Проектная декомпозиция ChefTechnologyAgent; суммы contribution нормированы к draft-выходу EVD-0005; проверить взвешиванием,2026-08-03,Chef,GAP-004;GAP-005,Не является утверждённой нормой; gross/net/output зафиксировать в контрольной серии
RCP-0066,VKM-007,VKC-007,VKT-007,0.1.0-DRAFT,ING-020,Мука ржаная,RAW_OR_FLATTENED_COMPONENT,Тесто,VSF-005,150,г,150,г,140,г,0,10,ASSUMPTION,EVD-0007;EVD-0008,Проектная декомпозиция ChefTechnologyAgent; суммы contribution нормированы к draft-выходу EVD-0005; проверить взвешиванием,2026-08-03,Chef,GAP-004;GAP-005,Не является утверждённой нормой; gross/net/output зафиксировать в контрольной серии
RCP-0067,VKM-007,VKC-007,VKT-007,0.1.0-DRAFT,ING-001,Мука пшеничная хлебопекарная,RAW_OR_FLATTENED_COMPONENT,Тесто,VSF-005,75,г,75,г,70,г,0,5,ASSUMPTION,EVD-0007;EVD-0008,Проектная декомпозиция ChefTechnologyAgent; суммы contribution нормированы к draft-выходу EVD-0005; проверить взвешиванием,2026-08-03,Chef,GAP-004;GAP-005,Не является утверждённой нормой; gross/net/output зафиксировать в контрольной серии
RCP-0068,VKM-007,VKC-007,VKT-007,0.1.0-DRAFT,ING-002,Вода питьевая,RAW_OR_FLATTENED_COMPONENT,Тесто,VSF-005,125,г,125,г,95,г,0,30,ASSUMPTION,EVD-0007;EVD-0008,Проектная декомпозиция ChefTechnologyAgent; суммы contribution нормированы к draft-выходу EVD-0005; проверить взвешиванием,2026-08-03,Chef,GAP-004;GAP-005,Не является утверждённой нормой; gross/net/output зафиксировать в контрольной серии
RCP-0069,VKM-007,VKC-007,VKT-007,0.1.0-DRAFT,ING-021,Солод ржаной,RAW_OR_FLATTENED_COMPONENT,Заварка,VSF-005,20,г,20,г,20,г,0,0,ASSUMPTION,EVD-0007;EVD-0008,Проектная декомпозиция ChefTechnologyAgent; суммы contribution нормированы к draft-выходу EVD-0005; проверить взвешиванием,2026-08-03,Chef,GAP-004;GAP-005,Не является утверждённой нормой; gross/net/output зафиксировать в контрольной серии
RCP-0070,VKM-007,VKC-007,VKT-007,0.1.0-DRAFT,ING-022,Патока,RAW_OR_FLATTENED_COMPONENT,Тесто,VSF-005,10,г,10,г,10,г,0,0,ASSUMPTION,EVD-0007;EVD-0008,Проектная декомпозиция ChefTechnologyAgent; суммы contribution нормированы к draft-выходу EVD-0005; проверить взвешиванием,2026-08-03,Chef,GAP-004;GAP-005,Не является утверждённой нормой; gross/net/output зафиксировать в контрольной серии
RCP-0071,VKM-007,VKC-007,VKT-007,0.1.0-DRAFT,ING-023,Кориандр,RAW_OR_FLATTENED_COMPONENT,Тесто/посыпка,VSF-005,4,г,4,г,4,г,0,0,ASSUMPTION,EVD-0007;EVD-0008,Проектная декомпозиция ChefTechnologyAgent; суммы contribution нормированы к draft-выходу EVD-0005; проверить взвешиванием,2026-08-03,Chef,GAP-004;GAP-005,Не является утверждённой нормой; gross/net/output зафиксировать в контрольной серии
RCP-0072,VKM-007,VKC-007,VKT-007,0.1.0-DRAFT,ING-003,Дрожжи хлебопекарные,RAW_OR_FLATTENED_COMPONENT,Тесто,VSF-005,3,г,3,г,3,г,0,0,ASSUMPTION,EVD-0007;EVD-0008,Проектная декомпозиция ChefTechnologyAgent; суммы contribution нормированы к draft-выходу EVD-0005; проверить взвешиванием,2026-08-03,Chef,GAP-004;GAP-005,Не является утверждённой нормой; gross/net/output зафиксировать в контрольной серии
RCP-0073,VKM-007,VKC-007,VKT-007,0.1.0-DRAFT,ING-004,Соль пищевая,RAW_OR_FLATTENED_COMPONENT,Тесто,VSF-005,5,г,5,г,5,г,0,0,ASSUMPTION,EVD-0007;EVD-0008,Проектная декомпозиция ChefTechnologyAgent; суммы contribution нормированы к draft-выходу EVD-0005; проверить взвешиванием,2026-08-03,Chef,GAP-004;GAP-005,Не является утверждённой нормой; gross/net/output зафиксировать в контрольной серии
RCP-0074,VKM-007,VKC-007,VKT-007,0.1.0-DRAFT,ING-024,Масло растительное,RAW_OR_FLATTENED_COMPONENT,Форма,VSF-005,3,г,3,г,3,г,0,0,ASSUMPTION,EVD-0007;EVD-0008,Проектная декомпозиция ChefTechnologyAgent; суммы contribution нормированы к draft-выходу EVD-0005; проверить взвешиванием,2026-08-03,Chef,GAP-004;GAP-005,Не является утверждённой нормой; gross/net/output зафиксировать в контрольной серии
RCP-0075,VKM-008,VKC-008,VKT-008,0.1.0-DRAFT,ING-001,Мука пшеничная хлебопекарная,RAW_OR_FLATTENED_COMPONENT,Тесто,VSF-006,38,г,38,г,35,г,0,3,ASSUMPTION,EVD-0007;EVD-0008,Проектная декомпозиция ChefTechnologyAgent; суммы contribution нормированы к draft-выходу EVD-0005; проверить взвешиванием,2026-08-03,Chef,GAP-004;GAP-005,Не является утверждённой нормой; gross/net/output зафиксировать в контрольной серии
RCP-0076,VKM-008,VKC-008,VKT-008,0.1.0-DRAFT,ING-025,Молоко,RAW_OR_FLATTENED_COMPONENT,Тесто,VSF-006,13,г,13,г,12,г,0,1,ASSUMPTION,EVD-0007;EVD-0008,Проектная декомпозиция ChefTechnologyAgent; суммы contribution нормированы к draft-выходу EVD-0005; проверить взвешиванием,2026-08-03,Chef,GAP-004;GAP-005,Не является утверждённой нормой; gross/net/output зафиксировать в контрольной серии
RCP-0077,VKM-008,VKC-008,VKT-008,0.1.0-DRAFT,ING-026,Яйцо или меланж,RAW_OR_FLATTENED_COMPONENT,Тесто,VSF-006,16,г,16,г,15,г,0,1,ASSUMPTION,EVD-0007;EVD-0008,Проектная декомпозиция ChefTechnologyAgent; суммы contribution нормированы к draft-выходу EVD-0005; проверить взвешиванием,2026-08-03,Chef,GAP-004;GAP-005,Не является утверждённой нормой; gross/net/output зафиксировать в контрольной серии
RCP-0078,VKM-008,VKC-008,VKT-008,0.1.0-DRAFT,ING-027,Масло сливочное,RAW_OR_FLATTENED_COMPONENT,Тесто,VSF-006,15,г,15,г,15,г,0,0,ASSUMPTION,EVD-0007;EVD-0008,Проектная декомпозиция ChefTechnologyAgent; суммы contribution нормированы к draft-выходу EVD-0005; проверить взвешиванием,2026-08-03,Chef,GAP-004;GAP-005,Не является утверждённой нормой; gross/net/output зафиксировать в контрольной серии
RCP-0079,VKM-008,VKC-008,VKT-008,0.1.0-DRAFT,ING-028,Сахар,RAW_OR_FLATTENED_COMPONENT,Тесто,VSF-006,5,г,5,г,5,г,0,0,ASSUMPTION,EVD-0007;EVD-0008,Проектная декомпозиция ChefTechnologyAgent; суммы contribution нормированы к draft-выходу EVD-0005; проверить взвешиванием,2026-08-03,Chef,GAP-004;GAP-005,Не является утверждённой нормой; gross/net/output зафиксировать в контрольной серии
RCP-0080,VKM-008,VKC-008,VKT-008,0.1.0-DRAFT,ING-003,Дрожжи хлебопекарные,RAW_OR_FLATTENED_COMPONENT,Тесто,VSF-006,1,г,1,г,1,г,0,0,ASSUMPTION,EVD-0007;EVD-0008,Проектная декомпозиция ChefTechnologyAgent; суммы contribution нормированы к draft-выходу EVD-0005; проверить взвешиванием,2026-08-03,Chef,GAP-004;GAP-005,Не является утверждённой нормой; gross/net/output зафиксировать в контрольной серии
RCP-0081,VKM-008,VKC-008,VKT-008,0.1.0-DRAFT,ING-004,Соль пищевая,RAW_OR_FLATTENED_COMPONENT,Тесто,VSF-006,1,г,1,г,1,г,0,0,ASSUMPTION,EVD-0007;EVD-0008,Проектная декомпозиция ChefTechnologyAgent; суммы contribution нормированы к draft-выходу EVD-0005; проверить взвешиванием,2026-08-03,Chef,GAP-004;GAP-005,Не является утверждённой нормой; gross/net/output зафиксировать в контрольной серии
RCP-0082,VKM-008,VKC-008,VKT-008,0.1.0-DRAFT,ING-029,Меланж для смазки,RAW_OR_FLATTENED_COMPONENT,Финиш,VSF-006,1,г,1,г,1,г,0,0,ASSUMPTION,EVD-0007;EVD-0008,Проектная декомпозиция ChefTechnologyAgent; суммы contribution нормированы к draft-выходу EVD-0005; проверить взвешиванием,2026-08-03,Chef,GAP-004;GAP-005,Не является утверждённой нормой; gross/net/output зафиксировать в контрольной серии
RCP-0083,VKM-009,VKC-009,VKT-009,0.1.0-DRAFT,ING-030,Буррата,RAW_OR_FLATTENED_COMPONENT,Сборка,,125,г,125,г,125,г,0,0,ASSUMPTION,EVD-0007;EVD-0008,Проектная декомпозиция ChefTechnologyAgent; суммы contribution нормированы к draft-выходу EVD-0005; проверить взвешиванием,2026-08-03,Chef,GAP-004;GAP-005,Не является утверждённой нормой; gross/net/output зафиксировать в контрольной серии
RCP-0084,VKM-009,VKC-009,VKT-009,0.1.0-DRAFT,ING-031,Томаты свежие,RAW_OR_FLATTENED_COMPONENT,Сборка,,132,г,120,г,120,г,12,0,ASSUMPTION,EVD-0007;EVD-0008,Проектная декомпозиция ChefTechnologyAgent; суммы contribution нормированы к draft-выходу EVD-0005; проверить взвешиванием,2026-08-03,Chef,GAP-004;GAP-005,Не является утверждённой нормой; gross/net/output зафиксировать в контрольной серии
RCP-0085,VKM-009,VKC-009,VKT-009,0.1.0-DRAFT,ING-006,Томаты протёртые,RAW_OR_FLATTENED_COMPONENT,Заправка,VSF-007,15,г,15,г,15,г,0,0,ASSUMPTION,EVD-0007;EVD-0008,Проектная декомпозиция ChefTechnologyAgent; суммы contribution нормированы к draft-выходу EVD-0005; проверить взвешиванием,2026-08-03,Chef,GAP-004;GAP-005,Не является утверждённой нормой; gross/net/output зафиксировать в контрольной серии
RCP-0086,VKM-009,VKC-009,VKT-009,0.1.0-DRAFT,ING-005,Масло оливковое,RAW_OR_FLATTENED_COMPONENT,Заправка,VSF-007,10,г,10,г,10,г,0,0,ASSUMPTION,EVD-0007;EVD-0008,Проектная декомпозиция ChefTechnologyAgent; суммы contribution нормированы к draft-выходу EVD-0005; проверить взвешиванием,2026-08-03,Chef,GAP-004;GAP-005,Не является утверждённой нормой; gross/net/output зафиксировать в контрольной серии
RCP-0087,VKM-009,VKC-009,VKT-009,0.1.0-DRAFT,ING-032,Уксус бальзамический,RAW_OR_FLATTENED_COMPONENT,Заправка,VSF-007,3,г,3,г,3,г,0,0,ASSUMPTION,EVD-0007;EVD-0008,Проектная декомпозиция ChefTechnologyAgent; суммы contribution нормированы к draft-выходу EVD-0005; проверить взвешиванием,2026-08-03,Chef,GAP-004;GAP-005,Не является утверждённой нормой; gross/net/output зафиксировать в контрольной серии
RCP-0088,VKM-009,VKC-009,VKT-009,0.1.0-DRAFT,ING-033,Соль и специи,RAW_OR_FLATTENED_COMPONENT,Заправка,VSF-007,2,г,2,г,2,г,0,0,ASSUMPTION,EVD-0007;EVD-0008,Проектная декомпозиция ChefTechnologyAgent; суммы contribution нормированы к draft-выходу EVD-0005; проверить взвешиванием,2026-08-03,Chef,GAP-004;GAP-005,Не является утверждённой нормой; gross/net/output зафиксировать в контрольной серии
RCP-0089,VKM-009,VKC-009,VKT-009,0.1.0-DRAFT,ING-034,Салатная зелень,RAW_OR_FLATTENED_COMPONENT,Сборка,,17,г,15,г,15,г,2,0,ASSUMPTION,EVD-0007;EVD-0008,Проектная декомпозиция ChefTechnologyAgent; суммы contribution нормированы к draft-выходу EVD-0005; проверить взвешиванием,2026-08-03,Chef,GAP-004;GAP-005,Не является утверждённой нормой; gross/net/output зафиксировать в контрольной серии
RCP-0090,VKM-009,VKC-009,VKT-009,0.1.0-DRAFT,ING-005,Масло оливковое,RAW_OR_FLATTENED_COMPONENT,Финиш,,10,г,10,г,10,г,0,0,ASSUMPTION,EVD-0007;EVD-0008,Проектная декомпозиция ChefTechnologyAgent; суммы contribution нормированы к draft-выходу EVD-0005; проверить взвешиванием,2026-08-03,Chef,GAP-004;GAP-005,Не является утверждённой нормой; gross/net/output зафиксировать в контрольной серии
RCP-0091,VKM-010,VKC-010,VKT-010,0.1.0-DRAFT,ING-035,Салатный микс,RAW_OR_FLATTENED_COMPONENT,Сборка,,90,г,80,г,80,г,10,0,ASSUMPTION,EVD-0007;EVD-0008,Проектная декомпозиция ChefTechnologyAgent; суммы contribution нормированы к draft-выходу EVD-0005; проверить взвешиванием,2026-08-03,Chef,GAP-004;GAP-005,Не является утверждённой нормой; gross/net/output зафиксировать в контрольной серии
RCP-0092,VKM-010,VKC-010,VKT-010,0.1.0-DRAFT,ING-036,Креветки очищенные,RAW_OR_FLATTENED_COMPONENT,Сборка,,105,г,100,г,90,г,5,10,ASSUMPTION,EVD-0007;EVD-0008,Проектная декомпозиция ChefTechnologyAgent; суммы contribution нормированы к draft-выходу EVD-0005; проверить взвешиванием,2026-08-03,Chef,GAP-004;GAP-005,Не является утверждённой нормой; gross/net/output зафиксировать в контрольной серии
RCP-0093,VKM-010,VKC-010,VKT-010,0.1.0-DRAFT,ING-037,Яблоко,RAW_OR_FLATTENED_COMPONENT,Сборка,,65,г,58,г,55,г,7,3,ASSUMPTION,EVD-0007;EVD-0008,Проектная декомпозиция ChefTechnologyAgent; суммы contribution нормированы к draft-выходу EVD-0005; проверить взвешиванием,2026-08-03,Chef,GAP-004;GAP-005,Не является утверждённой нормой; gross/net/output зафиксировать в контрольной серии
RCP-0094,VKM-010,VKC-010,VKT-010,0.1.0-DRAFT,ING-038,Огурец свежий,RAW_OR_FLATTENED_COMPONENT,Сборка,,34,г,30,г,30,г,4,0,ASSUMPTION,EVD-0007;EVD-0008,Проектная декомпозиция ChefTechnologyAgent; суммы contribution нормированы к draft-выходу EVD-0005; проверить взвешиванием,2026-08-03,Chef,GAP-004;GAP-005,Не является утверждённой нормой; gross/net/output зафиксировать в контрольной серии
RCP-0095,VKM-010,VKC-010,VKT-010,0.1.0-DRAFT,ING-024,Масло растительное,RAW_OR_FLATTENED_COMPONENT,Заправка,VSF-008,10,г,10,г,10,г,0,0,ASSUMPTION,EVD-0007;EVD-0008,Проектная декомпозиция ChefTechnologyAgent; суммы contribution нормированы к draft-выходу EVD-0005; проверить взвешиванием,2026-08-03,Chef,GAP-004;GAP-005,Не является утверждённой нормой; gross/net/output зафиксировать в контрольной серии
RCP-0096,VKM-010,VKC-010,VKT-010,0.1.0-DRAFT,ING-039,Сок лимона,RAW_OR_FLATTENED_COMPONENT,Заправка,VSF-008,7,г,5,г,5,г,2,0,ASSUMPTION,EVD-0007;EVD-0008,Проектная декомпозиция ChefTechnologyAgent; суммы contribution нормированы к draft-выходу EVD-0005; проверить взвешиванием,2026-08-03,Chef,GAP-004;GAP-005,Не является утверждённой нормой; gross/net/output зафиксировать в контрольной серии
RCP-0097,VKM-010,VKC-010,VKT-010,0.1.0-DRAFT,ING-040,Мёд,RAW_OR_FLATTENED_COMPONENT,Заправка,VSF-008,3,г,3,г,3,г,0,0,ASSUMPTION,EVD-0007;EVD-0008,Проектная декомпозиция ChefTechnologyAgent; суммы contribution нормированы к draft-выходу EVD-0005; проверить взвешиванием,2026-08-03,Chef,GAP-004;GAP-005,Не является утверждённой нормой; gross/net/output зафиксировать в контрольной серии
RCP-0098,VKM-010,VKC-010,VKT-010,0.1.0-DRAFT,ING-041,Горчица,RAW_OR_FLATTENED_COMPONENT,Заправка,VSF-008,2,г,2,г,2,г,0,0,ASSUMPTION,EVD-0007;EVD-0008,Проектная декомпозиция ChefTechnologyAgent; суммы contribution нормированы к draft-выходу EVD-0005; проверить взвешиванием,2026-08-03,Chef,GAP-004;GAP-005,Не является утверждённой нормой; gross/net/output зафиксировать в контрольной серии
RCP-0099,VKM-010,VKC-010,VKT-010,0.1.0-DRAFT,ING-042,Семена или ореховая крошка,RAW_OR_FLATTENED_COMPONENT,Финиш,,5,г,5,г,5,г,0,0,ASSUMPTION,EVD-0007;EVD-0008,Проектная декомпозиция ChefTechnologyAgent; суммы contribution нормированы к draft-выходу EVD-0005; проверить взвешиванием,2026-08-03,Chef,GAP-004;GAP-005,Не является утверждённой нормой; gross/net/output зафиксировать в контрольной серии
RCP-0100,VKM-011,VKC-011,VKT-011,0.1.0-DRAFT,ING-031,Томаты свежие,RAW_OR_FLATTENED_COMPONENT,Основная рецептура,,88,г,80,г,80,г,8,0,ASSUMPTION,EVD-0007;EVD-0008,Проектная декомпозиция ChefTechnologyAgent; суммы contribution нормированы к draft-выходу EVD-0005; проверить взвешиванием,2026-08-03,Chef,GAP-004;GAP-005,Не является утверждённой нормой; gross/net/output зафиксировать в контрольной серии
RCP-0101,VKM-011,VKC-011,VKT-011,0.1.0-DRAFT,ING-038,Огурец свежий,RAW_OR_FLATTENED_COMPONENT,Основная рецептура,,68,г,60,г,60,г,8,0,ASSUMPTION,EVD-0007;EVD-0008,Проектная декомпозиция ChefTechnologyAgent; суммы contribution нормированы к draft-выходу EVD-0005; проверить взвешиванием,2026-08-03,Chef,GAP-004;GAP-005,Не является утверждённой нормой; gross/net/output зафиксировать в контрольной серии
RCP-0102,VKM-011,VKC-011,VKT-011,0.1.0-DRAFT,ING-043,Перец сладкий,RAW_OR_FLATTENED_COMPONENT,Основная рецептура,,48,г,40,г,40,г,8,0,ASSUMPTION,EVD-0007;EVD-0008,Проектная декомпозиция ChefTechnologyAgent; суммы contribution нормированы к draft-выходу EVD-0005; проверить взвешиванием,2026-08-03,Chef,GAP-004;GAP-005,Не является утверждённой нормой; gross/net/output зафиксировать в контрольной серии
RCP-0103,VKM-011,VKC-011,VKT-011,0.1.0-DRAFT,ING-044,Сыр фета,RAW_OR_FLATTENED_COMPONENT,Основная рецептура,,50,г,50,г,50,г,0,0,ASSUMPTION,EVD-0007;EVD-0008,Проектная декомпозиция ChefTechnologyAgent; суммы contribution нормированы к draft-выходу EVD-0005; проверить взвешиванием,2026-08-03,Chef,GAP-004;GAP-005,Не является утверждённой нормой; gross/net/output зафиксировать в контрольной серии
RCP-0104,VKM-011,VKC-011,VKT-011,0.1.0-DRAFT,ING-045,Оливки,RAW_OR_FLATTENED_COMPONENT,Основная рецептура,,21,г,20,г,20,г,1,0,ASSUMPTION,EVD-0007;EVD-0008,Проектная декомпозиция ChefTechnologyAgent; суммы contribution нормированы к draft-выходу EVD-0005; проверить взвешиванием,2026-08-03,Chef,GAP-004;GAP-005,Не является утверждённой нормой; gross/net/output зафиксировать в контрольной серии
RCP-0105,VKM-011,VKC-011,VKT-011,0.1.0-DRAFT,ING-046,Лук красный,RAW_OR_FLATTENED_COMPONENT,Основная рецептура,,12,г,10,г,10,г,2,0,ASSUMPTION,EVD-0007;EVD-0008,Проектная декомпозиция ChefTechnologyAgent; суммы contribution нормированы к draft-выходу EVD-0005; проверить взвешиванием,2026-08-03,Chef,GAP-004;GAP-005,Не является утверждённой нормой; gross/net/output зафиксировать в контрольной серии
RCP-0106,VKM-011,VKC-011,VKT-011,0.1.0-DRAFT,ING-005,Масло оливковое,RAW_OR_FLATTENED_COMPONENT,Заправка,VSF-009,7,г,7,г,7,г,0,0,ASSUMPTION,EVD-0007;EVD-0008,Проектная декомпозиция ChefTechnologyAgent; суммы contribution нормированы к draft-выходу EVD-0005; проверить взвешиванием,2026-08-03,Chef,GAP-004;GAP-005,Не является утверждённой нормой; gross/net/output зафиксировать в контрольной серии
RCP-0107,VKM-011,VKC-011,VKT-011,0.1.0-DRAFT,ING-039,Сок лимона,RAW_OR_FLATTENED_COMPONENT,Заправка,VSF-009,3,г,2,г,2,г,1,0,ASSUMPTION,EVD-0007;EVD-0008,Проектная декомпозиция ChefTechnologyAgent; суммы contribution нормированы к draft-выходу EVD-0005; проверить взвешиванием,2026-08-03,Chef,GAP-004;GAP-005,Не является утверждённой нормой; gross/net/output зафиксировать в контрольной серии
RCP-0108,VKM-011,VKC-011,VKT-011,0.1.0-DRAFT,ING-047,Орегано и соль,RAW_OR_FLATTENED_COMPONENT,Заправка,VSF-009,1,г,1,г,1,г,0,0,ASSUMPTION,EVD-0007;EVD-0008,Проектная декомпозиция ChefTechnologyAgent; суммы contribution нормированы к draft-выходу EVD-0005; проверить взвешиванием,2026-08-03,Chef,GAP-004;GAP-005,Не является утверждённой нормой; gross/net/output зафиксировать в контрольной серии
RCP-0109,VKM-012,VKC-012,VKT-012,0.1.0-DRAFT,ING-048,Свёкла отварная,RAW_OR_FLATTENED_COMPONENT,Овощной полуфабрикат,VSF-010,95,г,88,г,80,г,7,8,ASSUMPTION,EVD-0007;EVD-0008,Проектная декомпозиция ChefTechnologyAgent; суммы contribution нормированы к draft-выходу EVD-0005; проверить взвешиванием,2026-08-03,Chef,GAP-004;GAP-005,Не является утверждённой нормой; gross/net/output зафиксировать в контрольной серии
RCP-0110,VKM-012,VKC-012,VKT-012,0.1.0-DRAFT,ING-049,Картофель отварной,RAW_OR_FLATTENED_COMPONENT,Овощной полуфабрикат,VSF-010,65,г,58,г,50,г,7,8,ASSUMPTION,EVD-0007;EVD-0008,Проектная декомпозиция ChefTechnologyAgent; суммы contribution нормированы к draft-выходу EVD-0005; проверить взвешиванием,2026-08-03,Chef,GAP-004;GAP-005,Не является утверждённой нормой; gross/net/output зафиксировать в контрольной серии
RCP-0111,VKM-012,VKC-012,VKT-012,0.1.0-DRAFT,ING-050,Морковь отварная,RAW_OR_FLATTENED_COMPONENT,Овощной полуфабрикат,VSF-010,38,г,34,г,30,г,4,4,ASSUMPTION,EVD-0007;EVD-0008,Проектная декомпозиция ChefTechnologyAgent; суммы contribution нормированы к draft-выходу EVD-0005; проверить взвешиванием,2026-08-03,Chef,GAP-004;GAP-005,Не является утверждённой нормой; gross/net/output зафиксировать в контрольной серии
RCP-0112,VKM-012,VKC-012,VKT-012,0.1.0-DRAFT,ING-051,Огурец солёный,RAW_OR_FLATTENED_COMPONENT,Сборка,,40,г,35,г,35,г,5,0,ASSUMPTION,EVD-0007;EVD-0008,Проектная декомпозиция ChefTechnologyAgent; суммы contribution нормированы к draft-выходу EVD-0005; проверить взвешиванием,2026-08-03,Chef,GAP-004;GAP-005,Не является утверждённой нормой; gross/net/output зафиксировать в контрольной серии
RCP-0113,VKM-012,VKC-012,VKT-012,0.1.0-DRAFT,ING-052,Капуста квашеная,RAW_OR_FLATTENED_COMPONENT,Сборка,,28,г,25,г,25,г,3,0,ASSUMPTION,EVD-0007;EVD-0008,Проектная декомпозиция ChefTechnologyAgent; суммы contribution нормированы к draft-выходу EVD-0005; проверить взвешиванием,2026-08-03,Chef,GAP-004;GAP-005,Не является утверждённой нормой; gross/net/output зафиксировать в контрольной серии
RCP-0114,VKM-012,VKC-012,VKT-012,0.1.0-DRAFT,ING-053,Горошек консервированный без заливки,RAW_OR_FLATTENED_COMPONENT,Сборка,,16,г,10,г,10,г,6,0,ASSUMPTION,EVD-0007;EVD-0008,Проектная декомпозиция ChefTechnologyAgent; суммы contribution нормированы к draft-выходу EVD-0005; проверить взвешиванием,2026-08-03,Chef,GAP-004;GAP-005,Не является утверждённой нормой; gross/net/output зафиксировать в контрольной серии
RCP-0115,VKM-012,VKC-012,VKT-012,0.1.0-DRAFT,ING-016,Лук репчатый,RAW_OR_FLATTENED_COMPONENT,Сборка,,6,г,5,г,5,г,1,0,ASSUMPTION,EVD-0007;EVD-0008,Проектная декомпозиция ChefTechnologyAgent; суммы contribution нормированы к draft-выходу EVD-0005; проверить взвешиванием,2026-08-03,Chef,GAP-004;GAP-005,Не является утверждённой нормой; gross/net/output зафиксировать в контрольной серии
RCP-0116,VKM-012,VKC-012,VKT-012,0.1.0-DRAFT,ING-024,Масло растительное,RAW_OR_FLATTENED_COMPONENT,Заправка,,5,г,5,г,5,г,0,0,ASSUMPTION,EVD-0007;EVD-0008,Проектная декомпозиция ChefTechnologyAgent; суммы contribution нормированы к draft-выходу EVD-0005; проверить взвешиванием,2026-08-03,Chef,GAP-004;GAP-005,Не является утверждённой нормой; gross/net/output зафиксировать в контрольной серии
RCP-0117,VKM-013,VKC-013,VKT-013,0.1.0-DRAFT,ING-054,"Лосось слабосолёный, готовое филе",RAW_OR_FLATTENED_COMPONENT,Основная рецептура,,110,г,100,г,100,г,10,0,ASSUMPTION,EVD-0007;EVD-0008,Проектная декомпозиция ChefTechnologyAgent; суммы contribution нормированы к draft-выходу EVD-0005; проверить взвешиванием,2026-08-03,Chef,GAP-004;GAP-005,Не является утверждённой нормой; gross/net/output зафиксировать в контрольной серии
RCP-0118,VKM-013,VKC-013,VKT-013,0.1.0-DRAFT,ING-055,Лимон,RAW_OR_FLATTENED_COMPONENT,Основная рецептура,,13,г,10,г,10,г,3,0,ASSUMPTION,EVD-0007;EVD-0008,Проектная декомпозиция ChefTechnologyAgent; суммы contribution нормированы к draft-выходу EVD-0005; проверить взвешиванием,2026-08-03,Chef,GAP-004;GAP-005,Не является утверждённой нормой; gross/net/output зафиксировать в контрольной серии
RCP-0119,VKM-013,VKC-013,VKT-013,0.1.0-DRAFT,ING-034,Салатная зелень,RAW_OR_FLATTENED_COMPONENT,Основная рецептура,,12,г,10,г,10,г,2,0,ASSUMPTION,EVD-0007;EVD-0008,Проектная декомпозиция ChefTechnologyAgent; суммы contribution нормированы к draft-выходу EVD-0005; проверить взвешиванием,2026-08-03,Chef,GAP-004;GAP-005,Не является утверждённой нормой; gross/net/output зафиксировать в контрольной серии
RCP-0120,VKM-013,VKC-013,VKT-013,0.1.0-DRAFT,ING-056,Каперсы,RAW_OR_FLATTENED_COMPONENT,Основная рецептура,,6,г,5,г,5,г,1,0,ASSUMPTION,EVD-0007;EVD-0008,Проектная декомпозиция ChefTechnologyAgent; суммы contribution нормированы к draft-выходу EVD-0005; проверить взвешиванием,2026-08-03,Chef,GAP-004;GAP-005,Не является утверждённой нормой; gross/net/output зафиксировать в контрольной серии
RCP-0121,VKM-013,VKC-013,VKT-013,0.1.0-DRAFT,ING-024,Масло растительное,RAW_OR_FLATTENED_COMPONENT,Основная рецептура,,5,г,5,г,5,г,0,0,ASSUMPTION,EVD-0007;EVD-0008,Проектная декомпозиция ChefTechnologyAgent; суммы contribution нормированы к draft-выходу EVD-0005; проверить взвешиванием,2026-08-03,Chef,GAP-004;GAP-005,Не является утверждённой нормой; gross/net/output зафиксировать в контрольной серии
RCP-0122,VKM-014,VKC-014,VKT-014,0.1.0-DRAFT,ING-057,"Сельдь, филе",RAW_OR_FLATTENED_COMPONENT,Сборка,,110,г,95,г,90,г,15,5,ASSUMPTION,EVD-0007;EVD-0008,Проектная декомпозиция ChefTechnologyAgent; суммы contribution нормированы к draft-выходу EVD-0005; проверить взвешиванием,2026-08-03,Chef,GAP-004;GAP-005,Не является утверждённой нормой; gross/net/output зафиксировать в контрольной серии
RCP-0123,VKM-014,VKC-014,VKT-014,0.1.0-DRAFT,ING-058,Картофель запечённый,RAW_OR_FLATTENED_COMPONENT,Картофельный полуфабрикат,VSF-011,135,г,125,г,110,г,10,15,ASSUMPTION,EVD-0007;EVD-0008,Проектная декомпозиция ChefTechnologyAgent; суммы contribution нормированы к draft-выходу EVD-0005; проверить взвешиванием,2026-08-03,Chef,GAP-004;GAP-005,Не является утверждённой нормой; gross/net/output зафиксировать в контрольной серии
RCP-0124,VKM-014,VKC-014,VKT-014,0.1.0-DRAFT,ING-046,Лук красный,RAW_OR_FLATTENED_COMPONENT,Сборка,,24,г,20,г,20,г,4,0,ASSUMPTION,EVD-0007;EVD-0008,Проектная декомпозиция ChefTechnologyAgent; суммы contribution нормированы к draft-выходу EVD-0005; проверить взвешиванием,2026-08-03,Chef,GAP-004;GAP-005,Не является утверждённой нормой; gross/net/output зафиксировать в контрольной серии
RCP-0125,VKM-014,VKC-014,VKT-014,0.1.0-DRAFT,ING-051,Огурец солёный,RAW_OR_FLATTENED_COMPONENT,Сборка,,17,г,15,г,15,г,2,0,ASSUMPTION,EVD-0007;EVD-0008,Проектная декомпозиция ChefTechnologyAgent; суммы contribution нормированы к draft-выходу EVD-0005; проверить взвешиванием,2026-08-03,Chef,GAP-004;GAP-005,Не является утверждённой нормой; gross/net/output зафиксировать в контрольной серии
RCP-0126,VKM-014,VKC-014,VKT-014,0.1.0-DRAFT,ING-024,Масло растительное,RAW_OR_FLATTENED_COMPONENT,Заправка,,10,г,10,г,10,г,0,0,ASSUMPTION,EVD-0007;EVD-0008,Проектная декомпозиция ChefTechnologyAgent; суммы contribution нормированы к draft-выходу EVD-0005; проверить взвешиванием,2026-08-03,Chef,GAP-004;GAP-005,Не является утверждённой нормой; gross/net/output зафиксировать в контрольной серии
RCP-0127,VKM-014,VKC-014,VKT-014,0.1.0-DRAFT,ING-059,Зелень,RAW_OR_FLATTENED_COMPONENT,Финиш,,6,г,5,г,5,г,1,0,ASSUMPTION,EVD-0007;EVD-0008,Проектная декомпозиция ChefTechnologyAgent; суммы contribution нормированы к draft-выходу EVD-0005; проверить взвешиванием,2026-08-03,Chef,GAP-004;GAP-005,Не является утверждённой нормой; gross/net/output зафиксировать в контрольной серии
RCP-0128,VKM-015,VKC-015,VKT-015,0.1.0-DRAFT,ING-060,Оливки зелёные без заливки,RAW_OR_FLATTENED_COMPONENT,Основная рецептура,,65,г,50,г,50,г,15,0,ASSUMPTION,EVD-0007;EVD-0008,Проектная декомпозиция ChefTechnologyAgent; суммы contribution нормированы к draft-выходу EVD-0005; проверить взвешиванием,2026-08-03,Chef,GAP-004;GAP-005,Не является утверждённой нормой; gross/net/output зафиксировать в контрольной серии
RCP-0129,VKM-015,VKC-015,VKT-015,0.1.0-DRAFT,ING-061,Маслины без заливки,RAW_OR_FLATTENED_COMPONENT,Основная рецептура,,65,г,50,г,50,г,15,0,ASSUMPTION,EVD-0007;EVD-0008,Проектная декомпозиция ChefTechnologyAgent; суммы contribution нормированы к draft-выходу EVD-0005; проверить взвешиванием,2026-08-03,Chef,GAP-004;GAP-005,Не является утверждённой нормой; gross/net/output зафиксировать в контрольной серии
RCP-0130,VKM-015,VKC-015,VKT-015,0.1.0-DRAFT,ING-005,Масло оливковое,RAW_OR_FLATTENED_COMPONENT,Маринад,VSF-012,10,г,10,г,10,г,0,0,ASSUMPTION,EVD-0007;EVD-0008,Проектная декомпозиция ChefTechnologyAgent; суммы contribution нормированы к draft-выходу EVD-0005; проверить взвешиванием,2026-08-03,Chef,GAP-004;GAP-005,Не является утверждённой нормой; gross/net/output зафиксировать в контрольной серии
RCP-0131,VKM-015,VKC-015,VKT-015,0.1.0-DRAFT,ING-062,Цедра цитрусовая,RAW_OR_FLATTENED_COMPONENT,Маринад,VSF-012,5,г,3,г,3,г,2,0,ASSUMPTION,EVD-0007;EVD-0008,Проектная декомпозиция ChefTechnologyAgent; суммы contribution нормированы к draft-выходу EVD-0005; проверить взвешиванием,2026-08-03,Chef,GAP-004;GAP-005,Не является утверждённой нормой; gross/net/output зафиксировать в контрольной серии
RCP-0132,VKM-015,VKC-015,VKT-015,0.1.0-DRAFT,ING-007,Чеснок,RAW_OR_FLATTENED_COMPONENT,Маринад,VSF-012,2.3,г,2,г,2,г,0.3,0,ASSUMPTION,EVD-0007;EVD-0008,Проектная декомпозиция ChefTechnologyAgent; суммы contribution нормированы к draft-выходу EVD-0005; проверить взвешиванием,2026-08-03,Chef,GAP-004;GAP-005,Не является утверждённой нормой; gross/net/output зафиксировать в контрольной серии
RCP-0133,VKM-015,VKC-015,VKT-015,0.1.0-DRAFT,ING-063,Пряные травы,RAW_OR_FLATTENED_COMPONENT,Маринад,VSF-012,5,г,5,г,5,г,0,0,ASSUMPTION,EVD-0007;EVD-0008,Проектная декомпозиция ChefTechnologyAgent; суммы contribution нормированы к draft-выходу EVD-0005; проверить взвешиванием,2026-08-03,Chef,GAP-004;GAP-005,Не является утверждённой нормой; gross/net/output зафиксировать в контрольной серии
RCP-0134,VKM-016,VKC-016,VKT-016,0.1.0-DRAFT,ING-038,Огурец свежий,RAW_OR_FLATTENED_COMPONENT,Ассорти,VSF-014,58,г,52,г,50,г,6,2,ASSUMPTION,EVD-0007;EVD-0008,Проектная декомпозиция ChefTechnologyAgent; суммы contribution нормированы к draft-выходу EVD-0005; проверить взвешиванием,2026-08-03,Chef,GAP-004;GAP-005,Не является утверждённой нормой; gross/net/output зафиксировать в контрольной серии
RCP-0135,VKM-016,VKC-016,VKT-016,0.1.0-DRAFT,ING-064,Капуста белокочанная,RAW_OR_FLATTENED_COMPONENT,Ассорти,VSF-014,48,г,42,г,40,г,6,2,ASSUMPTION,EVD-0007;EVD-0008,Проектная декомпозиция ChefTechnologyAgent; суммы contribution нормированы к draft-выходу EVD-0005; проверить взвешиванием,2026-08-03,Chef,GAP-004;GAP-005,Не является утверждённой нормой; gross/net/output зафиксировать в контрольной серии
RCP-0136,VKM-016,VKC-016,VKT-016,0.1.0-DRAFT,ING-031,Томаты свежие,RAW_OR_FLATTENED_COMPONENT,Ассорти,VSF-014,44,г,40,г,40,г,4,0,ASSUMPTION,EVD-0007;EVD-0008,Проектная декомпозиция ChefTechnologyAgent; суммы contribution нормированы к draft-выходу EVD-0005; проверить взвешиванием,2026-08-03,Chef,GAP-004;GAP-005,Не является утверждённой нормой; gross/net/output зафиксировать в контрольной серии
RCP-0137,VKM-016,VKC-016,VKT-016,0.1.0-DRAFT,ING-043,Перец сладкий,RAW_OR_FLATTENED_COMPONENT,Ассорти,VSF-014,36,г,31,г,30,г,5,1,ASSUMPTION,EVD-0007;EVD-0008,Проектная декомпозиция ChefTechnologyAgent; суммы contribution нормированы к draft-выходу EVD-0005; проверить взвешиванием,2026-08-03,Chef,GAP-004;GAP-005,Не является утверждённой нормой; gross/net/output зафиксировать в контрольной серии
RCP-0138,VKM-016,VKC-016,VKT-016,0.1.0-DRAFT,ING-065,Уксус пищевой,RAW_OR_FLATTENED_COMPONENT,Маринад,VSF-013,5,г,5,г,5,г,0,0,ASSUMPTION,EVD-0007;EVD-0008,Проектная декомпозиция ChefTechnologyAgent; суммы contribution нормированы к draft-выходу EVD-0005; проверить взвешиванием,2026-08-03,Chef,GAP-004;GAP-005,Не является утверждённой нормой; gross/net/output зафиксировать в контрольной серии
RCP-0139,VKM-016,VKC-016,VKT-016,0.1.0-DRAFT,ING-028,Сахар,RAW_OR_FLATTENED_COMPONENT,Маринад,VSF-013,4,г,4,г,4,г,0,0,ASSUMPTION,EVD-0007;EVD-0008,Проектная декомпозиция ChefTechnologyAgent; суммы contribution нормированы к draft-выходу EVD-0005; проверить взвешиванием,2026-08-03,Chef,GAP-004;GAP-005,Не является утверждённой нормой; gross/net/output зафиксировать в контрольной серии
RCP-0140,VKM-016,VKC-016,VKT-016,0.1.0-DRAFT,ING-004,Соль пищевая,RAW_OR_FLATTENED_COMPONENT,Маринад,VSF-013,2,г,2,г,2,г,0,0,ASSUMPTION,EVD-0007;EVD-0008,Проектная декомпозиция ChefTechnologyAgent; суммы contribution нормированы к draft-выходу EVD-0005; проверить взвешиванием,2026-08-03,Chef,GAP-004;GAP-005,Не является утверждённой нормой; gross/net/output зафиксировать в контрольной серии
RCP-0141,VKM-016,VKC-016,VKT-016,0.1.0-DRAFT,ING-002,Вода питьевая,RAW_OR_FLATTENED_COMPONENT,Маринад,VSF-013,4,г,4,г,4,г,0,0,ASSUMPTION,EVD-0007;EVD-0008,Проектная декомпозиция ChefTechnologyAgent; суммы contribution нормированы к draft-выходу EVD-0005; проверить взвешиванием,2026-08-03,Chef,GAP-004;GAP-005,Не является утверждённой нормой; gross/net/output зафиксировать в контрольной серии
RCP-0142,VKM-016,VKC-016,VKT-016,0.1.0-DRAFT,ING-024,Масло растительное,RAW_OR_FLATTENED_COMPONENT,Маринад,VSF-013,5,г,5,г,5,г,0,0,ASSUMPTION,EVD-0007;EVD-0008,Проектная декомпозиция ChefTechnologyAgent; суммы contribution нормированы к draft-выходу EVD-0005; проверить взвешиванием,2026-08-03,Chef,GAP-004;GAP-005,Не является утверждённой нормой; gross/net/output зафиксировать в контрольной серии
RCP-0143,VKM-017,VKC-017,VKT-017,0.1.0-DRAFT,ING-066,Ростбиф охлаждённый готовый,RAW_OR_FLATTENED_COMPONENT,Сборка,,115,г,110,г,110,г,5,0,ASSUMPTION,EVD-0007;EVD-0008,Проектная декомпозиция ChefTechnologyAgent; суммы contribution нормированы к draft-выходу EVD-0005; проверить взвешиванием,2026-08-03,Chef,GAP-004;GAP-005,Не является утверждённой нормой; gross/net/output зафиксировать в контрольной серии
RCP-0144,VKM-017,VKC-017,VKT-017,0.1.0-DRAFT,ING-046,Лук красный,RAW_OR_FLATTENED_COMPONENT,Сборка,,24,г,20,г,20,г,4,0,ASSUMPTION,EVD-0007;EVD-0008,Проектная декомпозиция ChefTechnologyAgent; суммы contribution нормированы к draft-выходу EVD-0005; проверить взвешиванием,2026-08-03,Chef,GAP-004;GAP-005,Не является утверждённой нормой; gross/net/output зафиксировать в контрольной серии
RCP-0145,VKM-017,VKC-017,VKT-017,0.1.0-DRAFT,ING-067,Хлеб для гренки,RAW_OR_FLATTENED_COMPONENT,Гренка,VSF-015,34,г,32,г,30,г,2,2,ASSUMPTION,EVD-0007;EVD-0008,Проектная декомпозиция ChefTechnologyAgent; суммы contribution нормированы к draft-выходу EVD-0005; проверить взвешиванием,2026-08-03,Chef,GAP-004;GAP-005,Не является утверждённой нормой; gross/net/output зафиксировать в контрольной серии
RCP-0146,VKM-017,VKC-017,VKT-017,0.1.0-DRAFT,ING-024,Масло растительное,RAW_OR_FLATTENED_COMPONENT,Гренка,VSF-015,3,г,3,г,3,г,0,0,ASSUMPTION,EVD-0007;EVD-0008,Проектная декомпозиция ChefTechnologyAgent; суммы contribution нормированы к draft-выходу EVD-0005; проверить взвешиванием,2026-08-03,Chef,GAP-004;GAP-005,Не является утверждённой нормой; gross/net/output зафиксировать в контрольной серии
RCP-0147,VKM-017,VKC-017,VKT-017,0.1.0-DRAFT,ING-041,Горчица,RAW_OR_FLATTENED_COMPONENT,Соус,VSF-016,5,г,5,г,5,г,0,0,ASSUMPTION,EVD-0007;EVD-0008,Проектная декомпозиция ChefTechnologyAgent; суммы contribution нормированы к draft-выходу EVD-0005; проверить взвешиванием,2026-08-03,Chef,GAP-004;GAP-005,Не является утверждённой нормой; gross/net/output зафиксировать в контрольной серии
RCP-0148,VKM-017,VKC-017,VKT-017,0.1.0-DRAFT,ING-068,Майонез или эмульсионный соус,RAW_OR_FLATTENED_COMPONENT,Соус,VSF-016,7,г,7,г,7,г,0,0,ASSUMPTION,EVD-0007;EVD-0008,Проектная декомпозиция ChefTechnologyAgent; суммы contribution нормированы к draft-выходу EVD-0005; проверить взвешиванием,2026-08-03,Chef,GAP-004;GAP-005,Не является утверждённой нормой; gross/net/output зафиксировать в контрольной серии
RCP-0149,VKM-017,VKC-017,VKT-017,0.1.0-DRAFT,ING-069,Сок мясной или бульон,RAW_OR_FLATTENED_COMPONENT,Соус,VSF-016,3,г,3,г,3,г,0,0,ASSUMPTION,EVD-0007;EVD-0008,Проектная декомпозиция ChefTechnologyAgent; суммы contribution нормированы к draft-выходу EVD-0005; проверить взвешиванием,2026-08-03,Chef,GAP-004;GAP-005,Не является утверждённой нормой; gross/net/output зафиксировать в контрольной серии
RCP-0150,VKM-017,VKC-017,VKT-017,0.1.0-DRAFT,ING-059,Зелень,RAW_OR_FLATTENED_COMPONENT,Финиш,,2.5,г,2,г,2,г,0.5,0,ASSUMPTION,EVD-0007;EVD-0008,Проектная декомпозиция ChefTechnologyAgent; суммы contribution нормированы к draft-выходу EVD-0005; проверить взвешиванием,2026-08-03,Chef,GAP-004;GAP-005,Не является утверждённой нормой; gross/net/output зафиксировать в контрольной серии
RCP-0151,VKM-018,VKC-018,VKT-018,0.1.0-DRAFT,ING-070,Бульон мясной,RAW_OR_FLATTENED_COMPONENT,Основа,VSF-017,160,г,160,г,145,г,0,15,ASSUMPTION,EVD-0007;EVD-0008,Проектная декомпозиция ChefTechnologyAgent; суммы contribution нормированы к draft-выходу EVD-0005; проверить взвешиванием,2026-08-03,Chef,GAP-004;GAP-005,Не является утверждённой нормой; gross/net/output зафиксировать в контрольной серии
RCP-0152,VKM-018,VKC-018,VKT-018,0.1.0-DRAFT,ING-071,Свёкла,RAW_OR_FLATTENED_COMPONENT,Пассеровка,VSF-018,78,г,70,г,60,г,8,10,ASSUMPTION,EVD-0007;EVD-0008,Проектная декомпозиция ChefTechnologyAgent; суммы contribution нормированы к draft-выходу EVD-0005; проверить взвешиванием,2026-08-03,Chef,GAP-004;GAP-005,Не является утверждённой нормой; gross/net/output зафиксировать в контрольной серии
RCP-0153,VKM-018,VKC-018,VKT-018,0.1.0-DRAFT,ING-064,Капуста белокочанная,RAW_OR_FLATTENED_COMPONENT,Суп,,54,г,48,г,45,г,6,3,ASSUMPTION,EVD-0007;EVD-0008,Проектная декомпозиция ChefTechnologyAgent; суммы contribution нормированы к draft-выходу EVD-0005; проверить взвешиванием,2026-08-03,Chef,GAP-004;GAP-005,Не является утверждённой нормой; gross/net/output зафиксировать в контрольной серии
RCP-0154,VKM-018,VKC-018,VKT-018,0.1.0-DRAFT,ING-072,Картофель,RAW_OR_FLATTENED_COMPONENT,Суп,,52,г,46,г,40,г,6,6,ASSUMPTION,EVD-0007;EVD-0008,Проектная декомпозиция ChefTechnologyAgent; суммы contribution нормированы к draft-выходу EVD-0005; проверить взвешиванием,2026-08-03,Chef,GAP-004;GAP-005,Не является утверждённой нормой; gross/net/output зафиксировать в контрольной серии
RCP-0155,VKM-018,VKC-018,VKT-018,0.1.0-DRAFT,ING-073,Говядина отварная,RAW_OR_FLATTENED_COMPONENT,Подача,,65,г,55,г,45,г,10,10,ASSUMPTION,EVD-0007;EVD-0008,Проектная декомпозиция ChefTechnologyAgent; суммы contribution нормированы к draft-выходу EVD-0005; проверить взвешиванием,2026-08-03,Chef,GAP-004;GAP-005,Не является утверждённой нормой; gross/net/output зафиксировать в контрольной серии
RCP-0156,VKM-018,VKC-018,VKT-018,0.1.0-DRAFT,ING-074,Морковь,RAW_OR_FLATTENED_COMPONENT,Пассеровка,VSF-018,19,г,17,г,15,г,2,2,ASSUMPTION,EVD-0007;EVD-0008,Проектная декомпозиция ChefTechnologyAgent; суммы contribution нормированы к draft-выходу EVD-0005; проверить взвешиванием,2026-08-03,Chef,GAP-004;GAP-005,Не является утверждённой нормой; gross/net/output зафиксировать в контрольной серии
RCP-0157,VKM-018,VKC-018,VKT-018,0.1.0-DRAFT,ING-016,Лук репчатый,RAW_OR_FLATTENED_COMPONENT,Пассеровка,VSF-018,13,г,11,г,10,г,2,1,ASSUMPTION,EVD-0007;EVD-0008,Проектная декомпозиция ChefTechnologyAgent; суммы contribution нормированы к draft-выходу EVD-0005; проверить взвешиванием,2026-08-03,Chef,GAP-004;GAP-005,Не является утверждённой нормой; gross/net/output зафиксировать в контрольной серии
RCP-0158,VKM-018,VKC-018,VKT-018,0.1.0-DRAFT,ING-006,Томаты протёртые,RAW_OR_FLATTENED_COMPONENT,Пассеровка,VSF-018,16,г,16,г,15,г,0,1,ASSUMPTION,EVD-0007;EVD-0008,Проектная декомпозиция ChefTechnologyAgent; суммы contribution нормированы к draft-выходу EVD-0005; проверить взвешиванием,2026-08-03,Chef,GAP-004;GAP-005,Не является утверждённой нормой; gross/net/output зафиксировать в контрольной серии
RCP-0159,VKM-018,VKC-018,VKT-018,0.1.0-DRAFT,ING-024,Масло растительное,RAW_OR_FLATTENED_COMPONENT,Пассеровка,VSF-018,5,г,5,г,5,г,0,0,ASSUMPTION,EVD-0007;EVD-0008,Проектная декомпозиция ChefTechnologyAgent; суммы contribution нормированы к draft-выходу EVD-0005; проверить взвешиванием,2026-08-03,Chef,GAP-004;GAP-005,Не является утверждённой нормой; gross/net/output зафиксировать в контрольной серии
RCP-0160,VKM-018,VKC-018,VKT-018,0.1.0-DRAFT,ING-075,Сметана,RAW_OR_FLATTENED_COMPONENT,Подача,,15,г,15,г,15,г,0,0,ASSUMPTION,EVD-0007;EVD-0008,Проектная декомпозиция ChefTechnologyAgent; суммы contribution нормированы к draft-выходу EVD-0005; проверить взвешиванием,2026-08-03,Chef,GAP-004;GAP-005,Не является утверждённой нормой; gross/net/output зафиксировать в контрольной серии
RCP-0161,VKM-018,VKC-018,VKT-018,0.1.0-DRAFT,ING-059,Зелень,RAW_OR_FLATTENED_COMPONENT,Подача,,6,г,5,г,5,г,1,0,ASSUMPTION,EVD-0007;EVD-0008,Проектная декомпозиция ChefTechnologyAgent; суммы contribution нормированы к draft-выходу EVD-0005; проверить взвешиванием,2026-08-03,Chef,GAP-004;GAP-005,Не является утверждённой нормой; gross/net/output зафиксировать в контрольной серии
RCP-0162,VKM-019,VKC-019,VKT-019,0.1.0-DRAFT,ING-076,"Треска, филе порционное",RAW_OR_FLATTENED_COMPONENT,Основной компонент,,210,г,195,г,180,г,15,15,ASSUMPTION,EVD-0007;EVD-0008,Проектная декомпозиция ChefTechnologyAgent; суммы contribution нормированы к draft-выходу EVD-0005; проверить взвешиванием,2026-08-03,Chef,GAP-004;GAP-005,Не является утверждённой нормой; gross/net/output зафиксировать в контрольной серии
RCP-0163,VKM-019,VKC-019,VKT-019,0.1.0-DRAFT,ING-077,Сливки,RAW_OR_FLATTENED_COMPONENT,Соус,VSF-019,58,г,58,г,55,г,0,3,ASSUMPTION,EVD-0007;EVD-0008,Проектная декомпозиция ChefTechnologyAgent; суммы contribution нормированы к draft-выходу EVD-0005; проверить взвешиванием,2026-08-03,Chef,GAP-004;GAP-005,Не является утверждённой нормой; gross/net/output зафиксировать в контрольной серии
RCP-0164,VKM-019,VKC-019,VKT-019,0.1.0-DRAFT,ING-041,Горчица,RAW_OR_FLATTENED_COMPONENT,Соус,VSF-019,10,г,10,г,10,г,0,0,ASSUMPTION,EVD-0007;EVD-0008,Проектная декомпозиция ChefTechnologyAgent; суммы contribution нормированы к draft-выходу EVD-0005; проверить взвешиванием,2026-08-03,Chef,GAP-004;GAP-005,Не является утверждённой нормой; gross/net/output зафиксировать в контрольной серии
RCP-0165,VKM-019,VKC-019,VKT-019,0.1.0-DRAFT,ING-078,Бульон рыбный или овощной,RAW_OR_FLATTENED_COMPONENT,Соус,VSF-019,12,г,12,г,10,г,0,2,ASSUMPTION,EVD-0007;EVD-0008,Проектная декомпозиция ChefTechnologyAgent; суммы contribution нормированы к draft-выходу EVD-0005; проверить взвешиванием,2026-08-03,Chef,GAP-004;GAP-005,Не является утверждённой нормой; gross/net/output зафиксировать в контрольной серии
RCP-0166,VKM-019,VKC-019,VKT-019,0.1.0-DRAFT,ING-027,Масло сливочное,RAW_OR_FLATTENED_COMPONENT,Соус,VSF-019,10,г,10,г,10,г,0,0,ASSUMPTION,EVD-0007;EVD-0008,Проектная декомпозиция ChefTechnologyAgent; суммы contribution нормированы к draft-выходу EVD-0005; проверить взвешиванием,2026-08-03,Chef,GAP-004;GAP-005,Не является утверждённой нормой; gross/net/output зафиксировать в контрольной серии
RCP-0167,VKM-019,VKC-019,VKT-019,0.1.0-DRAFT,ING-079,Шпинат,RAW_OR_FLATTENED_COMPONENT,Сборка,,30,г,27,г,25,г,3,2,ASSUMPTION,EVD-0007;EVD-0008,Проектная декомпозиция ChefTechnologyAgent; суммы contribution нормированы к draft-выходу EVD-0005; проверить взвешиванием,2026-08-03,Chef,GAP-004;GAP-005,Не является утверждённой нормой; gross/net/output зафиксировать в контрольной серии
RCP-0168,VKM-019,VKC-019,VKT-019,0.1.0-DRAFT,ING-024,Масло растительное,RAW_OR_FLATTENED_COMPONENT,Обработка,,5,г,5,г,5,г,0,0,ASSUMPTION,EVD-0007;EVD-0008,Проектная декомпозиция ChefTechnologyAgent; суммы contribution нормированы к draft-выходу EVD-0005; проверить взвешиванием,2026-08-03,Chef,GAP-004;GAP-005,Не является утверждённой нормой; gross/net/output зафиксировать в контрольной серии
RCP-0169,VKM-019,VKC-019,VKT-019,0.1.0-DRAFT,ING-059,Зелень,RAW_OR_FLATTENED_COMPONENT,Финиш,,6,г,5,г,5,г,1,0,ASSUMPTION,EVD-0007;EVD-0008,Проектная декомпозиция ChefTechnologyAgent; суммы contribution нормированы к draft-выходу EVD-0005; проверить взвешиванием,2026-08-03,Chef,GAP-004;GAP-005,Не является утверждённой нормой; gross/net/output зафиксировать в контрольной серии
RCP-0170,VKM-020,VKC-020,VKT-020,0.1.0-DRAFT,ING-036,Креветки очищенные,RAW_OR_FLATTENED_COMPONENT,Основной компонент,,145,г,135,г,120,г,10,15,ASSUMPTION,EVD-0007;EVD-0008,Проектная декомпозиция ChefTechnologyAgent; суммы contribution нормированы к draft-выходу EVD-0005; проверить взвешиванием,2026-08-03,Chef,GAP-004;GAP-005,Не является утверждённой нормой; gross/net/output зафиксировать в контрольной серии
RCP-0171,VKM-020,VKC-020,VKT-020,0.1.0-DRAFT,ING-080,Молоко кокосовое,RAW_OR_FLATTENED_COMPONENT,Соус,VSF-020,84,г,84,г,80,г,0,4,ASSUMPTION,EVD-0007;EVD-0008,Проектная декомпозиция ChefTechnologyAgent; суммы contribution нормированы к draft-выходу EVD-0005; проверить взвешиванием,2026-08-03,Chef,GAP-004;GAP-005,Не является утверждённой нормой; gross/net/output зафиксировать в контрольной серии
RCP-0172,VKM-020,VKC-020,VKT-020,0.1.0-DRAFT,ING-081,Паста карри проектная,RAW_OR_FLATTENED_COMPONENT,Соус,VSF-020,15,г,15,г,15,г,0,0,ASSUMPTION,EVD-0007;EVD-0008,Проектная декомпозиция ChefTechnologyAgent; суммы contribution нормированы к draft-выходу EVD-0005; проверить взвешиванием,2026-08-03,Chef,GAP-004;GAP-005,Не является утверждённой нормой; gross/net/output зафиксировать в контрольной серии
RCP-0173,VKM-020,VKC-020,VKT-020,0.1.0-DRAFT,ING-082,Бульон или вода,RAW_OR_FLATTENED_COMPONENT,Соус,VSF-020,20,г,20,г,15,г,0,5,ASSUMPTION,EVD-0007;EVD-0008,Проектная декомпозиция ChefTechnologyAgent; суммы contribution нормированы к draft-выходу EVD-0005; проверить взвешиванием,2026-08-03,Chef,GAP-004;GAP-005,Не является утверждённой нормой; gross/net/output зафиксировать в контрольной серии
RCP-0174,VKM-020,VKC-020,VKT-020,0.1.0-DRAFT,ING-083,Соус рыбный или соевый,RAW_OR_FLATTENED_COMPONENT,Соус,VSF-020,10,г,10,г,10,г,0,0,ASSUMPTION,EVD-0007;EVD-0008,Проектная декомпозиция ChefTechnologyAgent; суммы contribution нормированы к draft-выходу EVD-0005; проверить взвешиванием,2026-08-03,Chef,GAP-004;GAP-005,Не является утверждённой нормой; gross/net/output зафиксировать в контрольной серии
RCP-0175,VKM-020,VKC-020,VKT-020,0.1.0-DRAFT,ING-043,Перец сладкий,RAW_OR_FLATTENED_COMPONENT,Овощи,,36,г,32,г,30,г,4,2,ASSUMPTION,EVD-0007;EVD-0008,Проектная декомпозиция ChefTechnologyAgent; суммы contribution нормированы к draft-выходу EVD-0005; проверить взвешиванием,2026-08-03,Chef,GAP-004;GAP-005,Не является утверждённой нормой; gross/net/output зафиксировать в контрольной серии
RCP-0176,VKM-020,VKC-020,VKT-020,0.1.0-DRAFT,ING-084,Цукини,RAW_OR_FLATTENED_COMPONENT,Овощи,,30,г,27,г,25,г,3,2,ASSUMPTION,EVD-0007;EVD-0008,Проектная декомпозиция ChefTechnologyAgent; суммы contribution нормированы к draft-выходу EVD-0005; проверить взвешиванием,2026-08-03,Chef,GAP-004;GAP-005,Не является утверждённой нормой; gross/net/output зафиксировать в контрольной серии
RCP-0177,VKM-020,VKC-020,VKT-020,0.1.0-DRAFT,ING-016,Лук репчатый,RAW_OR_FLATTENED_COMPONENT,Овощи,,19,г,17,г,15,г,2,2,ASSUMPTION,EVD-0007;EVD-0008,Проектная декомпозиция ChefTechnologyAgent; суммы contribution нормированы к draft-выходу EVD-0005; проверить взвешиванием,2026-08-03,Chef,GAP-004;GAP-005,Не является утверждённой нормой; gross/net/output зафиксировать в контрольной серии
RCP-0178,VKM-020,VKC-020,VKT-020,0.1.0-DRAFT,ING-085,Лапша рисовая подготовленная,RAW_OR_FLATTENED_COMPONENT,Сборка,,45,г,45,г,40,г,0,5,ASSUMPTION,EVD-0007;EVD-0008,Проектная декомпозиция ChefTechnologyAgent; суммы contribution нормированы к draft-выходу EVD-0005; проверить взвешиванием,2026-08-03,Chef,GAP-004;GAP-005,Не является утверждённой нормой; gross/net/output зафиксировать в контрольной серии
RCP-0179,VKM-020,VKC-020,VKT-020,0.1.0-DRAFT,ING-086,Зелень и лайм,RAW_OR_FLATTENED_COMPONENT,Финиш,,13,г,10,г,10,г,3,0,ASSUMPTION,EVD-0007;EVD-0008,Проектная декомпозиция ChefTechnologyAgent; суммы contribution нормированы к draft-выходу EVD-0005; проверить взвешиванием,2026-08-03,Chef,GAP-004;GAP-005,Не является утверждённой нормой; gross/net/output зафиксировать в контрольной серии
RCP-0180,VKM-021,VKC-021,VKT-021,0.1.0-DRAFT,ING-087,Бриошь VKM-008,RAW_OR_FLATTENED_COMPONENT,Сборка,VSF-006,85,г,85,г,85,г,0,0,ASSUMPTION,EVD-0007;EVD-0008,Проектная декомпозиция ChefTechnologyAgent; суммы contribution нормированы к draft-выходу EVD-0005; проверить взвешиванием,2026-08-03,Chef,GAP-004;GAP-005,Не является утверждённой нормой; gross/net/output зафиксировать в контрольной серии
RCP-0181,VKM-021,VKC-021,VKT-021,0.1.0-DRAFT,ING-088,Говядина для котлеты,RAW_OR_FLATTENED_COMPONENT,Котлета,VSF-021,175,г,165,г,145,г,10,20,ASSUMPTION,EVD-0007;EVD-0008,Проектная декомпозиция ChefTechnologyAgent; суммы contribution нормированы к draft-выходу EVD-0005; проверить взвешиванием,2026-08-03,Chef,GAP-004;GAP-005,Не является утверждённой нормой; gross/net/output зафиксировать в контрольной серии
RCP-0182,VKM-021,VKC-021,VKT-021,0.1.0-DRAFT,ING-089,Жир говяжий или иной компонент котлеты,RAW_OR_FLATTENED_COMPONENT,Котлета,VSF-021,5,г,5,г,5,г,0,0,ASSUMPTION,EVD-0007;EVD-0008,Проектная декомпозиция ChefTechnologyAgent; суммы contribution нормированы к draft-выходу EVD-0005; проверить взвешиванием,2026-08-03,Chef,GAP-004;GAP-005,Не является утверждённой нормой; gross/net/output зафиксировать в контрольной серии
RCP-0183,VKM-021,VKC-021,VKT-021,0.1.0-DRAFT,ING-090,Сыр ломтиковый,RAW_OR_FLATTENED_COMPONENT,Сборка,,20,г,20,г,20,г,0,0,ASSUMPTION,EVD-0007;EVD-0008,Проектная декомпозиция ChefTechnologyAgent; суммы contribution нормированы к draft-выходу EVD-0005; проверить взвешиванием,2026-08-03,Chef,GAP-004;GAP-005,Не является утверждённой нормой; gross/net/output зафиксировать в контрольной серии
RCP-0184,VKM-021,VKC-021,VKT-021,0.1.0-DRAFT,ING-091,Томат,RAW_OR_FLATTENED_COMPONENT,Сборка,,34,г,30,г,30,г,4,0,ASSUMPTION,EVD-0007;EVD-0008,Проектная декомпозиция ChefTechnologyAgent; суммы contribution нормированы к draft-выходу EVD-0005; проверить взвешиванием,2026-08-03,Chef,GAP-004;GAP-005,Не является утверждённой нормой; gross/net/output зафиксировать в контрольной серии
RCP-0185,VKM-021,VKC-021,VKT-021,0.1.0-DRAFT,ING-092,Огурец маринованный,RAW_OR_FLATTENED_COMPONENT,Сборка,,23,г,20,г,20,г,3,0,ASSUMPTION,EVD-0007;EVD-0008,Проектная декомпозиция ChefTechnologyAgent; суммы contribution нормированы к draft-выходу EVD-0005; проверить взвешиванием,2026-08-03,Chef,GAP-004;GAP-005,Не является утверждённой нормой; gross/net/output зафиксировать в контрольной серии
RCP-0186,VKM-021,VKC-021,VKT-021,0.1.0-DRAFT,ING-093,Лук,RAW_OR_FLATTENED_COMPONENT,Сборка,,12,г,10,г,10,г,2,0,ASSUMPTION,EVD-0007;EVD-0008,Проектная декомпозиция ChefTechnologyAgent; суммы contribution нормированы к draft-выходу EVD-0005; проверить взвешиванием,2026-08-03,Chef,GAP-004;GAP-005,Не является утверждённой нормой; gross/net/output зафиксировать в контрольной серии
RCP-0187,VKM-021,VKC-021,VKT-021,0.1.0-DRAFT,ING-094,Соус эмульсионный,RAW_OR_FLATTENED_COMPONENT,Соус,VSF-022,20,г,20,г,20,г,0,0,ASSUMPTION,EVD-0007;EVD-0008,Проектная декомпозиция ChefTechnologyAgent; суммы contribution нормированы к draft-выходу EVD-0005; проверить взвешиванием,2026-08-03,Chef,GAP-004;GAP-005,Не является утверждённой нормой; gross/net/output зафиксировать в контрольной серии
RCP-0188,VKM-021,VKC-021,VKT-021,0.1.0-DRAFT,ING-095,Соус томатный,RAW_OR_FLATTENED_COMPONENT,Соус,VSF-022,5,г,5,г,5,г,0,0,ASSUMPTION,EVD-0007;EVD-0008,Проектная декомпозиция ChefTechnologyAgent; суммы contribution нормированы к draft-выходу EVD-0005; проверить взвешиванием,2026-08-03,Chef,GAP-004;GAP-005,Не является утверждённой нормой; gross/net/output зафиксировать в контрольной серии
RCP-0189,VKM-021,VKC-021,VKT-021,0.1.0-DRAFT,ING-096,Салат листовой,RAW_OR_FLATTENED_COMPONENT,Сборка,,12,г,10,г,10,г,2,0,ASSUMPTION,EVD-0007;EVD-0008,Проектная декомпозиция ChefTechnologyAgent; суммы contribution нормированы к draft-выходу EVD-0005; проверить взвешиванием,2026-08-03,Chef,GAP-004;GAP-005,Не является утверждённой нормой; gross/net/output зафиксировать в контрольной серии
RCP-0190,VKM-022,VKC-022,VKT-022,0.1.0-DRAFT,ING-097,Говяжья вырезка,RAW_OR_FLATTENED_COMPONENT,Миньоны,VSF-023,255,г,240,г,220,г,15,20,ASSUMPTION,EVD-0007;EVD-0008,Проектная декомпозиция ChefTechnologyAgent; суммы contribution нормированы к draft-выходу EVD-0005; проверить взвешиванием,2026-08-03,Chef,GAP-004;GAP-005,Не является утверждённой нормой; gross/net/output зафиксировать в контрольной серии
RCP-0191,VKM-022,VKC-022,VKT-022,0.1.0-DRAFT,ING-098,Бульон или мясной сок,RAW_OR_FLATTENED_COMPONENT,Соус,VSF-024,35,г,35,г,30,г,0,5,ASSUMPTION,EVD-0007;EVD-0008,Проектная декомпозиция ChefTechnologyAgent; суммы contribution нормированы к draft-выходу EVD-0005; проверить взвешиванием,2026-08-03,Chef,GAP-004;GAP-005,Не является утверждённой нормой; gross/net/output зафиксировать в контрольной серии
RCP-0192,VKM-022,VKC-022,VKT-022,0.1.0-DRAFT,ING-027,Масло сливочное,RAW_OR_FLATTENED_COMPONENT,Соус,VSF-024,10,г,10,г,10,г,0,0,ASSUMPTION,EVD-0007;EVD-0008,Проектная декомпозиция ChefTechnologyAgent; суммы contribution нормированы к draft-выходу EVD-0005; проверить взвешиванием,2026-08-03,Chef,GAP-004;GAP-005,Не является утверждённой нормой; gross/net/output зафиксировать в контрольной серии
RCP-0193,VKM-022,VKC-022,VKT-022,0.1.0-DRAFT,ING-024,Масло растительное,RAW_OR_FLATTENED_COMPONENT,Обработка,,5,г,5,г,5,г,0,0,ASSUMPTION,EVD-0007;EVD-0008,Проектная декомпозиция ChefTechnologyAgent; суммы contribution нормированы к draft-выходу EVD-0005; проверить взвешиванием,2026-08-03,Chef,GAP-004;GAP-005,Не является утверждённой нормой; gross/net/output зафиксировать в контрольной серии
RCP-0194,VKM-022,VKC-022,VKT-022,0.1.0-DRAFT,ING-007,Чеснок,RAW_OR_FLATTENED_COMPONENT,Ароматика,,5.5,г,5,г,5,г,0.5,0,ASSUMPTION,EVD-0007;EVD-0008,Проектная декомпозиция ChefTechnologyAgent; суммы contribution нормированы к draft-выходу EVD-0005; проверить взвешиванием,2026-08-03,Chef,GAP-004;GAP-005,Не является утверждённой нормой; gross/net/output зафиксировать в контрольной серии
RCP-0195,VKM-022,VKC-022,VKT-022,0.1.0-DRAFT,ING-063,Пряные травы,RAW_OR_FLATTENED_COMPONENT,Ароматика,,5,г,5,г,5,г,0,0,ASSUMPTION,EVD-0007;EVD-0008,Проектная декомпозиция ChefTechnologyAgent; суммы contribution нормированы к draft-выходу EVD-0005; проверить взвешиванием,2026-08-03,Chef,GAP-004;GAP-005,Не является утверждённой нормой; gross/net/output зафиксировать в контрольной серии
RCP-0196,VKM-022,VKC-022,VKT-022,0.1.0-DRAFT,ING-059,Зелень,RAW_OR_FLATTENED_COMPONENT,Финиш,,6,г,5,г,5,г,1,0,ASSUMPTION,EVD-0007;EVD-0008,Проектная декомпозиция ChefTechnologyAgent; суммы contribution нормированы к draft-выходу EVD-0005; проверить взвешиванием,2026-08-03,Chef,GAP-004;GAP-005,Не является утверждённой нормой; gross/net/output зафиксировать в контрольной серии
RCP-0197,VKM-022,VKC-022,VKT-022,0.1.0-DRAFT,ING-099,Маринад нейтральный проектный,RAW_OR_FLATTENED_COMPONENT,Маринад,,18,г,18,г,18,г,0,0,ASSUMPTION,EVD-0007;EVD-0008,Проектная декомпозиция ChefTechnologyAgent; суммы contribution нормированы к draft-выходу EVD-0005; проверить взвешиванием,2026-08-03,Chef,GAP-004;GAP-005,Не является утверждённой нормой; gross/net/output зафиксировать в контрольной серии
RCP-0198,VKM-022,VKC-022,VKT-022,0.1.0-DRAFT,ING-033,Соль и специи,RAW_OR_FLATTENED_COMPONENT,Корректировка вкуса,,2,г,2,г,2,г,0,0,ASSUMPTION,EVD-0007;EVD-0008,Проектная декомпозиция ChefTechnologyAgent; суммы contribution нормированы к draft-выходу EVD-0005; проверить взвешиванием,2026-08-03,Chef,GAP-004;GAP-005,Не является утверждённой нормой; gross/net/output зафиксировать в контрольной серии
RCP-0199,VKM-023,VKC-023,VKT-023,0.1.0-DRAFT,ING-072,Картофель,RAW_OR_FLATTENED_COMPONENT,Основная рецептура,VSF-011,170,г,150,г,135,г,20,15,ASSUMPTION,EVD-0007;EVD-0008,Проектная декомпозиция ChefTechnologyAgent; суммы contribution нормированы к draft-выходу EVD-0005; проверить взвешиванием,2026-08-03,Chef,GAP-004;GAP-005,Не является утверждённой нормой; gross/net/output зафиксировать в контрольной серии
RCP-0200,VKM-023,VKC-023,VKT-023,0.1.0-DRAFT,ING-024,Масло растительное,RAW_OR_FLATTENED_COMPONENT,Основная рецептура,VSF-011,10,г,10,г,10,г,0,0,ASSUMPTION,EVD-0007;EVD-0008,Проектная декомпозиция ChefTechnologyAgent; суммы contribution нормированы к draft-выходу EVD-0005; проверить взвешиванием,2026-08-03,Chef,GAP-004;GAP-005,Не является утверждённой нормой; gross/net/output зафиксировать в контрольной серии
RCP-0201,VKM-023,VKC-023,VKT-023,0.1.0-DRAFT,ING-063,Пряные травы,RAW_OR_FLATTENED_COMPONENT,Основная рецептура,VSF-011,3,г,3,г,3,г,0,0,ASSUMPTION,EVD-0007;EVD-0008,Проектная декомпозиция ChefTechnologyAgent; суммы contribution нормированы к draft-выходу EVD-0005; проверить взвешиванием,2026-08-03,Chef,GAP-004;GAP-005,Не является утверждённой нормой; gross/net/output зафиксировать в контрольной серии
RCP-0202,VKM-023,VKC-023,VKT-023,0.1.0-DRAFT,ING-033,Соль и специи,RAW_OR_FLATTENED_COMPONENT,Основная рецептура,VSF-011,2,г,2,г,2,г,0,0,ASSUMPTION,EVD-0007;EVD-0008,Проектная декомпозиция ChefTechnologyAgent; суммы contribution нормированы к draft-выходу EVD-0005; проверить взвешиванием,2026-08-03,Chef,GAP-004;GAP-005,Не является утверждённой нормой; gross/net/output зафиксировать в контрольной серии
RCP-0203,VKM-024,VKC-024,VKT-024,0.1.0-DRAFT,ING-100,Рис жасмин сухой,RAW_OR_FLATTENED_COMPONENT,Варка,VSF-025,55,г,55,г,50,г,0,5,ASSUMPTION,EVD-0007;EVD-0008,Проектная декомпозиция ChefTechnologyAgent; суммы contribution нормированы к draft-выходу EVD-0005; проверить взвешиванием,2026-08-03,Chef,GAP-004;GAP-005,Не является утверждённой нормой; gross/net/output зафиксировать в контрольной серии
RCP-0204,VKM-024,VKC-024,VKT-024,0.1.0-DRAFT,ING-101,"Вода питьевая, удержанная в продукте",RAW_OR_FLATTENED_COMPONENT,Варка,VSF-025,120,г,120,г,88,г,0,32,ASSUMPTION,EVD-0007;EVD-0008,Проектная декомпозиция ChefTechnologyAgent; суммы contribution нормированы к draft-выходу EVD-0005; проверить взвешиванием,2026-08-03,Chef,GAP-004;GAP-005,Не является утверждённой нормой; gross/net/output зафиксировать в контрольной серии
RCP-0205,VKM-024,VKC-024,VKT-024,0.1.0-DRAFT,ING-024,Масло растительное,RAW_OR_FLATTENED_COMPONENT,Финиш,,5,г,5,г,5,г,0,0,ASSUMPTION,EVD-0007;EVD-0008,Проектная декомпозиция ChefTechnologyAgent; суммы contribution нормированы к draft-выходу EVD-0005; проверить взвешиванием,2026-08-03,Chef,GAP-004;GAP-005,Не является утверждённой нормой; gross/net/output зафиксировать в контрольной серии
RCP-0206,VKM-024,VKC-024,VKT-024,0.1.0-DRAFT,ING-027,Масло сливочное,RAW_OR_FLATTENED_COMPONENT,Финиш,,5,г,5,г,5,г,0,0,ASSUMPTION,EVD-0007;EVD-0008,Проектная декомпозиция ChefTechnologyAgent; суммы contribution нормированы к draft-выходу EVD-0005; проверить взвешиванием,2026-08-03,Chef,GAP-004;GAP-005,Не является утверждённой нормой; gross/net/output зафиксировать в контрольной серии
RCP-0207,VKM-024,VKC-024,VKT-024,0.1.0-DRAFT,ING-004,Соль пищевая,RAW_OR_FLATTENED_COMPONENT,Варка,,2,г,2,г,2,г,0,0,ASSUMPTION,EVD-0007;EVD-0008,Проектная декомпозиция ChefTechnologyAgent; суммы contribution нормированы к draft-выходу EVD-0005; проверить взвешиванием,2026-08-03,Chef,GAP-004;GAP-005,Не является утверждённой нормой; gross/net/output зафиксировать в контрольной серии
RCP-0208,VKM-025,VKC-025,VKT-025,0.1.0-DRAFT,ING-084,Цукини,RAW_OR_FLATTENED_COMPONENT,Овощная подготовка,VSF-026,48,г,43,г,40,г,5,3,ASSUMPTION,EVD-0007;EVD-0008,Проектная декомпозиция ChefTechnologyAgent; суммы contribution нормированы к draft-выходу EVD-0005; проверить взвешиванием,2026-08-03,Chef,GAP-004;GAP-005,Не является утверждённой нормой; gross/net/output зафиксировать в контрольной серии
RCP-0209,VKM-025,VKC-025,VKT-025,0.1.0-DRAFT,ING-043,Перец сладкий,RAW_OR_FLATTENED_COMPONENT,Овощная подготовка,VSF-026,42,г,38,г,35,г,4,3,ASSUMPTION,EVD-0007;EVD-0008,Проектная декомпозиция ChefTechnologyAgent; суммы contribution нормированы к draft-выходу EVD-0005; проверить взвешиванием,2026-08-03,Chef,GAP-004;GAP-005,Не является утверждённой нормой; gross/net/output зафиксировать в контрольной серии
RCP-0210,VKM-025,VKC-025,VKT-025,0.1.0-DRAFT,ING-102,Баклажан,RAW_OR_FLATTENED_COMPONENT,Овощная подготовка,VSF-026,36,г,33,г,30,г,3,3,ASSUMPTION,EVD-0007;EVD-0008,Проектная декомпозиция ChefTechnologyAgent; суммы contribution нормированы к draft-выходу EVD-0005; проверить взвешиванием,2026-08-03,Chef,GAP-004;GAP-005,Не является утверждённой нормой; gross/net/output зафиксировать в контрольной серии
RCP-0211,VKM-025,VKC-025,VKT-025,0.1.0-DRAFT,ING-103,Брокколи,RAW_OR_FLATTENED_COMPONENT,Овощная подготовка,VSF-026,31,г,28,г,25,г,3,3,ASSUMPTION,EVD-0007;EVD-0008,Проектная декомпозиция ChefTechnologyAgent; суммы contribution нормированы к draft-выходу EVD-0005; проверить взвешиванием,2026-08-03,Chef,GAP-004;GAP-005,Не является утверждённой нормой; gross/net/output зафиксировать в контрольной серии
RCP-0212,VKM-025,VKC-025,VKT-025,0.1.0-DRAFT,ING-024,Масло растительное,RAW_OR_FLATTENED_COMPONENT,Обработка,,15,г,15,г,15,г,0,0,ASSUMPTION,EVD-0007;EVD-0008,Проектная декомпозиция ChefTechnologyAgent; суммы contribution нормированы к draft-выходу EVD-0005; проверить взвешиванием,2026-08-03,Chef,GAP-004;GAP-005,Не является утверждённой нормой; gross/net/output зафиксировать в контрольной серии
RCP-0213,VKM-025,VKC-025,VKT-025,0.1.0-DRAFT,ING-063,Пряные травы,RAW_OR_FLATTENED_COMPONENT,Финиш,,3,г,3,г,3,г,0,0,ASSUMPTION,EVD-0007;EVD-0008,Проектная декомпозиция ChefTechnologyAgent; суммы contribution нормированы к draft-выходу EVD-0005; проверить взвешиванием,2026-08-03,Chef,GAP-004;GAP-005,Не является утверждённой нормой; gross/net/output зафиксировать в контрольной серии
RCP-0214,VKM-025,VKC-025,VKT-025,0.1.0-DRAFT,ING-033,Соль и специи,RAW_OR_FLATTENED_COMPONENT,Финиш,,2,г,2,г,2,г,0,0,ASSUMPTION,EVD-0007;EVD-0008,Проектная декомпозиция ChefTechnologyAgent; суммы contribution нормированы к draft-выходу EVD-0005; проверить взвешиванием,2026-08-03,Chef,GAP-004;GAP-005,Не является утверждённой нормой; gross/net/output зафиксировать в контрольной серии
RCP-0215,VKM-029,VKC-029,VKT-029,0.1.0-DRAFT,ING-104,Мука пшеничная кондитерская,RAW_OR_FLATTENED_COMPONENT,Бисквит,VSF-027,190,г,190,г,180,г,0,10,ASSUMPTION,EVD-0007;EVD-0008,Проектная декомпозиция ChefTechnologyAgent; суммы contribution нормированы к draft-выходу EVD-0005; проверить взвешиванием,2026-08-03,Chef,GAP-004;GAP-005,Не является утверждённой нормой; gross/net/output зафиксировать в контрольной серии
RCP-0216,VKM-029,VKC-029,VKT-029,0.1.0-DRAFT,ING-026,Яйцо или меланж,RAW_OR_FLATTENED_COMPONENT,Бисквит,VSF-027,185,г,185,г,180,г,0,5,ASSUMPTION,EVD-0007;EVD-0008,Проектная декомпозиция ChefTechnologyAgent; суммы contribution нормированы к draft-выходу EVD-0005; проверить взвешиванием,2026-08-03,Chef,GAP-004;GAP-005,Не является утверждённой нормой; gross/net/output зафиксировать в контрольной серии
RCP-0217,VKM-029,VKC-029,VKT-029,0.1.0-DRAFT,ING-028,Сахар,RAW_OR_FLATTENED_COMPONENT,Бисквит,VSF-027,150,г,150,г,150,г,0,0,ASSUMPTION,EVD-0007;EVD-0008,Проектная декомпозиция ChefTechnologyAgent; суммы contribution нормированы к draft-выходу EVD-0005; проверить взвешиванием,2026-08-03,Chef,GAP-004;GAP-005,Не является утверждённой нормой; gross/net/output зафиксировать в контрольной серии
RCP-0218,VKM-029,VKC-029,VKT-029,0.1.0-DRAFT,ING-027,Масло сливочное,RAW_OR_FLATTENED_COMPONENT,Бисквит,VSF-027,70,г,70,г,70,г,0,0,ASSUMPTION,EVD-0007;EVD-0008,Проектная декомпозиция ChefTechnologyAgent; суммы contribution нормированы к draft-выходу EVD-0005; проверить взвешиванием,2026-08-03,Chef,GAP-004;GAP-005,Не является утверждённой нормой; gross/net/output зафиксировать в контрольной серии
RCP-0219,VKM-029,VKC-029,VKT-029,0.1.0-DRAFT,ING-025,Молоко,RAW_OR_FLATTENED_COMPONENT,Бисквит,VSF-027,20,г,20,г,20,г,0,0,ASSUMPTION,EVD-0007;EVD-0008,Проектная декомпозиция ChefTechnologyAgent; суммы contribution нормированы к draft-выходу EVD-0005; проверить взвешиванием,2026-08-03,Chef,GAP-004;GAP-005,Не является утверждённой нормой; gross/net/output зафиксировать в контрольной серии
RCP-0220,VKM-029,VKC-029,VKT-029,0.1.0-DRAFT,ING-105,Разрыхлитель,RAW_OR_FLATTENED_COMPONENT,Бисквит,VSF-027,5,г,5,г,5,г,0,0,ASSUMPTION,EVD-0007;EVD-0008,Проектная декомпозиция ChefTechnologyAgent; суммы contribution нормированы к draft-выходу EVD-0005; проверить взвешиванием,2026-08-03,Chef,GAP-004;GAP-005,Не является утверждённой нормой; gross/net/output зафиксировать в контрольной серии
RCP-0221,VKM-029,VKC-029,VKT-029,0.1.0-DRAFT,ING-106,Соль,RAW_OR_FLATTENED_COMPONENT,Бисквит,VSF-027,2,г,2,г,2,г,0,0,ASSUMPTION,EVD-0007;EVD-0008,Проектная декомпозиция ChefTechnologyAgent; суммы contribution нормированы к draft-выходу EVD-0005; проверить взвешиванием,2026-08-03,Chef,GAP-004;GAP-005,Не является утверждённой нормой; gross/net/output зафиксировать в контрольной серии
RCP-0222,VKM-029,VKC-029,VKT-029,0.1.0-DRAFT,ING-107,Черника,RAW_OR_FLATTENED_COMPONENT,Крем,VSF-028,330,г,315,г,300,г,15,15,ASSUMPTION,EVD-0007;EVD-0008,Проектная декомпозиция ChefTechnologyAgent; суммы contribution нормированы к draft-выходу EVD-0005; проверить взвешиванием,2026-08-03,Chef,GAP-004;GAP-005,Не является утверждённой нормой; gross/net/output зафиксировать в контрольной серии
RCP-0223,VKM-029,VKC-029,VKT-029,0.1.0-DRAFT,ING-108,Сыр сливочный,RAW_OR_FLATTENED_COMPONENT,Крем,VSF-028,250,г,250,г,250,г,0,0,ASSUMPTION,EVD-0007;EVD-0008,Проектная декомпозиция ChefTechnologyAgent; суммы contribution нормированы к draft-выходу EVD-0005; проверить взвешиванием,2026-08-03,Chef,GAP-004;GAP-005,Не является утверждённой нормой; gross/net/output зафиксировать в контрольной серии
RCP-0224,VKM-029,VKC-029,VKT-029,0.1.0-DRAFT,ING-077,Сливки,RAW_OR_FLATTENED_COMPONENT,Крем,VSF-028,120,г,120,г,120,г,0,0,ASSUMPTION,EVD-0007;EVD-0008,Проектная декомпозиция ChefTechnologyAgent; суммы contribution нормированы к draft-выходу EVD-0005; проверить взвешиванием,2026-08-03,Chef,GAP-004;GAP-005,Не является утверждённой нормой; gross/net/output зафиксировать в контрольной серии
RCP-0225,VKM-029,VKC-029,VKT-029,0.1.0-DRAFT,ING-109,Сахарная пудра,RAW_OR_FLATTENED_COMPONENT,Крем,VSF-028,30,г,30,г,30,г,0,0,ASSUMPTION,EVD-0007;EVD-0008,Проектная декомпозиция ChefTechnologyAgent; суммы contribution нормированы к draft-выходу EVD-0005; проверить взвешиванием,2026-08-03,Chef,GAP-004;GAP-005,Не является утверждённой нормой; gross/net/output зафиксировать в контрольной серии
RCP-0226,VKM-029,VKC-029,VKT-029,0.1.0-DRAFT,ING-107,Черника,RAW_OR_FLATTENED_COMPONENT,Компоте,VSF-029,200,г,190,г,180,г,10,10,ASSUMPTION,EVD-0007;EVD-0008,Проектная декомпозиция ChefTechnologyAgent; суммы contribution нормированы к draft-выходу EVD-0005; проверить взвешиванием,2026-08-03,Chef,GAP-004;GAP-005,Не является утверждённой нормой; gross/net/output зафиксировать в контрольной серии
RCP-0227,VKM-029,VKC-029,VKT-029,0.1.0-DRAFT,ING-028,Сахар,RAW_OR_FLATTENED_COMPONENT,Компоте,VSF-029,70,г,70,г,70,г,0,0,ASSUMPTION,EVD-0007;EVD-0008,Проектная декомпозиция ChefTechnologyAgent; суммы contribution нормированы к draft-выходу EVD-0005; проверить взвешиванием,2026-08-03,Chef,GAP-004;GAP-005,Не является утверждённой нормой; gross/net/output зафиксировать в контрольной серии
RCP-0228,VKM-029,VKC-029,VKT-029,0.1.0-DRAFT,ING-110,Пектин или крахмал,RAW_OR_FLATTENED_COMPONENT,Компоте,VSF-029,20,г,20,г,20,г,0,0,ASSUMPTION,EVD-0007;EVD-0008,Проектная декомпозиция ChefTechnologyAgent; суммы contribution нормированы к draft-выходу EVD-0005; проверить взвешиванием,2026-08-03,Chef,GAP-004;GAP-005,Не является утверждённой нормой; gross/net/output зафиксировать в контрольной серии
RCP-0229,VKM-029,VKC-029,VKT-029,0.1.0-DRAFT,ING-002,Вода питьевая,RAW_OR_FLATTENED_COMPONENT,Компоте,VSF-029,40,г,40,г,30,г,0,10,ASSUMPTION,EVD-0007;EVD-0008,Проектная декомпозиция ChefTechnologyAgent; суммы contribution нормированы к draft-выходу EVD-0005; проверить взвешиванием,2026-08-03,Chef,GAP-004;GAP-005,Не является утверждённой нормой; gross/net/output зафиксировать в контрольной серии
RCP-0230,VKM-029,VKC-029,VKT-029,0.1.0-DRAFT,ING-111,Глазурь проектная,RAW_OR_FLATTENED_COMPONENT,Глазурь,VSF-030,150,г,150,г,150,г,0,0,ASSUMPTION,EVD-0007;EVD-0008,Проектная декомпозиция ChefTechnologyAgent; суммы contribution нормированы к draft-выходу EVD-0005; проверить взвешиванием,2026-08-03,Chef,GAP-004;GAP-005,Не является утверждённой нормой; gross/net/output зафиксировать в контрольной серии
RCP-0231,VKM-029,VKC-029,VKT-029,0.1.0-DRAFT,ING-112,Декор съедобный,RAW_OR_FLATTENED_COMPONENT,Декор,,45,г,43,г,43,г,2,0,ASSUMPTION,EVD-0007;EVD-0008,Проектная декомпозиция ChefTechnologyAgent; суммы contribution нормированы к draft-выходу EVD-0005; проверить взвешиванием,2026-08-03,Chef,GAP-004;GAP-005,Не является утверждённой нормой; gross/net/output зафиксировать в контрольной серии
RCP-0232,VKM-030,VKC-030,VKT-030,0.1.0-DRAFT,ING-104,Мука пшеничная кондитерская,RAW_OR_FLATTENED_COMPONENT,Песочное тесто,VSF-031,310,г,310,г,300,г,0,10,ASSUMPTION,EVD-0007;EVD-0008,Проектная декомпозиция ChefTechnologyAgent; суммы contribution нормированы к draft-выходу EVD-0005; проверить взвешиванием,2026-08-03,Chef,GAP-004;GAP-005,Не является утверждённой нормой; gross/net/output зафиксировать в контрольной серии
RCP-0233,VKM-030,VKC-030,VKT-030,0.1.0-DRAFT,ING-027,Масло сливочное,RAW_OR_FLATTENED_COMPONENT,Песочное тесто,VSF-031,180,г,180,г,180,г,0,0,ASSUMPTION,EVD-0007;EVD-0008,Проектная декомпозиция ChefTechnologyAgent; суммы contribution нормированы к draft-выходу EVD-0005; проверить взвешиванием,2026-08-03,Chef,GAP-004;GAP-005,Не является утверждённой нормой; gross/net/output зафиксировать в контрольной серии
RCP-0234,VKM-030,VKC-030,VKT-030,0.1.0-DRAFT,ING-109,Сахарная пудра,RAW_OR_FLATTENED_COMPONENT,Песочное тесто,VSF-031,70,г,70,г,70,г,0,0,ASSUMPTION,EVD-0007;EVD-0008,Проектная декомпозиция ChefTechnologyAgent; суммы contribution нормированы к draft-выходу EVD-0005; проверить взвешиванием,2026-08-03,Chef,GAP-004;GAP-005,Не является утверждённой нормой; gross/net/output зафиксировать в контрольной серии
RCP-0235,VKM-030,VKC-030,VKT-030,0.1.0-DRAFT,ING-026,Яйцо или меланж,RAW_OR_FLATTENED_COMPONENT,Песочное тесто,VSF-031,45,г,45,г,45,г,0,0,ASSUMPTION,EVD-0007;EVD-0008,Проектная декомпозиция ChefTechnologyAgent; суммы contribution нормированы к draft-выходу EVD-0005; проверить взвешиванием,2026-08-03,Chef,GAP-004;GAP-005,Не является утверждённой нормой; gross/net/output зафиксировать в контрольной серии
RCP-0236,VKM-030,VKC-030,VKT-030,0.1.0-DRAFT,ING-106,Соль,RAW_OR_FLATTENED_COMPONENT,Песочное тесто,VSF-031,5,г,5,г,5,г,0,0,ASSUMPTION,EVD-0007;EVD-0008,Проектная декомпозиция ChefTechnologyAgent; суммы contribution нормированы к draft-выходу EVD-0005; проверить взвешиванием,2026-08-03,Chef,GAP-004;GAP-005,Не является утверждённой нормой; gross/net/output зафиксировать в контрольной серии
RCP-0237,VKM-030,VKC-030,VKT-030,0.1.0-DRAFT,ING-028,Сахар,RAW_OR_FLATTENED_COMPONENT,Солёная карамель,VSF-032,180,г,180,г,180,г,0,0,ASSUMPTION,EVD-0007;EVD-0008,Проектная декомпозиция ChefTechnologyAgent; суммы contribution нормированы к draft-выходу EVD-0005; проверить взвешиванием,2026-08-03,Chef,GAP-004;GAP-005,Не является утверждённой нормой; gross/net/output зафиксировать в контрольной серии
RCP-0238,VKM-030,VKC-030,VKT-030,0.1.0-DRAFT,ING-077,Сливки,RAW_OR_FLATTENED_COMPONENT,Солёная карамель,VSF-032,105,г,105,г,100,г,0,5,ASSUMPTION,EVD-0007;EVD-0008,Проектная декомпозиция ChefTechnologyAgent; суммы contribution нормированы к draft-выходу EVD-0005; проверить взвешиванием,2026-08-03,Chef,GAP-004;GAP-005,Не является утверждённой нормой; gross/net/output зафиксировать в контрольной серии
RCP-0239,VKM-030,VKC-030,VKT-030,0.1.0-DRAFT,ING-027,Масло сливочное,RAW_OR_FLATTENED_COMPONENT,Солёная карамель,VSF-032,60,г,60,г,60,г,0,0,ASSUMPTION,EVD-0007;EVD-0008,Проектная декомпозиция ChefTechnologyAgent; суммы contribution нормированы к draft-выходу EVD-0005; проверить взвешиванием,2026-08-03,Chef,GAP-004;GAP-005,Не является утверждённой нормой; gross/net/output зафиксировать в контрольной серии
RCP-0240,VKM-030,VKC-030,VKT-030,0.1.0-DRAFT,ING-106,Соль,RAW_OR_FLATTENED_COMPONENT,Солёная карамель,VSF-032,10,г,10,г,10,г,0,0,ASSUMPTION,EVD-0007;EVD-0008,Проектная декомпозиция ChefTechnologyAgent; суммы contribution нормированы к draft-выходу EVD-0005; проверить взвешиванием,2026-08-03,Chef,GAP-004;GAP-005,Не является утверждённой нормой; gross/net/output зафиксировать в контрольной серии
RCP-0241,VKM-030,VKC-030,VKT-030,0.1.0-DRAFT,ING-108,Сыр сливочный,RAW_OR_FLATTENED_COMPONENT,Крем,VSF-033,120,г,120,г,120,г,0,0,ASSUMPTION,EVD-0007;EVD-0008,Проектная декомпозиция ChefTechnologyAgent; суммы contribution нормированы к draft-выходу EVD-0005; проверить взвешиванием,2026-08-03,Chef,GAP-004;GAP-005,Не является утверждённой нормой; gross/net/output зафиксировать в контрольной серии
RCP-0242,VKM-030,VKC-030,VKT-030,0.1.0-DRAFT,ING-077,Сливки,RAW_OR_FLATTENED_COMPONENT,Крем,VSF-033,60,г,60,г,60,г,0,0,ASSUMPTION,EVD-0007;EVD-0008,Проектная декомпозиция ChefTechnologyAgent; суммы contribution нормированы к draft-выходу EVD-0005; проверить взвешиванием,2026-08-03,Chef,GAP-004;GAP-005,Не является утверждённой нормой; gross/net/output зафиксировать в контрольной серии
RCP-0243,VKM-030,VKC-030,VKT-030,0.1.0-DRAFT,ING-109,Сахарная пудра,RAW_OR_FLATTENED_COMPONENT,Крем,VSF-033,20,г,20,г,20,г,0,0,ASSUMPTION,EVD-0007;EVD-0008,Проектная декомпозиция ChefTechnologyAgent; суммы contribution нормированы к draft-выходу EVD-0005; проверить взвешиванием,2026-08-03,Chef,GAP-004;GAP-005,Не является утверждённой нормой; gross/net/output зафиксировать в контрольной серии
RCP-0244,VKM-030,VKC-030,VKT-030,0.1.0-DRAFT,ING-112,Декор съедобный,RAW_OR_FLATTENED_COMPONENT,Декор,,52,г,50,г,50,г,2,0,ASSUMPTION,EVD-0007;EVD-0008,Проектная декомпозиция ChefTechnologyAgent; суммы contribution нормированы к draft-выходу EVD-0005; проверить взвешиванием,2026-08-03,Chef,GAP-004;GAP-005,Не является утверждённой нормой; gross/net/output зафиксировать в контрольной серии
RCP-0245,VKM-031,VKC-031,VKT-031,0.1.0-DRAFT,ING-104,Мука пшеничная кондитерская,RAW_OR_FLATTENED_COMPONENT,Тесто,VSF-034,145,г,145,г,140,г,0,5,ASSUMPTION,EVD-0007;EVD-0008,Проектная декомпозиция ChefTechnologyAgent; суммы contribution нормированы к draft-выходу EVD-0005; проверить взвешиванием,2026-08-03,Chef,GAP-004;GAP-005,Не является утверждённой нормой; gross/net/output зафиксировать в контрольной серии
RCP-0246,VKM-031,VKC-031,VKT-031,0.1.0-DRAFT,ING-026,Яйцо или меланж,RAW_OR_FLATTENED_COMPONENT,Тесто,VSF-034,145,г,145,г,140,г,0,5,ASSUMPTION,EVD-0007;EVD-0008,Проектная декомпозиция ChefTechnologyAgent; суммы contribution нормированы к draft-выходу EVD-0005; проверить взвешиванием,2026-08-03,Chef,GAP-004;GAP-005,Не является утверждённой нормой; gross/net/output зафиксировать в контрольной серии
RCP-0247,VKM-031,VKC-031,VKT-031,0.1.0-DRAFT,ING-028,Сахар,RAW_OR_FLATTENED_COMPONENT,Тесто,VSF-034,120,г,120,г,120,г,0,0,ASSUMPTION,EVD-0007;EVD-0008,Проектная декомпозиция ChefTechnologyAgent; суммы contribution нормированы к draft-выходу EVD-0005; проверить взвешиванием,2026-08-03,Chef,GAP-004;GAP-005,Не является утверждённой нормой; gross/net/output зафиксировать в контрольной серии
RCP-0248,VKM-031,VKC-031,VKT-031,0.1.0-DRAFT,ING-027,Масло сливочное,RAW_OR_FLATTENED_COMPONENT,Тесто,VSF-034,140,г,140,г,140,г,0,0,ASSUMPTION,EVD-0007;EVD-0008,Проектная декомпозиция ChefTechnologyAgent; суммы contribution нормированы к draft-выходу EVD-0005; проверить взвешиванием,2026-08-03,Chef,GAP-004;GAP-005,Не является утверждённой нормой; gross/net/output зафиксировать в контрольной серии
RCP-0249,VKM-031,VKC-031,VKT-031,0.1.0-DRAFT,ING-025,Молоко,RAW_OR_FLATTENED_COMPONENT,Тесто,VSF-034,30,г,30,г,30,г,0,0,ASSUMPTION,EVD-0007;EVD-0008,Проектная декомпозиция ChefTechnologyAgent; суммы contribution нормированы к draft-выходу EVD-0005; проверить взвешиванием,2026-08-03,Chef,GAP-004;GAP-005,Не является утверждённой нормой; gross/net/output зафиксировать в контрольной серии
RCP-0250,VKM-031,VKC-031,VKT-031,0.1.0-DRAFT,ING-040,Мёд,RAW_OR_FLATTENED_COMPONENT,Тесто,VSF-034,15,г,15,г,15,г,0,0,ASSUMPTION,EVD-0007;EVD-0008,Проектная декомпозиция ChefTechnologyAgent; суммы contribution нормированы к draft-выходу EVD-0005; проверить взвешиванием,2026-08-03,Chef,GAP-004;GAP-005,Не является утверждённой нормой; gross/net/output зафиксировать в контрольной серии
RCP-0251,VKM-031,VKC-031,VKT-031,0.1.0-DRAFT,ING-105,Разрыхлитель,RAW_OR_FLATTENED_COMPONENT,Тесто,VSF-034,5,г,5,г,5,г,0,0,ASSUMPTION,EVD-0007;EVD-0008,Проектная декомпозиция ChefTechnologyAgent; суммы contribution нормированы к draft-выходу EVD-0005; проверить взвешиванием,2026-08-03,Chef,GAP-004;GAP-005,Не является утверждённой нормой; gross/net/output зафиксировать в контрольной серии
RCP-0252,VKM-031,VKC-031,VKT-031,0.1.0-DRAFT,ING-113,Цедра лимона,RAW_OR_FLATTENED_COMPONENT,Тесто,VSF-034,7,г,5,г,5,г,2,0,ASSUMPTION,EVD-0007;EVD-0008,Проектная декомпозиция ChefTechnologyAgent; суммы contribution нормированы к draft-выходу EVD-0005; проверить взвешиванием,2026-08-03,Chef,GAP-004;GAP-005,Не является утверждённой нормой; gross/net/output зафиксировать в контрольной серии
RCP-0253,VKM-031,VKC-031,VKT-031,0.1.0-DRAFT,ING-106,Соль,RAW_OR_FLATTENED_COMPONENT,Тесто,VSF-034,5,г,5,г,5,г,0,0,ASSUMPTION,EVD-0007;EVD-0008,Проектная декомпозиция ChefTechnologyAgent; суммы contribution нормированы к draft-выходу EVD-0005; проверить взвешиванием,2026-08-03,Chef,GAP-004;GAP-005,Не является утверждённой нормой; gross/net/output зафиксировать в контрольной серии
RCP-BF-026-01,VKM-026,VKC-026,VKT-026,PR81-DRAFT,P-EGG-C0,Яйцо C0,RAW_OR_PURCHASED_COMPONENT,Breakfast complex,,2,шт.,126,г,114,г,,,DRAFT,,PR81 historical checkpoint; count and mass fields remain dimensionally distinct,2026-07-27,Chef,CHEF_DECISION;CONTROL_COOK;SUPPLIER_DOCS,Not approved
RCP-BF-026-02,VKM-026,VKC-026,VKT-026,PR81-DRAFT,P-BUTTER,Масло сливочное,RAW_OR_PURCHASED_COMPONENT,Breakfast complex,,5,г,5,г,5,г,,,DRAFT,,PR81 historical checkpoint; count and mass fields remain dimensionally distinct,2026-07-27,Chef,CHEF_DECISION;CONTROL_COOK;SUPPLIER_DOCS,Not approved
RCP-BF-026-03,VKM-026,VKC-026,VKT-026,PR81-DRAFT,P-SALT,Соль,RAW_OR_PURCHASED_COMPONENT,Breakfast complex,,1,г,1,г,1,г,,,DRAFT,,PR81 historical checkpoint; count and mass fields remain dimensionally distinct,2026-07-27,Chef,CHEF_DECISION;CONTROL_COOK;SUPPLIER_DOCS,Not approved
RCP-BF-026-04,VKM-026,VKC-026,VKT-026,PR81-DRAFT,P-CROISSANT-80,Круассан 80 г,RAW_OR_PURCHASED_COMPONENT,Breakfast complex,,1,шт.,80,г,65,г,,,DRAFT,,PR81 historical checkpoint; count and mass fields remain dimensionally distinct,2026-07-27,Chef,CHEF_DECISION;CONTROL_COOK;SUPPLIER_DOCS,Not approved
RCP-BF-026-05,VKM-026,VKC-026,VKT-026,PR81-DRAFT,P-CHEDDAR,Чеддер,RAW_OR_PURCHASED_COMPONENT,Breakfast complex,,20,г,20,г,20,г,,,DRAFT,,PR81 historical checkpoint; count and mass fields remain dimensionally distinct,2026-07-27,Chef,CHEF_DECISION;CONTROL_COOK;SUPPLIER_DOCS,Not approved
RCP-BF-026-06,VKM-026,VKC-026,VKT-026,PR81-DRAFT,P-FONTINA,Fontina DOP / Fontal,RAW_OR_PURCHASED_COMPONENT,Breakfast complex,,21,г,20,г,20,г,,,ASSUMPTION,,PR81 historical checkpoint; count and mass fields remain dimensionally distinct,2026-07-27,Chef,CHEF_DECISION;CONTROL_COOK;SUPPLIER_DOCS,Not approved
RCP-BF-026-07,VKM-026,VKC-026,VKT-026,PR81-DRAFT,P-DRINK,Напиток бариста 200 мл,RAW_OR_PURCHASED_COMPONENT,Breakfast complex,,1,шт.,1,г,,г,,,DRAFT,,PR81 historical checkpoint; count and mass fields remain dimensionally distinct,2026-07-27,Chef,CHEF_DECISION;CONTROL_COOK;SUPPLIER_DOCS,Not approved
RCP-BF-027-01,VKM-027,VKC-027,VKT-027,PR81-DRAFT,P-MELANGE-GROVO,Меланж,RAW_OR_PURCHASED_COMPONENT,Breakfast complex,,126,г,126,г,111,г,,,DRAFT,,PR81 historical checkpoint; count and mass fields remain dimensionally distinct,2026-07-27,Chef,CHEF_DECISION;CONTROL_COOK;SUPPLIER_DOCS,Not approved
RCP-BF-027-02,VKM-027,VKC-027,VKT-027,PR81-DRAFT,P-MILK-DS,Молоко,RAW_OR_PURCHASED_COMPONENT,Breakfast complex,,50,мл,50,мл,44,г,,,DRAFT,,PR81 historical checkpoint; count and mass fields remain dimensionally distinct,2026-07-27,Chef,CHEF_DECISION;CONTROL_COOK;SUPPLIER_DOCS,Not approved
RCP-BF-027-03,VKM-027,VKC-027,VKT-027,PR81-DRAFT,P-BUTTER,Масло сливочное,RAW_OR_PURCHASED_COMPONENT,Breakfast complex,,5,г,5,г,4,г,,,DRAFT,,PR81 historical checkpoint; count and mass fields remain dimensionally distinct,2026-07-27,Chef,CHEF_DECISION;CONTROL_COOK;SUPPLIER_DOCS,Not approved
RCP-BF-027-04,VKM-027,VKC-027,VKT-027,PR81-DRAFT,P-SALT,Соль,RAW_OR_PURCHASED_COMPONENT,Breakfast complex,,1,г,1,г,1,г,,,DRAFT,,PR81 historical checkpoint; count and mass fields remain dimensionally distinct,2026-07-27,Chef,CHEF_DECISION;CONTROL_COOK;SUPPLIER_DOCS,Not approved
RCP-BF-027-05,VKM-027,VKC-027,VKT-027,PR81-DRAFT,P-CROISSANT-80,Круассан 80 г,RAW_OR_PURCHASED_COMPONENT,Breakfast complex,,1,шт.,80,г,65,г,,,DRAFT,,PR81 historical checkpoint; count and mass fields remain dimensionally distinct,2026-07-27,Chef,CHEF_DECISION;CONTROL_COOK;SUPPLIER_DOCS,Not approved
RCP-BF-027-06,VKM-027,VKC-027,VKT-027,PR81-DRAFT,P-CHEDDAR,Чеддер,RAW_OR_PURCHASED_COMPONENT,Breakfast complex,,20,г,20,г,20,г,,,DRAFT,,PR81 historical checkpoint; count and mass fields remain dimensionally distinct,2026-07-27,Chef,CHEF_DECISION;CONTROL_COOK;SUPPLIER_DOCS,Not approved
RCP-BF-027-07,VKM-027,VKC-027,VKT-027,PR81-DRAFT,P-FONTINA,Fontina DOP / Fontal,RAW_OR_PURCHASED_COMPONENT,Breakfast complex,,21,г,20,г,20,г,,,ASSUMPTION,,PR81 historical checkpoint; count and mass fields remain dimensionally distinct,2026-07-27,Chef,CHEF_DECISION;CONTROL_COOK;SUPPLIER_DOCS,Not approved
RCP-BF-027-08,VKM-027,VKC-027,VKT-027,PR81-DRAFT,P-DRINK,Напиток бариста 200 мл,RAW_OR_PURCHASED_COMPONENT,Breakfast complex,,1,шт.,1,г,,г,,,DRAFT,,PR81 historical checkpoint; count and mass fields remain dimensionally distinct,2026-07-27,Chef,CHEF_DECISION;CONTROL_COOK;SUPPLIER_DOCS,Not approved
RCP-BF-028-01,VKM-028,VKC-028,VKT-028,PR81-DRAFT,P-OATS,Овсяные хлопья,RAW_OR_PURCHASED_COMPONENT,Breakfast complex,,45,г,45,г,45,г,,,DRAFT,,PR81 historical checkpoint; count and mass fields remain dimensionally distinct,2026-07-27,Chef,CHEF_DECISION;CONTROL_COOK;SUPPLIER_DOCS,Not approved
RCP-BF-028-02,VKM-028,VKC-028,VKT-028,PR81-DRAFT,P-MILK-DS,Молоко,RAW_OR_PURCHASED_COMPONENT,Breakfast complex,,125,мл,125,мл,108,г,,,DRAFT,,PR81 historical checkpoint; count and mass fields remain dimensionally distinct,2026-07-27,Chef,CHEF_DECISION;CONTROL_COOK;SUPPLIER_DOCS,Not approved
RCP-BF-028-03,VKM-028,VKC-028,VKT-028,PR81-DRAFT,WATER,Вода,RAW_OR_PURCHASED_COMPONENT,Breakfast complex,,100,г,100,г,86,г,,,DRAFT,,PR81 historical checkpoint; count and mass fields remain dimensionally distinct,2026-07-27,Chef,CHEF_DECISION;CONTROL_COOK;SUPPLIER_DOCS,Not approved
RCP-BF-028-04,VKM-028,VKC-028,VKT-028,PR81-DRAFT,P-SUGAR,Сахар,RAW_OR_PURCHASED_COMPONENT,Breakfast complex,,5,г,5,г,5,г,,,DRAFT,,PR81 historical checkpoint; count and mass fields remain dimensionally distinct,2026-07-27,Chef,CHEF_DECISION;CONTROL_COOK;SUPPLIER_DOCS,Not approved
RCP-BF-028-05,VKM-028,VKC-028,VKT-028,PR81-DRAFT,P-BUTTER,Масло сливочное,RAW_OR_PURCHASED_COMPONENT,Breakfast complex,,5,г,5,г,5,г,,,DRAFT,,PR81 historical checkpoint; count and mass fields remain dimensionally distinct,2026-07-27,Chef,CHEF_DECISION;CONTROL_COOK;SUPPLIER_DOCS,Not approved
RCP-BF-028-06,VKM-028,VKC-028,VKT-028,PR81-DRAFT,P-SALT,Соль,RAW_OR_PURCHASED_COMPONENT,Breakfast complex,,1,г,1,г,1,г,,,DRAFT,,PR81 historical checkpoint; count and mass fields remain dimensionally distinct,2026-07-27,Chef,CHEF_DECISION;CONTROL_COOK;SUPPLIER_DOCS,Not approved
RCP-BF-028-07,VKM-028,VKC-028,VKT-028,PR81-DRAFT,P-CROISSANT-80,Круассан 80 г,RAW_OR_PURCHASED_COMPONENT,Breakfast complex,,1,шт.,80,г,65,г,,,DRAFT,,PR81 historical checkpoint; count and mass fields remain dimensionally distinct,2026-07-27,Chef,CHEF_DECISION;CONTROL_COOK;SUPPLIER_DOCS,Not approved
RCP-BF-028-08,VKM-028,VKC-028,VKT-028,PR81-DRAFT,P-CHEDDAR,Чеддер,RAW_OR_PURCHASED_COMPONENT,Breakfast complex,,20,г,20,г,20,г,,,DRAFT,,PR81 historical checkpoint; count and mass fields remain dimensionally distinct,2026-07-27,Chef,CHEF_DECISION;CONTROL_COOK;SUPPLIER_DOCS,Not approved
RCP-BF-028-09,VKM-028,VKC-028,VKT-028,PR81-DRAFT,P-FONTINA,Fontina DOP / Fontal,RAW_OR_PURCHASED_COMPONENT,Breakfast complex,,21,г,20,г,20,г,,,ASSUMPTION,,PR81 historical checkpoint; count and mass fields remain dimensionally distinct,2026-07-27,Chef,CHEF_DECISION;CONTROL_COOK;SUPPLIER_DOCS,Not approved
RCP-BF-028-10,VKM-028,VKC-028,VKT-028,PR81-DRAFT,P-DRINK,Напиток бариста 200 мл,RAW_OR_PURCHASED_COMPONENT,Breakfast complex,,1,шт.,1,г,,г,,,DRAFT,,PR81 historical checkpoint; count and mass fields remain dimensionally distinct,2026-07-27,Chef,CHEF_DECISION;CONTROL_COOK;SUPPLIER_DOCS,Not approved
